{
"type": "FeatureCollection",
"name": "assembly_districts_nyc",
"crs": { "type": "name", "properties": { "name": "urn:ogc:def:crs:EPSG::4269" } },
"features": [
{ "type": "Feature", "properties": { "STATEFP": "36", "SLDLST": "080", "GEOID": "36080", "GEOIDFQ": "620L800US36080", "NAMELSAD": "Assembly District 80", "LSAD": "L3", "LSY": "2022", "MTFCC": "G5220", "FUNCSTAT": "N", "ALAND": 9242936, "AWATER": 0, "INTPTLAT": "+40.8612730", "INTPTLON": "-073.8611007", "ad_num": 80, "AssemDist": 80 }, "geometry": { "type": "Polygon", "coordinates": [ [ [ -73.889181, 40.878242 ], [ -73.889114, 40.87842 ], [ -73.887196, 40.880064 ], [ -73.885936, 40.880481 ], [ -73.887011, 40.882472 ], [ -73.886513, 40.882513 ], [ -73.886646, 40.882768 ], [ -73.88703, 40.883889 ], [ -73.887047, 40.884358 ], [ -73.886863, 40.884347 ], [ -73.886751, 40.884317 ], [ -73.886569, 40.884242 ], [ -73.886459, 40.884193 ], [ -73.886125, 40.884047 ], [ -73.885165, 40.883632 ], [ -73.884552, 40.883325 ], [ -73.884379, 40.883248 ], [ -73.884107, 40.883177 ], [ -73.883864, 40.883151 ], [ -73.883508, 40.883183 ], [ -73.88319, 40.883285 ], [ -73.882922, 40.883383 ], [ -73.882673, 40.883383 ], [ -73.882478, 40.883327 ], [ -73.882087, 40.883133 ], [ -73.881244, 40.88271 ], [ -73.880456, 40.88222 ], [ -73.881372, 40.881363 ], [ -73.881458, 40.881084 ], [ -73.881756, 40.880122 ], [ -73.880851, 40.879949 ], [ -73.881442, 40.878187 ], [ -73.880525, 40.878011 ], [ -73.880692, 40.877542 ], [ -73.880732, 40.877116 ], [ -73.880649, 40.876483 ], [ -73.880283, 40.876699 ], [ -73.880018, 40.876811 ], [ -73.87973, 40.876865 ], [ -73.87956, 40.87573 ], [ -73.876491, 40.875499 ], [ -73.875592, 40.875254 ], [ -73.874448, 40.876787 ], [ -73.875268, 40.87714 ], [ -73.874734, 40.8779 ], [ -73.874387, 40.879055 ], [ -73.873483, 40.878855 ], [ -73.872545, 40.878746 ], [ -73.871918, 40.880237 ], [ -73.87092, 40.880258 ], [ -73.870241, 40.88023 ], [ -73.870944, 40.878511 ], [ -73.870412, 40.878375 ], [ -73.870148, 40.878314 ], [ -73.869984, 40.878269 ], [ -73.869754, 40.878207 ], [ -73.869628, 40.878176 ], [ -73.869435, 40.878129 ], [ -73.868485, 40.877903 ], [ -73.86805, 40.877799 ], [ -73.867654, 40.877703 ], [ -73.867375, 40.877634 ], [ -73.867061, 40.877558 ], [ -73.866874, 40.877513 ], [ -73.86692, 40.877458 ], [ -73.867017, 40.877322 ], [ -73.867098, 40.877171 ], [ -73.86701, 40.876133 ], [ -73.86702, 40.87592 ], [ -73.867054, 40.875219 ], [ -73.86813, 40.875305 ], [ -73.868208, 40.873235 ], [ -73.867096, 40.873213 ], [ -73.866297, 40.873212 ], [ -73.866169, 40.873335 ], [ -73.866111, 40.873392 ], [ -73.866025, 40.873448 ], [ -73.86594, 40.873485 ], [ -73.865831, 40.87351 ], [ -73.865726, 40.873518 ], [ -73.86561, 40.873507 ], [ -73.865513, 40.873481 ], [ -73.86542, 40.873439 ], [ -73.865345, 40.873387 ], [ -73.865294, 40.873335 ], [ -73.865207, 40.873218 ], [ -73.865109, 40.873121 ], [ -73.865011, 40.873044 ], [ -73.864919, 40.872985 ], [ -73.864811, 40.872928 ], [ -73.864676, 40.872874 ], [ -73.864526, 40.87283 ], [ -73.864371, 40.872802 ], [ -73.86431, 40.872795 ], [ -73.864206, 40.872743 ], [ -73.864103, 40.872673 ], [ -73.864008, 40.872583 ], [ -73.863945, 40.872497 ], [ -73.863897, 40.872406 ], [ -73.863866, 40.872298 ], [ -73.86362, 40.872265 ], [ -73.863182, 40.872175 ], [ -73.863332, 40.871375 ], [ -73.863387, 40.869641 ], [ -73.862447, 40.869622 ], [ -73.861876, 40.86961 ], [ -73.861795, 40.869609 ], [ -73.861433, 40.869603 ], [ -73.860422, 40.869585 ], [ -73.859484, 40.869567 ], [ -73.858541, 40.869551 ], [ -73.858571, 40.868571 ], [ -73.857616, 40.869383 ], [ -73.85745, 40.869533 ], [ -73.856663, 40.869517 ], [ -73.856721, 40.867697 ], [ -73.855707, 40.867678 ], [ -73.854697, 40.86766 ], [ -73.853756, 40.867642 ], [ -73.852818, 40.867625 ], [ -73.851883, 40.867606 ], [ -73.850944, 40.867591 ], [ -73.850003, 40.867575 ], [ -73.849032, 40.867554 ], [ -73.848974, 40.869372 ], [ -73.847994, 40.869354 ], [ -73.847441, 40.869343 ], [ -73.847035, 40.869845 ], [ -73.846408, 40.870555 ], [ -73.84609, 40.87039 ], [ -73.845782, 40.870227 ], [ -73.845173, 40.869915 ], [ -73.846143, 40.868795 ], [ -73.846174, 40.867503 ], [ -73.845234, 40.867484 ], [ -73.844292, 40.867466 ], [ -73.843213, 40.867445 ], [ -73.842836, 40.867489 ], [ -73.84298, 40.867117 ], [ -73.841633, 40.866797 ], [ -73.841601, 40.867783 ], [ -73.841224, 40.867858 ], [ -73.840644, 40.867554 ], [ -73.839743, 40.867088 ], [ -73.83922, 40.866821 ], [ -73.838752, 40.866572 ], [ -73.837844, 40.866099 ], [ -73.836971, 40.865643 ], [ -73.836431, 40.865356 ], [ -73.835907, 40.865077 ], [ -73.831602, 40.862628 ], [ -73.830917, 40.862225 ], [ -73.83053, 40.86197 ], [ -73.830109, 40.861298 ], [ -73.829543, 40.86029 ], [ -73.829609, 40.859889 ], [ -73.830172, 40.859634 ], [ -73.831034, 40.859343 ], [ -73.831906, 40.85907 ], [ -73.833233, 40.858626 ], [ -73.833487, 40.858529 ], [ -73.834377, 40.858191 ], [ -73.835334, 40.857832 ], [ -73.836289, 40.857477 ], [ -73.836819, 40.857277 ], [ -73.836928, 40.857193 ], [ -73.837794, 40.856904 ], [ -73.838186, 40.856474 ], [ -73.838669, 40.8564 ], [ -73.838826, 40.856345 ], [ -73.839072, 40.856261 ], [ -73.83975, 40.855974 ], [ -73.840459, 40.855635 ], [ -73.841399, 40.855015 ], [ -73.842054, 40.854437 ], [ -73.842487, 40.853976 ], [ -73.842929, 40.853419 ], [ -73.843189, 40.852973 ], [ -73.844362, 40.851119 ], [ -73.844451, 40.851244 ], [ -73.846704, 40.851241 ], [ -73.847224, 40.851145 ], [ -73.847298, 40.851087 ], [ -73.848214, 40.851091 ], [ -73.848613, 40.85108 ], [ -73.849689, 40.851059 ], [ -73.850499, 40.850696 ], [ -73.851368, 40.850304 ], [ -73.852242, 40.849911 ], [ -73.853046, 40.849547 ], [ -73.853853, 40.849184 ], [ -73.854663, 40.848821 ], [ -73.85521, 40.848573 ], [ -73.855405, 40.848486 ], [ -73.855468, 40.848458 ], [ -73.856279, 40.848093 ], [ -73.857086, 40.847729 ], [ -73.856064, 40.84642 ], [ -73.856871, 40.846054 ], [ -73.855436, 40.84422 ], [ -73.855298, 40.844009 ], [ -73.856186, 40.843771 ], [ -73.856863, 40.84353 ], [ -73.855741, 40.843143 ], [ -73.85521, 40.842975 ], [ -73.854299, 40.842671 ], [ -73.853335, 40.84247 ], [ -73.855195, 40.842258 ], [ -73.855465, 40.842227 ], [ -73.856184, 40.842146 ], [ -73.856916, 40.842062 ], [ -73.861762, 40.841513 ], [ -73.86358, 40.841278 ], [ -73.864465, 40.841088 ], [ -73.865045, 40.840954 ], [ -73.865465, 40.840857 ], [ -73.866361, 40.840592 ], [ -73.866965, 40.840423 ], [ -73.867248, 40.840344 ], [ -73.867406, 40.840305 ], [ -73.867822, 40.840166 ], [ -73.868308, 40.839995 ], [ -73.868723, 40.839806 ], [ -73.868847, 40.839753 ], [ -73.869208, 40.8396 ], [ -73.869326, 40.839574 ], [ -73.869724, 40.839748 ], [ -73.869874, 40.839888 ], [ -73.870571, 40.840542 ], [ -73.8713, 40.841215 ], [ -73.872253, 40.841601 ], [ -73.871534, 40.842514 ], [ -73.870995, 40.843112 ], [ -73.870301, 40.843549 ], [ -73.869595, 40.843981 ], [ -73.868892, 40.84441 ], [ -73.868127, 40.844787 ], [ -73.868019, 40.844841 ], [ -73.868283, 40.844967 ], [ -73.868637, 40.84531 ], [ -73.868742, 40.84561 ], [ -73.868695, 40.845749 ], [ -73.868662, 40.845902 ], [ -73.86865, 40.84605 ], [ -73.868653, 40.846182 ], [ -73.868677, 40.846346 ], [ -73.868721, 40.8465 ], [ -73.868787, 40.846656 ], [ -73.868867, 40.846797 ], [ -73.868927, 40.846882 ], [ -73.868355, 40.84708 ], [ -73.868006, 40.848302 ], [ -73.867855, 40.848889 ], [ -73.868374, 40.84897 ], [ -73.868926, 40.848151 ], [ -73.869554, 40.848072 ], [ -73.869572, 40.848241 ], [ -73.869561, 40.848462 ], [ -73.869535, 40.848687 ], [ -73.869497, 40.848836 ], [ -73.869451, 40.848979 ], [ -73.869389, 40.849148 ], [ -73.869328, 40.849274 ], [ -73.869209, 40.849239 ], [ -73.868235, 40.850913 ], [ -73.868609, 40.852088 ], [ -73.868722, 40.852424 ], [ -73.869167, 40.853686 ], [ -73.869377, 40.854266 ], [ -73.869815, 40.855484 ], [ -73.8699, 40.855712 ], [ -73.869929, 40.85586 ], [ -73.869889, 40.855971 ], [ -73.869327, 40.856647 ], [ -73.868859, 40.857225 ], [ -73.868383, 40.857812 ], [ -73.867835, 40.85852 ], [ -73.867595, 40.858989 ], [ -73.867337, 40.859555 ], [ -73.866798, 40.861338 ], [ -73.867486, 40.861346 ], [ -73.868496, 40.861363 ], [ -73.869436, 40.861382 ], [ -73.870579, 40.861405 ], [ -73.870462, 40.863272 ], [ -73.870419, 40.865363 ], [ -73.870743, 40.865372 ], [ -73.870853, 40.865372 ], [ -73.871016, 40.865427 ], [ -73.871371, 40.865627 ], [ -73.871698, 40.865918 ], [ -73.871965, 40.866148 ], [ -73.872153, 40.866212 ], [ -73.873651, 40.866722 ], [ -73.874324, 40.866863 ], [ -73.875089, 40.866194 ], [ -73.873927, 40.863067 ], [ -73.87662, 40.859851 ], [ -73.87664, 40.859598 ], [ -73.876757, 40.858162 ], [ -73.876766, 40.855514 ], [ -73.87712, 40.855465 ], [ -73.877403, 40.855487 ], [ -73.877789, 40.855565 ], [ -73.878687, 40.856014 ], [ -73.879066, 40.85624 ], [ -73.879994, 40.856781 ], [ -73.88081, 40.857187 ], [ -73.880882, 40.857509 ], [ -73.880938, 40.857683 ], [ -73.880976, 40.857843 ], [ -73.881002, 40.85803 ], [ -73.881008, 40.858244 ], [ -73.880993, 40.858431 ], [ -73.880964, 40.8586 ], [ -73.880953, 40.858648 ], [ -73.880758, 40.859494 ], [ -73.880731, 40.859676 ], [ -73.880515, 40.860346 ], [ -73.880514, 40.860612 ], [ -73.880543, 40.860746 ], [ -73.880656, 40.861006 ], [ -73.88074, 40.861126 ], [ -73.880897, 40.86129 ], [ -73.88112, 40.861469 ], [ -73.881858, 40.862038 ], [ -73.881961, 40.862129 ], [ -73.88235, 40.862449 ], [ -73.883836, 40.86424 ], [ -73.883956, 40.864448 ], [ -73.884, 40.864666 ], [ -73.883989, 40.864819 ], [ -73.883934, 40.86495 ], [ -73.884783, 40.865651 ], [ -73.884531, 40.86579 ], [ -73.883079, 40.866593 ], [ -73.882365, 40.866338 ], [ -73.882236, 40.866408 ], [ -73.882056, 40.866436 ], [ -73.881668, 40.866474 ], [ -73.881302, 40.866572 ], [ -73.880996, 40.866741 ], [ -73.880701, 40.86699 ], [ -73.880352, 40.867244 ], [ -73.879549, 40.867719 ], [ -73.87911, 40.86803 ], [ -73.879197, 40.867988 ], [ -73.879288, 40.867962 ], [ -73.879387, 40.867951 ], [ -73.879477, 40.867955 ], [ -73.879554, 40.86797 ], [ -73.879652, 40.868004 ], [ -73.879738, 40.868057 ], [ -73.87986, 40.868274 ], [ -73.880375, 40.869194 ], [ -73.881469, 40.868573 ], [ -73.881742, 40.869552 ], [ -73.881976, 40.870387 ], [ -73.88222, 40.871227 ], [ -73.88247, 40.872128 ], [ -73.882957, 40.873052 ], [ -73.8834, 40.873947 ], [ -73.88344, 40.874794 ], [ -73.883436, 40.875384 ], [ -73.883424, 40.875742 ], [ -73.88383, 40.876783 ], [ -73.884907, 40.8772 ], [ -73.885151, 40.877294 ], [ -73.885278, 40.877427 ], [ -73.885329, 40.877341 ], [ -73.88554, 40.877402 ], [ -73.885745, 40.877397 ], [ -73.886575, 40.877241 ], [ -73.887736, 40.877034 ], [ -73.88807, 40.876271 ], [ -73.888893, 40.876635 ], [ -73.889658, 40.876975 ], [ -73.889181, 40.878242 ] ] ] } },
{ "type": "Feature", "properties": { "STATEFP": "36", "SLDLST": "081", "GEOID": "36081", "GEOIDFQ": "620L800US36081", "NAMELSAD": "Assembly District 81", "LSAD": "L3", "LSY": "2022", "MTFCC": "G5220", "FUNCSTAT": "N", "ALAND": 17168875, "AWATER": 3471740, "INTPTLAT": "+40.8943468", "INTPTLON": "-073.8929646", "ad_num": 81, "AssemDist": 81 }, "geometry": { "type": "Polygon", "coordinates": [ [ [ -73.933808, 40.882214 ], [ -73.933652, 40.882463 ], [ -73.932573, 40.88421 ], [ -73.931729, 40.885578 ], [ -73.929821, 40.888682 ], [ -73.929455, 40.889622 ], [ -73.929428, 40.889692 ], [ -73.929187, 40.890308 ], [ -73.928294, 40.892562 ], [ -73.927242, 40.895198 ], [ -73.927119, 40.895496 ], [ -73.926549, 40.896879 ], [ -73.925922, 40.898477 ], [ -73.925665, 40.899151 ], [ -73.924953, 40.901018 ], [ -73.924235, 40.902736 ], [ -73.923842, 40.903675 ], [ -73.923307, 40.905062 ], [ -73.922467, 40.907236 ], [ -73.921241, 40.910323 ], [ -73.920968, 40.911013 ], [ -73.919946, 40.913592 ], [ -73.919934, 40.913623 ], [ -73.919431, 40.914892 ], [ -73.91921, 40.915449 ], [ -73.918347, 40.91763 ], [ -73.918317, 40.917705 ], [ -73.910808, 40.915372 ], [ -73.910516, 40.915282 ], [ -73.910279, 40.915187 ], [ -73.910006, 40.915076 ], [ -73.909496, 40.914931 ], [ -73.909471, 40.914924 ], [ -73.90884, 40.914754 ], [ -73.908814, 40.914747 ], [ -73.908328, 40.914616 ], [ -73.908302, 40.914609 ], [ -73.905947, 40.913948 ], [ -73.905911, 40.913938 ], [ -73.904194, 40.91346 ], [ -73.903806, 40.913353 ], [ -73.902454, 40.912979 ], [ -73.902106, 40.912879 ], [ -73.900697, 40.912381 ], [ -73.89997, 40.912132 ], [ -73.899789, 40.912072 ], [ -73.899505, 40.911978 ], [ -73.898682, 40.911871 ], [ -73.89812, 40.911798 ], [ -73.897424, 40.911693 ], [ -73.89736, 40.911672 ], [ -73.897253, 40.911655 ], [ -73.896634, 40.911324 ], [ -73.896543, 40.911293 ], [ -73.892799, 40.910058 ], [ -73.892205, 40.909878 ], [ -73.891928, 40.909809 ], [ -73.891805, 40.909778 ], [ -73.888394, 40.90872 ], [ -73.887984, 40.908593 ], [ -73.886237, 40.908052 ], [ -73.886165, 40.90803 ], [ -73.886124, 40.908016 ], [ -73.88601, 40.907979 ], [ -73.885401, 40.907977 ], [ -73.884832, 40.907723 ], [ -73.884726, 40.907685 ], [ -73.884246, 40.907512 ], [ -73.884127, 40.907503 ], [ -73.884106, 40.907501 ], [ -73.884054, 40.907497 ], [ -73.882993, 40.907423 ], [ -73.882829, 40.907382 ], [ -73.881825, 40.907134 ], [ -73.881443, 40.907004 ], [ -73.880929, 40.90683 ], [ -73.880637, 40.906745 ], [ -73.880111, 40.906591 ], [ -73.879531, 40.906441 ], [ -73.879239, 40.906365 ], [ -73.878827, 40.906188 ], [ -73.87835, 40.905983 ], [ -73.87822, 40.905983 ], [ -73.878189, 40.905983 ], [ -73.878012, 40.905965 ], [ -73.877855, 40.905922 ], [ -73.877741, 40.905888 ], [ -73.877628, 40.905854 ], [ -73.876588, 40.905539 ], [ -73.876455, 40.905497 ], [ -73.876229, 40.90543 ], [ -73.875599, 40.905244 ], [ -73.875559, 40.905232 ], [ -73.874797, 40.90501 ], [ -73.874623, 40.90496 ], [ -73.874087, 40.904807 ], [ -73.873949, 40.904767 ], [ -73.872913, 40.904467 ], [ -73.872735, 40.904415 ], [ -73.87094, 40.903887 ], [ -73.870731, 40.903826 ], [ -73.869046, 40.903333 ], [ -73.867876, 40.902983 ], [ -73.866952, 40.902475 ], [ -73.865635, 40.902086 ], [ -73.865268, 40.901962 ], [ -73.865256, 40.901949 ], [ -73.864669, 40.901793 ], [ -73.862879, 40.901538 ], [ -73.86286, 40.901525 ], [ -73.862643, 40.901474 ], [ -73.862557, 40.901427 ], [ -73.862401, 40.901341 ], [ -73.862041, 40.901203 ], [ -73.86159, 40.901051 ], [ -73.860956, 40.900846 ], [ -73.860775, 40.900787 ], [ -73.860321, 40.900638 ], [ -73.860257, 40.900616 ], [ -73.860104, 40.900578 ], [ -73.860006, 40.900565 ], [ -73.859633, 40.900458 ], [ -73.859393, 40.900381 ], [ -73.85931, 40.900479 ], [ -73.8593, 40.900494 ], [ -73.859204, 40.900878 ], [ -73.859215, 40.900906 ], [ -73.859308, 40.901138 ], [ -73.859404, 40.901378 ], [ -73.859037, 40.90147 ], [ -73.859003, 40.901478 ], [ -73.859018, 40.901493 ], [ -73.859303, 40.901778 ], [ -73.859392, 40.901895 ], [ -73.859604, 40.902178 ], [ -73.859114, 40.902472 ], [ -73.859097, 40.902471 ], [ -73.859014, 40.902433 ], [ -73.858469, 40.90216 ], [ -73.858302, 40.902077 ], [ -73.858221, 40.902335 ], [ -73.8582, 40.902379 ], [ -73.858042, 40.902444 ], [ -73.85792, 40.902494 ], [ -73.857825, 40.902533 ], [ -73.857805, 40.90254 ], [ -73.857707, 40.902572 ], [ -73.857199, 40.902878 ], [ -73.857, 40.903579 ], [ -73.857003, 40.903736 ], [ -73.857004, 40.90382 ], [ -73.857004, 40.903861 ], [ -73.857004, 40.904041 ], [ -73.857004, 40.904169 ], [ -73.857004, 40.904378 ], [ -73.857079, 40.904416 ], [ -73.857232, 40.904493 ], [ -73.857404, 40.904579 ], [ -73.857449, 40.904601 ], [ -73.857587, 40.904669 ], [ -73.857449, 40.904837 ], [ -73.857321, 40.905017 ], [ -73.857136, 40.904985 ], [ -73.857104, 40.904979 ], [ -73.856956, 40.904953 ], [ -73.856697, 40.90491 ], [ -73.856434, 40.905027 ], [ -73.856394, 40.905045 ], [ -73.856204, 40.905091 ], [ -73.856178, 40.905107 ], [ -73.855944, 40.905256 ], [ -73.855959, 40.905388 ], [ -73.856001, 40.905406 ], [ -73.856118, 40.905454 ], [ -73.856204, 40.905475 ], [ -73.856279, 40.905728 ], [ -73.856326, 40.905801 ], [ -73.856325, 40.905966 ], [ -73.856324, 40.906166 ], [ -73.856227, 40.906119 ], [ -73.856153, 40.906082 ], [ -73.856108, 40.90606 ], [ -73.856074, 40.90606 ], [ -73.855997, 40.90606 ], [ -73.85574, 40.90606 ], [ -73.855687, 40.90606 ], [ -73.855574, 40.906122 ], [ -73.855534, 40.906144 ], [ -73.855315, 40.906263 ], [ -73.855104, 40.906378 ], [ -73.854704, 40.906578 ], [ -73.854128, 40.906675 ], [ -73.854104, 40.906679 ], [ -73.854007, 40.906842 ], [ -73.853802, 40.907179 ], [ -73.853804, 40.907681 ], [ -73.853822, 40.907773 ], [ -73.853983, 40.908005 ], [ -73.854204, 40.908067 ], [ -73.854302, 40.908091 ], [ -73.854485, 40.908011 ], [ -73.854768, 40.908159 ], [ -73.854796, 40.908173 ], [ -73.854881, 40.908217 ], [ -73.854342, 40.908974 ], [ -73.854234, 40.90901 ], [ -73.854037, 40.909231 ], [ -73.853997, 40.909276 ], [ -73.853713, 40.909447 ], [ -73.852935, 40.909919 ], [ -73.8529, 40.909916 ], [ -73.852678, 40.909899 ], [ -73.852184, 40.909515 ], [ -73.851379, 40.910044 ], [ -73.851123, 40.910009 ], [ -73.851484, 40.909592 ], [ -73.851634, 40.909426 ], [ -73.851812, 40.909229 ], [ -73.851872, 40.909159 ], [ -73.852046, 40.908959 ], [ -73.852078, 40.908887 ], [ -73.852369, 40.90888 ], [ -73.852714, 40.908446 ], [ -73.853069, 40.908021 ], [ -73.853528, 40.907465 ], [ -73.852688, 40.907143 ], [ -73.852478, 40.907069 ], [ -73.851473, 40.9067 ], [ -73.850987, 40.90654 ], [ -73.850661, 40.906925 ], [ -73.850452, 40.907183 ], [ -73.850327, 40.907276 ], [ -73.850138, 40.907496 ], [ -73.850081, 40.907468 ], [ -73.84881, 40.906856 ], [ -73.848653, 40.906778 ], [ -73.847871, 40.906441 ], [ -73.847431, 40.906244 ], [ -73.847088, 40.906136 ], [ -73.847206, 40.905879 ], [ -73.847511, 40.905223 ], [ -73.847818, 40.904554 ], [ -73.847918, 40.903934 ], [ -73.847995, 40.903253 ], [ -73.847478, 40.903221 ], [ -73.846578, 40.903153 ], [ -73.846768, 40.901791 ], [ -73.846802, 40.901552 ], [ -73.846936, 40.90152 ], [ -73.847424, 40.900274 ], [ -73.848219, 40.899828 ], [ -73.849086, 40.89964 ], [ -73.850047, 40.899623 ], [ -73.850649, 40.898851 ], [ -73.851223, 40.898115 ], [ -73.851344, 40.897991 ], [ -73.851683, 40.897566 ], [ -73.851965, 40.897095 ], [ -73.852377, 40.896334 ], [ -73.852567, 40.895973 ], [ -73.852788, 40.895563 ], [ -73.853136, 40.894922 ], [ -73.853262, 40.894699 ], [ -73.853629, 40.894815 ], [ -73.854435, 40.895073 ], [ -73.854848, 40.894329 ], [ -73.855241, 40.893624 ], [ -73.855664, 40.892853 ], [ -73.857368, 40.893394 ], [ -73.857732, 40.892754 ], [ -73.858127, 40.892044 ], [ -73.858518, 40.891337 ], [ -73.859524, 40.891658 ], [ -73.861397, 40.892253 ], [ -73.861788, 40.89155 ], [ -73.862652, 40.891822 ], [ -73.863044, 40.891116 ], [ -73.863863, 40.88975 ], [ -73.8646, 40.8883 ], [ -73.86538, 40.886884 ], [ -73.86622, 40.885442 ], [ -73.866235, 40.885387 ], [ -73.866262, 40.885234 ], [ -73.866265, 40.885079 ], [ -73.866248, 40.884931 ], [ -73.866208, 40.884785 ], [ -73.866149, 40.884643 ], [ -73.866071, 40.884509 ], [ -73.865982, 40.884391 ], [ -73.867053, 40.882255 ], [ -73.868119, 40.880062 ], [ -73.868846, 40.878586 ], [ -73.869224, 40.878524 ], [ -73.86931, 40.878428 ], [ -73.869435, 40.878129 ], [ -73.869628, 40.878176 ], [ -73.869754, 40.878207 ], [ -73.869984, 40.878269 ], [ -73.870148, 40.878314 ], [ -73.870412, 40.878375 ], [ -73.870944, 40.878511 ], [ -73.870241, 40.88023 ], [ -73.87092, 40.880258 ], [ -73.871918, 40.880237 ], [ -73.872545, 40.878746 ], [ -73.873483, 40.878855 ], [ -73.874387, 40.879055 ], [ -73.874734, 40.8779 ], [ -73.875268, 40.87714 ], [ -73.874448, 40.876787 ], [ -73.875592, 40.875254 ], [ -73.876491, 40.875499 ], [ -73.87956, 40.87573 ], [ -73.87973, 40.876865 ], [ -73.880018, 40.876811 ], [ -73.880283, 40.876699 ], [ -73.880649, 40.876483 ], [ -73.880732, 40.877116 ], [ -73.880692, 40.877542 ], [ -73.880525, 40.878011 ], [ -73.881442, 40.878187 ], [ -73.880851, 40.879949 ], [ -73.881756, 40.880122 ], [ -73.881458, 40.881084 ], [ -73.881372, 40.881363 ], [ -73.880456, 40.88222 ], [ -73.881244, 40.88271 ], [ -73.882087, 40.883133 ], [ -73.882478, 40.883327 ], [ -73.882673, 40.883383 ], [ -73.882922, 40.883383 ], [ -73.88319, 40.883285 ], [ -73.883508, 40.883183 ], [ -73.883864, 40.883151 ], [ -73.884107, 40.883177 ], [ -73.884379, 40.883248 ], [ -73.884552, 40.883325 ], [ -73.885165, 40.883632 ], [ -73.886125, 40.884047 ], [ -73.886459, 40.884193 ], [ -73.886569, 40.884242 ], [ -73.886751, 40.884317 ], [ -73.886863, 40.884347 ], [ -73.887047, 40.884358 ], [ -73.88703, 40.883889 ], [ -73.886646, 40.882768 ], [ -73.886513, 40.882513 ], [ -73.887011, 40.882472 ], [ -73.885936, 40.880481 ], [ -73.887196, 40.880064 ], [ -73.889114, 40.87842 ], [ -73.889181, 40.878242 ], [ -73.889658, 40.876975 ], [ -73.892129, 40.878058 ], [ -73.894073, 40.875588 ], [ -73.897327, 40.871446 ], [ -73.89779, 40.870857 ], [ -73.898284, 40.871054 ], [ -73.899303, 40.871244 ], [ -73.899086, 40.871969 ], [ -73.900039, 40.872136 ], [ -73.900954, 40.872293 ], [ -73.902146, 40.872502 ], [ -73.901748, 40.873675 ], [ -73.902713, 40.873985 ], [ -73.903706, 40.874292 ], [ -73.904708, 40.874617 ], [ -73.905714, 40.873138 ], [ -73.905988, 40.873202 ], [ -73.906162, 40.873243 ], [ -73.906413, 40.873296 ], [ -73.9067, 40.873397 ], [ -73.907, 40.873455 ], [ -73.907047, 40.874724 ], [ -73.907078, 40.875561 ], [ -73.907105, 40.876277 ], [ -73.907198, 40.876389 ], [ -73.90723, 40.876427 ], [ -73.907245, 40.876446 ], [ -73.907306, 40.876519 ], [ -73.907652, 40.876934 ], [ -73.90782, 40.877201 ], [ -73.908005, 40.877478 ], [ -73.908502, 40.877691 ], [ -73.908554, 40.877712 ], [ -73.908682, 40.877763 ], [ -73.909189, 40.878168 ], [ -73.909505, 40.878878 ], [ -73.910044, 40.878991 ], [ -73.910184, 40.879021 ], [ -73.91031, 40.879047 ], [ -73.911405, 40.879278 ], [ -73.912205, 40.878178 ], [ -73.914905, 40.876578 ], [ -73.915125, 40.875845 ], [ -73.915168, 40.875695 ], [ -73.9152, 40.875581 ], [ -73.917309, 40.876037 ], [ -73.918932, 40.876388 ], [ -73.919122, 40.876429 ], [ -73.919808, 40.876577 ], [ -73.92163, 40.878321 ], [ -73.922602, 40.878779 ], [ -73.924503, 40.878974 ], [ -73.92465, 40.879038 ], [ -73.924974, 40.879144 ], [ -73.933788, 40.882207 ], [ -73.933808, 40.882214 ] ] ] } },
{ "type": "Feature", "properties": { "STATEFP": "36", "SLDLST": "082", "GEOID": "36082", "GEOIDFQ": "620L800US36082", "NAMELSAD": "Assembly District 82", "LSAD": "L3", "LSY": "2022", "MTFCC": "G5220", "FUNCSTAT": "N", "ALAND": 26951981, "AWATER": 29508686, "INTPTLAT": "+40.8516615", "INTPTLON": "-073.8007992", "ad_num": 82, "AssemDist": 82 }, "geometry": { "type": "Polygon", "coordinates": [ [ [ -73.856279, 40.848093 ], [ -73.855468, 40.848458 ], [ -73.855405, 40.848486 ], [ -73.85521, 40.848573 ], [ -73.854663, 40.848821 ], [ -73.853853, 40.849184 ], [ -73.853046, 40.849547 ], [ -73.852242, 40.849911 ], [ -73.851368, 40.850304 ], [ -73.850499, 40.850696 ], [ -73.849689, 40.851059 ], [ -73.848613, 40.85108 ], [ -73.848214, 40.851091 ], [ -73.847298, 40.851087 ], [ -73.847224, 40.851145 ], [ -73.846704, 40.851241 ], [ -73.844451, 40.851244 ], [ -73.844362, 40.851119 ], [ -73.843189, 40.852973 ], [ -73.842929, 40.853419 ], [ -73.842487, 40.853976 ], [ -73.842054, 40.854437 ], [ -73.841399, 40.855015 ], [ -73.840459, 40.855635 ], [ -73.83975, 40.855974 ], [ -73.839072, 40.856261 ], [ -73.838826, 40.856345 ], [ -73.838669, 40.8564 ], [ -73.838186, 40.856474 ], [ -73.837794, 40.856904 ], [ -73.836928, 40.857193 ], [ -73.836819, 40.857277 ], [ -73.836289, 40.857477 ], [ -73.835334, 40.857832 ], [ -73.834377, 40.858191 ], [ -73.833487, 40.858529 ], [ -73.833233, 40.858626 ], [ -73.831906, 40.85907 ], [ -73.831034, 40.859343 ], [ -73.830172, 40.859634 ], [ -73.829609, 40.859889 ], [ -73.829543, 40.86029 ], [ -73.830109, 40.861298 ], [ -73.83053, 40.86197 ], [ -73.830917, 40.862225 ], [ -73.831602, 40.862628 ], [ -73.835907, 40.865077 ], [ -73.836431, 40.865356 ], [ -73.837319, 40.866974 ], [ -73.83649, 40.86724 ], [ -73.835658, 40.867513 ], [ -73.834818, 40.867781 ], [ -73.833912, 40.868076 ], [ -73.83316, 40.86832 ], [ -73.833385, 40.868947 ], [ -73.833631, 40.870146 ], [ -73.834013, 40.871172 ], [ -73.834337, 40.872027 ], [ -73.834494, 40.872558 ], [ -73.83475, 40.873743 ], [ -73.834881, 40.874429 ], [ -73.834881, 40.875505 ], [ -73.834789, 40.876079 ], [ -73.834666, 40.876612 ], [ -73.834502, 40.877227 ], [ -73.834422, 40.877403 ], [ -73.834, 40.878388 ], [ -73.8334, 40.879155 ], [ -73.832451, 40.880216 ], [ -73.832117, 40.880537 ], [ -73.831444, 40.881107 ], [ -73.830485, 40.881777 ], [ -73.829861, 40.882175 ], [ -73.829049, 40.882622 ], [ -73.828249, 40.883035 ], [ -73.826063, 40.884153 ], [ -73.825295, 40.884192 ], [ -73.824784, 40.884218 ], [ -73.822336, 40.884944 ], [ -73.82076, 40.885304 ], [ -73.820322, 40.885438 ], [ -73.819814, 40.885574 ], [ -73.81936, 40.885726 ], [ -73.819478, 40.885855 ], [ -73.820392, 40.886859 ], [ -73.822334, 40.88731 ], [ -73.823752, 40.887832 ], [ -73.824015, 40.887814 ], [ -73.823583, 40.887971 ], [ -73.824012, 40.888569 ], [ -73.824106, 40.888942 ], [ -73.823783, 40.88952 ], [ -73.823586, 40.889743 ], [ -73.823567, 40.889825 ], [ -73.822375, 40.889477 ], [ -73.822363, 40.88964 ], [ -73.822508, 40.889882 ], [ -73.822667, 40.889958 ], [ -73.822899, 40.889926 ], [ -73.823101, 40.889892 ], [ -73.823304, 40.890057 ], [ -73.823275, 40.890222 ], [ -73.823217, 40.890365 ], [ -73.823245, 40.890474 ], [ -73.823172, 40.890545 ], [ -73.82312, 40.890648 ], [ -73.823113, 40.890777 ], [ -73.823132, 40.890871 ], [ -73.823205, 40.890918 ], [ -73.823256, 40.890961 ], [ -73.823302, 40.890989 ], [ -73.823282, 40.891082 ], [ -73.823244, 40.891199 ], [ -73.823003, 40.891078 ], [ -73.822959, 40.891056 ], [ -73.821703, 40.89073 ], [ -73.820994, 40.890543 ], [ -73.819719, 40.890206 ], [ -73.819558, 40.890163 ], [ -73.8195, 40.890147 ], [ -73.819419, 40.890125 ], [ -73.818929, 40.889993 ], [ -73.818732, 40.88994 ], [ -73.818503, 40.889878 ], [ -73.817614, 40.889679 ], [ -73.817596, 40.889675 ], [ -73.816749, 40.889454 ], [ -73.816619, 40.889419 ], [ -73.816484, 40.889386 ], [ -73.816206, 40.889316 ], [ -73.816104, 40.889276 ], [ -73.815603, 40.889178 ], [ -73.815329, 40.889066 ], [ -73.815165, 40.888999 ], [ -73.815048, 40.888951 ], [ -73.814177, 40.888795 ], [ -73.813666, 40.888661 ], [ -73.812439, 40.888353 ], [ -73.812324, 40.888321 ], [ -73.811281, 40.888054 ], [ -73.811, 40.887983 ], [ -73.810408, 40.887832 ], [ -73.809942, 40.88769 ], [ -73.809923, 40.887684 ], [ -73.809651, 40.887637 ], [ -73.808757, 40.887402 ], [ -73.807575, 40.887098 ], [ -73.806398, 40.886795 ], [ -73.805368, 40.886528 ], [ -73.804997, 40.886433 ], [ -73.804402, 40.886281 ], [ -73.803017, 40.885926 ], [ -73.801932, 40.885648 ], [ -73.799279, 40.884965 ], [ -73.797353, 40.884468 ], [ -73.796246, 40.884186 ], [ -73.794961, 40.883853 ], [ -73.794842, 40.883822 ], [ -73.794107, 40.883631 ], [ -73.793284, 40.883419 ], [ -73.793016, 40.883361 ], [ -73.791993, 40.88317 ], [ -73.785797, 40.8816 ], [ -73.783702, 40.881078 ], [ -73.783555, 40.881042 ], [ -73.783519, 40.881033 ], [ -73.783408, 40.881006 ], [ -73.782838, 40.880868 ], [ -73.782267, 40.880729 ], [ -73.781202, 40.880478 ], [ -73.760988, 40.875178 ], [ -73.749483, 40.872101 ], [ -73.74806, 40.871721 ], [ -73.753732, 40.856556 ], [ -73.753787, 40.856409 ], [ -73.757801, 40.845679 ], [ -73.757967, 40.845536 ], [ -73.76164, 40.842372 ], [ -73.762174, 40.841911 ], [ -73.766501, 40.838182 ], [ -73.773429, 40.832214 ], [ -73.77452, 40.831273 ], [ -73.774977, 40.830879 ], [ -73.780193, 40.8264 ], [ -73.778958, 40.811713 ], [ -73.779556, 40.811247 ], [ -73.782676, 40.805386 ], [ -73.784745, 40.802592 ], [ -73.787316, 40.800853 ], [ -73.787918, 40.800362 ], [ -73.79002, 40.80023 ], [ -73.793371, 40.800387 ], [ -73.793559, 40.80038 ], [ -73.797133, 40.80141 ], [ -73.799745, 40.802199 ], [ -73.804543, 40.803554 ], [ -73.811299, 40.805397 ], [ -73.817418, 40.80579 ], [ -73.823438, 40.80481 ], [ -73.827583, 40.803936 ], [ -73.83023, 40.803267 ], [ -73.830404, 40.803199 ], [ -73.830509, 40.803164 ], [ -73.830546, 40.803151 ], [ -73.830676, 40.803108 ], [ -73.83082, 40.80306 ], [ -73.831706, 40.802894 ], [ -73.835409, 40.802199 ], [ -73.844076, 40.801023 ], [ -73.845397, 40.801024 ], [ -73.846654, 40.801024 ], [ -73.845117, 40.806299 ], [ -73.843134, 40.811603 ], [ -73.842449, 40.813438 ], [ -73.842106, 40.814444 ], [ -73.838906, 40.821118 ], [ -73.842235, 40.827777 ], [ -73.842297, 40.827831 ], [ -73.842331, 40.827873 ], [ -73.842363, 40.827943 ], [ -73.84265, 40.827909 ], [ -73.842667, 40.827997 ], [ -73.84267, 40.82804 ], [ -73.842653, 40.828263 ], [ -73.842667, 40.828342 ], [ -73.842736, 40.828528 ], [ -73.842748, 40.828544 ], [ -73.842812, 40.828637 ], [ -73.842385, 40.828688 ], [ -73.842387, 40.82879 ], [ -73.842346, 40.828795 ], [ -73.842308, 40.828799 ], [ -73.842314, 40.828923 ], [ -73.842311, 40.829079 ], [ -73.842368, 40.829431 ], [ -73.842331, 40.829941 ], [ -73.842189, 40.83031 ], [ -73.842028, 40.830508 ], [ -73.841915, 40.83081 ], [ -73.842279, 40.831267 ], [ -73.842416, 40.831207 ], [ -73.842548, 40.831056 ], [ -73.842671, 40.830857 ], [ -73.843096, 40.830782 ], [ -73.844415, 40.830599 ], [ -73.844577, 40.831302 ], [ -73.844206, 40.831339 ], [ -73.84204, 40.833123 ], [ -73.841717, 40.833401 ], [ -73.84098, 40.834009 ], [ -73.839955, 40.834901 ], [ -73.839908, 40.835123 ], [ -73.839961, 40.835493 ], [ -73.840028, 40.835663 ], [ -73.840556, 40.836714 ], [ -73.841171, 40.83771 ], [ -73.841616, 40.838387 ], [ -73.841977, 40.83891 ], [ -73.843062, 40.839797 ], [ -73.84331, 40.839603 ], [ -73.843611, 40.839348 ], [ -73.843918, 40.839087 ], [ -73.844581, 40.838536 ], [ -73.845531, 40.839173 ], [ -73.846479, 40.839809 ], [ -73.847156, 40.840264 ], [ -73.847798, 40.840697 ], [ -73.847962, 40.840828 ], [ -73.848986, 40.8416 ], [ -73.848353, 40.842097 ], [ -73.847857, 40.842485 ], [ -73.848546, 40.843007 ], [ -73.849392, 40.842919 ], [ -73.849992, 40.842852 ], [ -73.850523, 40.84279 ], [ -73.850889, 40.842753 ], [ -73.851208, 40.842715 ], [ -73.851799, 40.842648 ], [ -73.852312, 40.842587 ], [ -73.852802, 40.842531 ], [ -73.853335, 40.84247 ], [ -73.854299, 40.842671 ], [ -73.85521, 40.842975 ], [ -73.855741, 40.843143 ], [ -73.856863, 40.84353 ], [ -73.856186, 40.843771 ], [ -73.855298, 40.844009 ], [ -73.855436, 40.84422 ], [ -73.856871, 40.846054 ], [ -73.856064, 40.84642 ], [ -73.857086, 40.847729 ], [ -73.856279, 40.848093 ] ] ] } },
{ "type": "Feature", "properties": { "STATEFP": "36", "SLDLST": "083", "GEOID": "36083", "GEOIDFQ": "620L800US36083", "NAMELSAD": "Assembly District 83", "LSAD": "L3", "LSY": "2022", "MTFCC": "G5220", "FUNCSTAT": "N", "ALAND": 9393441, "AWATER": 31646, "INTPTLAT": "+40.8832285", "INTPTLON": "-073.8479224", "ad_num": 83, "AssemDist": 83 }, "geometry": { "type": "Polygon", "coordinates": [ [ [ -73.86931, 40.878428 ], [ -73.869224, 40.878524 ], [ -73.868846, 40.878586 ], [ -73.868119, 40.880062 ], [ -73.867053, 40.882255 ], [ -73.865982, 40.884391 ], [ -73.866071, 40.884509 ], [ -73.866149, 40.884643 ], [ -73.866208, 40.884785 ], [ -73.866248, 40.884931 ], [ -73.866265, 40.885079 ], [ -73.866262, 40.885234 ], [ -73.866235, 40.885387 ], [ -73.86622, 40.885442 ], [ -73.86538, 40.886884 ], [ -73.8646, 40.8883 ], [ -73.863863, 40.88975 ], [ -73.863044, 40.891116 ], [ -73.862652, 40.891822 ], [ -73.861788, 40.89155 ], [ -73.861397, 40.892253 ], [ -73.859524, 40.891658 ], [ -73.858518, 40.891337 ], [ -73.858127, 40.892044 ], [ -73.857732, 40.892754 ], [ -73.857368, 40.893394 ], [ -73.855664, 40.892853 ], [ -73.855241, 40.893624 ], [ -73.854848, 40.894329 ], [ -73.854435, 40.895073 ], [ -73.853629, 40.894815 ], [ -73.853262, 40.894699 ], [ -73.853136, 40.894922 ], [ -73.852788, 40.895563 ], [ -73.852567, 40.895973 ], [ -73.852377, 40.896334 ], [ -73.851965, 40.897095 ], [ -73.851683, 40.897566 ], [ -73.851344, 40.897991 ], [ -73.851223, 40.898115 ], [ -73.850649, 40.898851 ], [ -73.850047, 40.899623 ], [ -73.849086, 40.89964 ], [ -73.848219, 40.899828 ], [ -73.847424, 40.900274 ], [ -73.846936, 40.90152 ], [ -73.846802, 40.901552 ], [ -73.846768, 40.901791 ], [ -73.846578, 40.903153 ], [ -73.847478, 40.903221 ], [ -73.847995, 40.903253 ], [ -73.847918, 40.903934 ], [ -73.847818, 40.904554 ], [ -73.847511, 40.905223 ], [ -73.847206, 40.905879 ], [ -73.847088, 40.906136 ], [ -73.846811, 40.906054 ], [ -73.846244, 40.905891 ], [ -73.845846, 40.905759 ], [ -73.845392, 40.905647 ], [ -73.844949, 40.905556 ], [ -73.844901, 40.90508 ], [ -73.844949, 40.904706 ], [ -73.844911, 40.90419 ], [ -73.84442, 40.904172 ], [ -73.843399, 40.904171 ], [ -73.842374, 40.904166 ], [ -73.841386, 40.904174 ], [ -73.841318, 40.903987 ], [ -73.841291, 40.903913 ], [ -73.841281, 40.903886 ], [ -73.841136, 40.903487 ], [ -73.841062, 40.903214 ], [ -73.841048, 40.903162 ], [ -73.841017, 40.902979 ], [ -73.840999, 40.902812 ], [ -73.840958, 40.902516 ], [ -73.840873, 40.901979 ], [ -73.840832, 40.901819 ], [ -73.840787, 40.901693 ], [ -73.840729, 40.901567 ], [ -73.84065, 40.901414 ], [ -73.840562, 40.901284 ], [ -73.840445, 40.901124 ], [ -73.84021, 40.900804 ], [ -73.84019, 40.900777 ], [ -73.840179, 40.900762 ], [ -73.840172, 40.900753 ], [ -73.840159, 40.900735 ], [ -73.840085, 40.900634 ], [ -73.840049, 40.900585 ], [ -73.840036, 40.900567 ], [ -73.839363, 40.899713 ], [ -73.839287, 40.899594 ], [ -73.839221, 40.899475 ], [ -73.839185, 40.89936 ], [ -73.839155, 40.899226 ], [ -73.839154, 40.899199 ], [ -73.839149, 40.899061 ], [ -73.839208, 40.898819 ], [ -73.839241, 40.898744 ], [ -73.839257, 40.898707 ], [ -73.839391, 40.89841 ], [ -73.83951, 40.898184 ], [ -73.839649, 40.897891 ], [ -73.83972, 40.897694 ], [ -73.839724, 40.897633 ], [ -73.839718, 40.897511 ], [ -73.839696, 40.897385 ], [ -73.839677, 40.897323 ], [ -73.839655, 40.897249 ], [ -73.839615, 40.89714 ], [ -73.839411, 40.896693 ], [ -73.838985, 40.895602 ], [ -73.838407, 40.894061 ], [ -73.837368, 40.893821 ], [ -73.837337, 40.893814 ], [ -73.836282, 40.893531 ], [ -73.835605, 40.893315 ], [ -73.835174, 40.89317 ], [ -73.833595, 40.892706 ], [ -73.832716, 40.892443 ], [ -73.8327, 40.892438 ], [ -73.832503, 40.892377 ], [ -73.831856, 40.892217 ], [ -73.831703, 40.892178 ], [ -73.830972, 40.891935 ], [ -73.830818, 40.891879 ], [ -73.830087, 40.8917 ], [ -73.830022, 40.891686 ], [ -73.828716, 40.891274 ], [ -73.828125, 40.891051 ], [ -73.827943, 40.890928 ], [ -73.827269, 40.890797 ], [ -73.827224, 40.890785 ], [ -73.825256, 40.890248 ], [ -73.825241, 40.890244 ], [ -73.825002, 40.890178 ], [ -73.824403, 40.889978 ], [ -73.824025, 40.889978 ], [ -73.824009, 40.889978 ], [ -73.824047, 40.889866 ], [ -73.824036, 40.889823 ], [ -73.824017, 40.88975 ], [ -73.823963, 40.889763 ], [ -73.823781, 40.889809 ], [ -73.823639, 40.88985 ], [ -73.823567, 40.889825 ], [ -73.823586, 40.889743 ], [ -73.823783, 40.88952 ], [ -73.824106, 40.888942 ], [ -73.824012, 40.888569 ], [ -73.823583, 40.887971 ], [ -73.824015, 40.887814 ], [ -73.823752, 40.887832 ], [ -73.822334, 40.88731 ], [ -73.820392, 40.886859 ], [ -73.819478, 40.885855 ], [ -73.81936, 40.885726 ], [ -73.819814, 40.885574 ], [ -73.820322, 40.885438 ], [ -73.82076, 40.885304 ], [ -73.822336, 40.884944 ], [ -73.824784, 40.884218 ], [ -73.825295, 40.884192 ], [ -73.826063, 40.884153 ], [ -73.828249, 40.883035 ], [ -73.829049, 40.882622 ], [ -73.829861, 40.882175 ], [ -73.830485, 40.881777 ], [ -73.831444, 40.881107 ], [ -73.832117, 40.880537 ], [ -73.832451, 40.880216 ], [ -73.8334, 40.879155 ], [ -73.834, 40.878388 ], [ -73.834422, 40.877403 ], [ -73.834502, 40.877227 ], [ -73.834666, 40.876612 ], [ -73.834789, 40.876079 ], [ -73.834881, 40.875505 ], [ -73.834881, 40.874429 ], [ -73.83475, 40.873743 ], [ -73.834494, 40.872558 ], [ -73.834337, 40.872027 ], [ -73.834013, 40.871172 ], [ -73.833631, 40.870146 ], [ -73.833385, 40.868947 ], [ -73.83316, 40.86832 ], [ -73.833912, 40.868076 ], [ -73.834818, 40.867781 ], [ -73.835658, 40.867513 ], [ -73.83649, 40.86724 ], [ -73.837319, 40.866974 ], [ -73.836431, 40.865356 ], [ -73.836971, 40.865643 ], [ -73.837844, 40.866099 ], [ -73.838752, 40.866572 ], [ -73.83922, 40.866821 ], [ -73.839743, 40.867088 ], [ -73.840644, 40.867554 ], [ -73.841224, 40.867858 ], [ -73.841601, 40.867783 ], [ -73.841633, 40.866797 ], [ -73.84298, 40.867117 ], [ -73.842836, 40.867489 ], [ -73.843213, 40.867445 ], [ -73.844292, 40.867466 ], [ -73.845234, 40.867484 ], [ -73.846174, 40.867503 ], [ -73.846143, 40.868795 ], [ -73.845173, 40.869915 ], [ -73.845782, 40.870227 ], [ -73.84609, 40.87039 ], [ -73.846408, 40.870555 ], [ -73.847035, 40.869845 ], [ -73.847441, 40.869343 ], [ -73.847994, 40.869354 ], [ -73.848974, 40.869372 ], [ -73.849032, 40.867554 ], [ -73.850003, 40.867575 ], [ -73.850944, 40.867591 ], [ -73.851883, 40.867606 ], [ -73.852818, 40.867625 ], [ -73.853756, 40.867642 ], [ -73.854697, 40.86766 ], [ -73.855707, 40.867678 ], [ -73.856721, 40.867697 ], [ -73.856663, 40.869517 ], [ -73.85745, 40.869533 ], [ -73.857616, 40.869383 ], [ -73.858571, 40.868571 ], [ -73.858541, 40.869551 ], [ -73.859484, 40.869567 ], [ -73.860422, 40.869585 ], [ -73.861433, 40.869603 ], [ -73.861795, 40.869609 ], [ -73.861876, 40.86961 ], [ -73.862447, 40.869622 ], [ -73.863387, 40.869641 ], [ -73.863332, 40.871375 ], [ -73.863182, 40.872175 ], [ -73.86362, 40.872265 ], [ -73.863866, 40.872298 ], [ -73.863897, 40.872406 ], [ -73.863945, 40.872497 ], [ -73.864008, 40.872583 ], [ -73.864103, 40.872673 ], [ -73.864206, 40.872743 ], [ -73.86431, 40.872795 ], [ -73.864371, 40.872802 ], [ -73.864526, 40.87283 ], [ -73.864676, 40.872874 ], [ -73.864811, 40.872928 ], [ -73.864919, 40.872985 ], [ -73.865011, 40.873044 ], [ -73.865109, 40.873121 ], [ -73.865207, 40.873218 ], [ -73.865294, 40.873335 ], [ -73.865345, 40.873387 ], [ -73.86542, 40.873439 ], [ -73.865513, 40.873481 ], [ -73.86561, 40.873507 ], [ -73.865726, 40.873518 ], [ -73.865831, 40.87351 ], [ -73.86594, 40.873485 ], [ -73.866025, 40.873448 ], [ -73.866111, 40.873392 ], [ -73.866169, 40.873335 ], [ -73.866297, 40.873212 ], [ -73.867096, 40.873213 ], [ -73.868208, 40.873235 ], [ -73.86813, 40.875305 ], [ -73.867054, 40.875219 ], [ -73.86702, 40.87592 ], [ -73.86701, 40.876133 ], [ -73.867098, 40.877171 ], [ -73.867017, 40.877322 ], [ -73.86692, 40.877458 ], [ -73.866874, 40.877513 ], [ -73.867061, 40.877558 ], [ -73.867375, 40.877634 ], [ -73.867654, 40.877703 ], [ -73.86805, 40.877799 ], [ -73.868485, 40.877903 ], [ -73.869435, 40.878129 ], [ -73.86931, 40.878428 ] ] ] } },
{ "type": "Feature", "properties": { "STATEFP": "36", "SLDLST": "084", "GEOID": "36084", "GEOIDFQ": "620L800US36084", "NAMELSAD": "Assembly District 84", "LSAD": "L3", "LSY": "2022", "MTFCC": "G5220", "FUNCSTAT": "N", "ALAND": 10244592, "AWATER": 1982778, "INTPTLAT": "+40.8107761", "INTPTLON": "-073.9039676", "ad_num": 84, "AssemDist": 84 }, "geometry": { "type": "Polygon", "coordinates": [ [ [ -73.93263, 40.810606 ], [ -73.932605, 40.811517 ], [ -73.932602, 40.811988 ], [ -73.932493, 40.812884 ], [ -73.932425, 40.813566 ], [ -73.932417, 40.814025 ], [ -73.93241, 40.81406 ], [ -73.932401, 40.814151 ], [ -73.932396, 40.814195 ], [ -73.932394, 40.814217 ], [ -73.93239, 40.814254 ], [ -73.93238, 40.814319 ], [ -73.932368, 40.814399 ], [ -73.932365, 40.814591 ], [ -73.932356, 40.81468 ], [ -73.932349, 40.814754 ], [ -73.932333, 40.814923 ], [ -73.932333, 40.8151 ], [ -73.932263, 40.818002 ], [ -73.932325, 40.819463 ], [ -73.932327, 40.81949 ], [ -73.932327, 40.819503 ], [ -73.930733, 40.819362 ], [ -73.930825, 40.820266 ], [ -73.930633, 40.819907 ], [ -73.930687, 40.820516 ], [ -73.930608, 40.820495 ], [ -73.929752, 40.820266 ], [ -73.928839, 40.820016 ], [ -73.928024, 40.819789 ], [ -73.927301, 40.819595 ], [ -73.926878, 40.819479 ], [ -73.926644, 40.819998 ], [ -73.926352, 40.820552 ], [ -73.926542, 40.820763 ], [ -73.927224, 40.821709 ], [ -73.927841, 40.822533 ], [ -73.928498, 40.823427 ], [ -73.92913, 40.824238 ], [ -73.929549, 40.824773 ], [ -73.929924, 40.825244 ], [ -73.930658, 40.826166 ], [ -73.930693, 40.82621 ], [ -73.930834, 40.82638 ], [ -73.930789, 40.826685 ], [ -73.930735, 40.82701 ], [ -73.930723, 40.827171 ], [ -73.930729, 40.827341 ], [ -73.930738, 40.827439 ], [ -73.930759, 40.82757 ], [ -73.930872, 40.828113 ], [ -73.930956, 40.828335 ], [ -73.931181, 40.82877 ], [ -73.931386, 40.829145 ], [ -73.931516, 40.829399 ], [ -73.931623, 40.829666 ], [ -73.931849, 40.830354 ], [ -73.931937, 40.830947 ], [ -73.931924, 40.830986 ], [ -73.931505, 40.830838 ], [ -73.930711, 40.830574 ], [ -73.929738, 40.830378 ], [ -73.928572, 40.830143 ], [ -73.928108, 40.830997 ], [ -73.927265, 40.832171 ], [ -73.926611, 40.833022 ], [ -73.925364, 40.832625 ], [ -73.925029, 40.833273 ], [ -73.924394, 40.834484 ], [ -73.925265, 40.834774 ], [ -73.924298, 40.83602 ], [ -73.923302, 40.837317 ], [ -73.923231, 40.83816 ], [ -73.922216, 40.837986 ], [ -73.921903, 40.838473 ], [ -73.921193, 40.838156 ], [ -73.919783, 40.840876 ], [ -73.917955, 40.843102 ], [ -73.917949, 40.842229 ], [ -73.917687, 40.842239 ], [ -73.916184, 40.842335 ], [ -73.916892, 40.841347 ], [ -73.917299, 40.840766 ], [ -73.917683, 40.840225 ], [ -73.916783, 40.839881 ], [ -73.91594, 40.839552 ], [ -73.915177, 40.840633 ], [ -73.914472, 40.84162 ], [ -73.913646, 40.841283 ], [ -73.913427, 40.841201 ], [ -73.913343, 40.84117 ], [ -73.912884, 40.840999 ], [ -73.913261, 40.839863 ], [ -73.913611, 40.839249 ], [ -73.913885, 40.838872 ], [ -73.913933, 40.838807 ], [ -73.914006, 40.838706 ], [ -73.914128, 40.838539 ], [ -73.914414, 40.838176 ], [ -73.914535, 40.838022 ], [ -73.914956, 40.837584 ], [ -73.915498, 40.83702 ], [ -73.916039, 40.836457 ], [ -73.916665, 40.835845 ], [ -73.917829, 40.834657 ], [ -73.917836, 40.834649 ], [ -73.917903, 40.834579 ], [ -73.917973, 40.834506 ], [ -73.918577, 40.833872 ], [ -73.919907, 40.834323 ], [ -73.920365, 40.833543 ], [ -73.921062, 40.832355 ], [ -73.921661, 40.831337 ], [ -73.921243, 40.831189 ], [ -73.920651, 40.830981 ], [ -73.921356, 40.829691 ], [ -73.922026, 40.828501 ], [ -73.92285, 40.827043 ], [ -73.922609, 40.82697 ], [ -73.922669, 40.826854 ], [ -73.922742, 40.826714 ], [ -73.923062, 40.826096 ], [ -73.923473, 40.825425 ], [ -73.922274, 40.82497 ], [ -73.922378, 40.824794 ], [ -73.923021, 40.823711 ], [ -73.923073, 40.823624 ], [ -73.923371, 40.8231 ], [ -73.924644, 40.821021 ], [ -73.923639, 40.820777 ], [ -73.923229, 40.820672 ], [ -73.92294, 40.820598 ], [ -73.922652, 40.820494 ], [ -73.921478, 40.8202 ], [ -73.920581, 40.819969 ], [ -73.919844, 40.81978 ], [ -73.918921, 40.819543 ], [ -73.918276, 40.819378 ], [ -73.916498, 40.818878 ], [ -73.914878, 40.818463 ], [ -73.914953, 40.818077 ], [ -73.914472, 40.818507 ], [ -73.913645, 40.818168 ], [ -73.913192, 40.818003 ], [ -73.912373, 40.817509 ], [ -73.912344, 40.817509 ], [ -73.911381, 40.817373 ], [ -73.911942, 40.816047 ], [ -73.911025, 40.815977 ], [ -73.910133, 40.815932 ], [ -73.90991, 40.815936 ], [ -73.90875, 40.818759 ], [ -73.908186, 40.820113 ], [ -73.90775, 40.821168 ], [ -73.907427, 40.821945 ], [ -73.906457, 40.821715 ], [ -73.905659, 40.821557 ], [ -73.904897, 40.821371 ], [ -73.903793, 40.821091 ], [ -73.904107, 40.820296 ], [ -73.904546, 40.819239 ], [ -73.904999, 40.81806 ], [ -73.905313, 40.817925 ], [ -73.905007, 40.817866 ], [ -73.903593, 40.817579 ], [ -73.902579, 40.81737 ], [ -73.902107, 40.818505 ], [ -73.901928, 40.818924 ], [ -73.901832, 40.819147 ], [ -73.901668, 40.819534 ], [ -73.900023, 40.818595 ], [ -73.899818, 40.81847 ], [ -73.899285, 40.818147 ], [ -73.898521, 40.817686 ], [ -73.897786, 40.817246 ], [ -73.899207, 40.815866 ], [ -73.90012, 40.815084 ], [ -73.899728, 40.81429 ], [ -73.899341, 40.813489 ], [ -73.898448, 40.813177 ], [ -73.898352, 40.813137 ], [ -73.898215, 40.81308 ], [ -73.898106, 40.813034 ], [ -73.8973, 40.813634 ], [ -73.896594, 40.814313 ], [ -73.895158, 40.815683 ], [ -73.894724, 40.816144 ], [ -73.89453, 40.816153 ], [ -73.894396, 40.81616 ], [ -73.893856, 40.816196 ], [ -73.89286, 40.816275 ], [ -73.891806, 40.816362 ], [ -73.891251, 40.8164 ], [ -73.889862, 40.81651 ], [ -73.88902, 40.816579 ], [ -73.887996, 40.816664 ], [ -73.887084, 40.81679 ], [ -73.886161, 40.81693 ], [ -73.885239, 40.81707 ], [ -73.884319, 40.81721 ], [ -73.88338, 40.817351 ], [ -73.882977, 40.817337 ], [ -73.882346, 40.817416 ], [ -73.881408, 40.817993 ], [ -73.880219, 40.817165 ], [ -73.879868, 40.816827 ], [ -73.879599, 40.816616 ], [ -73.879354, 40.816371 ], [ -73.878758, 40.816067 ], [ -73.876833, 40.815268 ], [ -73.871998, 40.813743 ], [ -73.87077, 40.811863 ], [ -73.868132, 40.806872 ], [ -73.868313, 40.806314 ], [ -73.870333, 40.803525 ], [ -73.870694, 40.802986 ], [ -73.870981, 40.802575 ], [ -73.871102, 40.802605 ], [ -73.87163, 40.801926 ], [ -73.871238, 40.801719 ], [ -73.871253, 40.801619 ], [ -73.871281, 40.801433 ], [ -73.872264, 40.794992 ], [ -73.892504, 40.801206 ], [ -73.895736, 40.802633 ], [ -73.900784, 40.802698 ], [ -73.901371, 40.795565 ], [ -73.897722, 40.795138 ], [ -73.899869, 40.792449 ], [ -73.912456, 40.796096 ], [ -73.913624, 40.796786 ], [ -73.913802, 40.796834 ], [ -73.913903, 40.796843 ], [ -73.914462, 40.797042 ], [ -73.915754, 40.797589 ], [ -73.916252, 40.797838 ], [ -73.916306, 40.797881 ], [ -73.918669, 40.798801 ], [ -73.918812, 40.798853 ], [ -73.918901, 40.798903 ], [ -73.919053, 40.798988 ], [ -73.919098, 40.799013 ], [ -73.919861, 40.799353 ], [ -73.920357, 40.799672 ], [ -73.920728, 40.800101 ], [ -73.921052, 40.800642 ], [ -73.921204, 40.801011 ], [ -73.921622, 40.801447 ], [ -73.921742, 40.801689 ], [ -73.92234, 40.801962 ], [ -73.923022, 40.802425 ], [ -73.923633, 40.802554 ], [ -73.923748, 40.802548 ], [ -73.923801, 40.802504 ], [ -73.924069, 40.802468 ], [ -73.925081, 40.802521 ], [ -73.926419, 40.802476 ], [ -73.926562, 40.802476 ], [ -73.926737, 40.8025 ], [ -73.92725, 40.802558 ], [ -73.927525, 40.802764 ], [ -73.928225, 40.80385 ], [ -73.928401, 40.804106 ], [ -73.929986, 40.805793 ], [ -73.930347, 40.806196 ], [ -73.930406, 40.806479 ], [ -73.931166, 40.807205 ], [ -73.931801, 40.807876 ], [ -73.931825, 40.807902 ], [ -73.932112, 40.808182 ], [ -73.932346, 40.808586 ], [ -73.932477, 40.808864 ], [ -73.93257, 40.809256 ], [ -73.932586, 40.809676 ], [ -73.932615, 40.810015 ], [ -73.93263, 40.810606 ] ] ] } },
{ "type": "Feature", "properties": { "STATEFP": "36", "SLDLST": "085", "GEOID": "36085", "GEOIDFQ": "620L800US36085", "NAMELSAD": "Assembly District 85", "LSAD": "L3", "LSY": "2022", "MTFCC": "G5220", "FUNCSTAT": "N", "ALAND": 9473446, "AWATER": 4087943, "INTPTLAT": "+40.8256358", "INTPTLON": "-073.8871808", "ad_num": 85, "AssemDist": 85 }, "geometry": { "type": "Polygon", "coordinates": [ [ [ -73.901602, 40.819695 ], [ -73.901292, 40.820475 ], [ -73.900845, 40.821542 ], [ -73.900612, 40.822109 ], [ -73.900039, 40.823482 ], [ -73.899799, 40.824058 ], [ -73.898874, 40.82385 ], [ -73.898142, 40.823854 ], [ -73.897329, 40.823856 ], [ -73.896861, 40.823848 ], [ -73.895847, 40.823892 ], [ -73.895824, 40.825995 ], [ -73.896222, 40.82717 ], [ -73.895292, 40.828143 ], [ -73.895226, 40.828213 ], [ -73.895058, 40.828388 ], [ -73.894269, 40.829211 ], [ -73.893833, 40.82967 ], [ -73.89336, 40.830152 ], [ -73.892886, 40.830148 ], [ -73.891876, 40.830137 ], [ -73.890873, 40.830136 ], [ -73.889912, 40.830124 ], [ -73.889093, 40.831527 ], [ -73.88906, 40.831584 ], [ -73.888936, 40.831798 ], [ -73.887948, 40.833447 ], [ -73.887095, 40.833152 ], [ -73.886242, 40.832855 ], [ -73.88538, 40.83256 ], [ -73.884394, 40.834211 ], [ -73.883396, 40.835884 ], [ -73.884249, 40.836179 ], [ -73.885107, 40.836475 ], [ -73.884817, 40.836977 ], [ -73.883739, 40.838846 ], [ -73.883565, 40.838986 ], [ -73.883468, 40.839057 ], [ -73.882992, 40.838796 ], [ -73.88288, 40.838728 ], [ -73.882741, 40.838644 ], [ -73.88172, 40.837954 ], [ -73.88079, 40.837512 ], [ -73.880706, 40.837471 ], [ -73.880599, 40.837419 ], [ -73.880163, 40.837256 ], [ -73.879332, 40.836973 ], [ -73.877615, 40.836569 ], [ -73.876942, 40.836505 ], [ -73.876399, 40.836455 ], [ -73.875078, 40.836388 ], [ -73.874253, 40.836342 ], [ -73.873843, 40.836327 ], [ -73.873824, 40.836399 ], [ -73.873689, 40.83639 ], [ -73.873716, 40.836318 ], [ -73.873365, 40.836291 ], [ -73.872089, 40.836208 ], [ -73.871542, 40.836146 ], [ -73.871227, 40.83611 ], [ -73.870761, 40.836038 ], [ -73.870459, 40.835988 ], [ -73.870177, 40.83595 ], [ -73.869993, 40.835914 ], [ -73.869994, 40.83565 ], [ -73.869996, 40.835544 ], [ -73.869997, 40.835437 ], [ -73.869939, 40.83477 ], [ -73.869422, 40.832563 ], [ -73.869079, 40.831086 ], [ -73.86872, 40.829558 ], [ -73.868223, 40.827426 ], [ -73.867268, 40.827554 ], [ -73.866346, 40.82768 ], [ -73.86542, 40.827802 ], [ -73.864494, 40.827926 ], [ -73.863572, 40.828049 ], [ -73.862642, 40.82817 ], [ -73.861717, 40.828296 ], [ -73.861207, 40.826087 ], [ -73.859703, 40.826277 ], [ -73.858672, 40.826424 ], [ -73.857278, 40.826599 ], [ -73.857021, 40.826656 ], [ -73.856747, 40.826705 ], [ -73.85645, 40.826744 ], [ -73.8563, 40.826757 ], [ -73.856151, 40.82677 ], [ -73.856059, 40.82665 ], [ -73.856015, 40.826497 ], [ -73.855993, 40.826387 ], [ -73.855964, 40.826241 ], [ -73.855972, 40.826064 ], [ -73.855869, 40.825615 ], [ -73.855646, 40.824633 ], [ -73.855486, 40.823912 ], [ -73.855312, 40.823192 ], [ -73.858445, 40.822774 ], [ -73.858264, 40.822013 ], [ -73.859262, 40.821882 ], [ -73.860193, 40.821757 ], [ -73.861114, 40.821632 ], [ -73.862029, 40.821509 ], [ -73.86298, 40.821384 ], [ -73.862464, 40.819247 ], [ -73.861531, 40.819379 ], [ -73.860612, 40.819497 ], [ -73.860122, 40.817389 ], [ -73.859198, 40.817511 ], [ -73.858703, 40.815405 ], [ -73.85778, 40.81553 ], [ -73.856783, 40.815662 ], [ -73.855517, 40.815833 ], [ -73.854718, 40.815942 ], [ -73.85362, 40.816088 ], [ -73.851629, 40.816354 ], [ -73.850599, 40.816498 ], [ -73.849574, 40.816634 ], [ -73.848588, 40.816765 ], [ -73.847539, 40.816905 ], [ -73.846478, 40.817049 ], [ -73.845496, 40.817181 ], [ -73.844486, 40.817315 ], [ -73.843881, 40.817391 ], [ -73.843995, 40.817246 ], [ -73.845071, 40.815419 ], [ -73.845244, 40.815006 ], [ -73.844333, 40.81485 ], [ -73.84438, 40.814208 ], [ -73.84463, 40.813697 ], [ -73.842449, 40.813438 ], [ -73.843134, 40.811603 ], [ -73.845117, 40.806299 ], [ -73.846654, 40.801024 ], [ -73.853072, 40.800113 ], [ -73.854632, 40.799724 ], [ -73.862965, 40.79767 ], [ -73.863147, 40.797497 ], [ -73.863502, 40.797162 ], [ -73.867118, 40.793742 ], [ -73.870207, 40.790909 ], [ -73.870299, 40.790688 ], [ -73.870973, 40.789057 ], [ -73.870947, 40.788954 ], [ -73.870977, 40.788878 ], [ -73.870961, 40.788743 ], [ -73.870949, 40.788607 ], [ -73.87095, 40.788468 ], [ -73.870892, 40.788339 ], [ -73.870853, 40.788206 ], [ -73.870801, 40.788063 ], [ -73.87079, 40.78803 ], [ -73.870786, 40.787996 ], [ -73.870787, 40.787962 ], [ -73.870795, 40.787929 ], [ -73.870809, 40.787897 ], [ -73.871073, 40.787575 ], [ -73.871225, 40.787445 ], [ -73.871374, 40.787271 ], [ -73.871475, 40.787043 ], [ -73.871631, 40.786798 ], [ -73.871876, 40.786624 ], [ -73.872106, 40.786469 ], [ -73.872265, 40.786424 ], [ -73.872473, 40.786303 ], [ -73.872685, 40.786154 ], [ -73.872788, 40.786078 ], [ -73.872872, 40.785975 ], [ -73.872823, 40.785964 ], [ -73.872774, 40.785942 ], [ -73.872809, 40.785903 ], [ -73.872854, 40.785926 ], [ -73.872885, 40.785963 ], [ -73.872981, 40.785894 ], [ -73.873088, 40.785855 ], [ -73.873202, 40.785825 ], [ -73.873286, 40.785812 ], [ -73.873355, 40.785789 ], [ -73.873428, 40.785762 ], [ -73.87351, 40.785721 ], [ -73.873689, 40.785755 ], [ -73.873864, 40.785765 ], [ -73.874038, 40.78578 ], [ -73.874211, 40.7858 ], [ -73.874356, 40.78581 ], [ -73.874596, 40.785836 ], [ -73.874837, 40.785857 ], [ -73.875079, 40.785872 ], [ -73.875321, 40.785881 ], [ -73.875563, 40.785884 ], [ -73.875806, 40.785881 ], [ -73.876048, 40.785872 ], [ -73.87629, 40.785858 ], [ -73.876531, 40.785837 ], [ -73.876771, 40.785811 ], [ -73.876973, 40.785778 ], [ -73.877173, 40.785737 ], [ -73.877371, 40.78569 ], [ -73.877566, 40.785636 ], [ -73.877757, 40.785576 ], [ -73.877944, 40.785509 ], [ -73.878128, 40.785436 ], [ -73.878307, 40.785357 ], [ -73.882929, 40.786209 ], [ -73.885222, 40.78663 ], [ -73.885303, 40.786685 ], [ -73.885374, 40.786669 ], [ -73.88577, 40.786678 ], [ -73.885962, 40.786753 ], [ -73.88613, 40.786708 ], [ -73.886317, 40.786733 ], [ -73.886593, 40.786738 ], [ -73.886922, 40.786733 ], [ -73.887153, 40.786826 ], [ -73.887278, 40.786807 ], [ -73.8877, 40.78687 ], [ -73.888307, 40.787006 ], [ -73.888565, 40.787161 ], [ -73.889052, 40.787373 ], [ -73.889405, 40.787791 ], [ -73.889523, 40.788059 ], [ -73.889611, 40.7882 ], [ -73.889797, 40.788652 ], [ -73.88987, 40.788895 ], [ -73.889885, 40.78901 ], [ -73.890127, 40.789636 ], [ -73.890301, 40.789877 ], [ -73.89057, 40.790108 ], [ -73.8908, 40.790208 ], [ -73.89092, 40.790226 ], [ -73.891156, 40.790174 ], [ -73.891405, 40.790194 ], [ -73.891606, 40.790161 ], [ -73.89177, 40.790222 ], [ -73.891974, 40.790236 ], [ -73.892104, 40.790323 ], [ -73.892182, 40.790394 ], [ -73.899869, 40.792449 ], [ -73.897722, 40.795138 ], [ -73.901371, 40.795565 ], [ -73.900784, 40.802698 ], [ -73.895736, 40.802633 ], [ -73.892504, 40.801206 ], [ -73.872264, 40.794992 ], [ -73.871281, 40.801433 ], [ -73.871253, 40.801619 ], [ -73.871238, 40.801719 ], [ -73.87163, 40.801926 ], [ -73.871102, 40.802605 ], [ -73.870981, 40.802575 ], [ -73.870694, 40.802986 ], [ -73.870333, 40.803525 ], [ -73.868313, 40.806314 ], [ -73.868132, 40.806872 ], [ -73.87077, 40.811863 ], [ -73.871998, 40.813743 ], [ -73.876833, 40.815268 ], [ -73.878758, 40.816067 ], [ -73.879354, 40.816371 ], [ -73.879599, 40.816616 ], [ -73.879868, 40.816827 ], [ -73.880219, 40.817165 ], [ -73.881408, 40.817993 ], [ -73.882346, 40.817416 ], [ -73.882977, 40.817337 ], [ -73.88338, 40.817351 ], [ -73.884319, 40.81721 ], [ -73.885239, 40.81707 ], [ -73.886161, 40.81693 ], [ -73.887084, 40.81679 ], [ -73.887996, 40.816664 ], [ -73.88902, 40.816579 ], [ -73.889862, 40.81651 ], [ -73.891251, 40.8164 ], [ -73.891806, 40.816362 ], [ -73.89286, 40.816275 ], [ -73.893856, 40.816196 ], [ -73.894396, 40.81616 ], [ -73.89453, 40.816153 ], [ -73.894724, 40.816144 ], [ -73.895158, 40.815683 ], [ -73.896594, 40.814313 ], [ -73.8973, 40.813634 ], [ -73.898106, 40.813034 ], [ -73.898215, 40.81308 ], [ -73.898352, 40.813137 ], [ -73.898448, 40.813177 ], [ -73.899341, 40.813489 ], [ -73.899728, 40.81429 ], [ -73.90012, 40.815084 ], [ -73.899207, 40.815866 ], [ -73.897786, 40.817246 ], [ -73.898521, 40.817686 ], [ -73.899285, 40.818147 ], [ -73.899818, 40.81847 ], [ -73.900023, 40.818595 ], [ -73.901668, 40.819534 ], [ -73.901602, 40.819695 ] ] ] } },
{ "type": "Feature", "properties": { "STATEFP": "36", "SLDLST": "086", "GEOID": "36086", "GEOIDFQ": "620L800US36086", "NAMELSAD": "Assembly District 86", "LSAD": "L3", "LSY": "2022", "MTFCC": "G5220", "FUNCSTAT": "N", "ALAND": 4252963, "AWATER": 45100, "INTPTLAT": "+40.8542422", "INTPTLON": "-073.9051854", "ad_num": 86, "AssemDist": 86 }, "geometry": { "type": "Polygon", "coordinates": [ [ [ -73.922035, 40.847721 ], [ -73.921656, 40.848184 ], [ -73.921278, 40.848648 ], [ -73.920319, 40.849804 ], [ -73.919841, 40.850394 ], [ -73.919592, 40.85068 ], [ -73.918326, 40.851543 ], [ -73.91823, 40.851837 ], [ -73.918223, 40.851866 ], [ -73.918289, 40.851998 ], [ -73.918625, 40.852386 ], [ -73.919096, 40.852675 ], [ -73.918615, 40.852844 ], [ -73.918167, 40.852983 ], [ -73.916935, 40.854609 ], [ -73.91679, 40.854873 ], [ -73.915886, 40.857887 ], [ -73.916642, 40.857988 ], [ -73.916875, 40.858009 ], [ -73.917058, 40.858027 ], [ -73.917338, 40.857389 ], [ -73.917387, 40.857277 ], [ -73.91764, 40.857348 ], [ -73.917901, 40.856937 ], [ -73.91929, 40.857475 ], [ -73.9185, 40.858352 ], [ -73.918206, 40.858679 ], [ -73.916975, 40.859909 ], [ -73.9165, 40.860384 ], [ -73.914901, 40.861983 ], [ -73.91434, 40.862521 ], [ -73.910851, 40.866528 ], [ -73.910209, 40.867591 ], [ -73.910056, 40.867849 ], [ -73.909804, 40.868282 ], [ -73.909203, 40.869776 ], [ -73.909105, 40.871676 ], [ -73.908605, 40.871678 ], [ -73.908526, 40.871792 ], [ -73.908249, 40.872187 ], [ -73.90798, 40.872572 ], [ -73.907905, 40.872678 ], [ -73.907104, 40.872978 ], [ -73.907007, 40.873373 ], [ -73.907, 40.873455 ], [ -73.9067, 40.873397 ], [ -73.906413, 40.873296 ], [ -73.906162, 40.873243 ], [ -73.905988, 40.873202 ], [ -73.905714, 40.873138 ], [ -73.904662, 40.872645 ], [ -73.9045, 40.872534 ], [ -73.904459, 40.872423 ], [ -73.904442, 40.872176 ], [ -73.904436, 40.871576 ], [ -73.904494, 40.870836 ], [ -73.904483, 40.870566 ], [ -73.904397, 40.870348 ], [ -73.904731, 40.870344 ], [ -73.905055, 40.870308 ], [ -73.905585, 40.870135 ], [ -73.905996, 40.869873 ], [ -73.906319, 40.869572 ], [ -73.907222, 40.868851 ], [ -73.90793, 40.868451 ], [ -73.908368, 40.867247 ], [ -73.908527, 40.866537 ], [ -73.908488, 40.865345 ], [ -73.908826, 40.864854 ], [ -73.909027, 40.864216 ], [ -73.909071, 40.863853 ], [ -73.909107, 40.863555 ], [ -73.909099, 40.863001 ], [ -73.90904, 40.862679 ], [ -73.908608, 40.862796 ], [ -73.90821, 40.862828 ], [ -73.907586, 40.862816 ], [ -73.906159, 40.862779 ], [ -73.904934, 40.862749 ], [ -73.904038, 40.862741 ], [ -73.903319, 40.862735 ], [ -73.902901, 40.862708 ], [ -73.902566, 40.862702 ], [ -73.902293, 40.862717 ], [ -73.901866, 40.862787 ], [ -73.901566, 40.862806 ], [ -73.90133, 40.8628 ], [ -73.90108, 40.862756 ], [ -73.900276, 40.863788 ], [ -73.899606, 40.864646 ], [ -73.898873, 40.865584 ], [ -73.897979, 40.866728 ], [ -73.896925, 40.866251 ], [ -73.895999, 40.865834 ], [ -73.896832, 40.864675 ], [ -73.897495, 40.86367 ], [ -73.89804, 40.862831 ], [ -73.898387, 40.862344 ], [ -73.897306, 40.862499 ], [ -73.897068, 40.862534 ], [ -73.896904, 40.862495 ], [ -73.896939, 40.862442 ], [ -73.897561, 40.861304 ], [ -73.896425, 40.860997 ], [ -73.895376, 40.860744 ], [ -73.894631, 40.860553 ], [ -73.894042, 40.860279 ], [ -73.893215, 40.859874 ], [ -73.892257, 40.85941 ], [ -73.892074, 40.859314 ], [ -73.891921, 40.859245 ], [ -73.892223, 40.858833 ], [ -73.892649, 40.858252 ], [ -73.893122, 40.857604 ], [ -73.893552, 40.857007 ], [ -73.893992, 40.856405 ], [ -73.894432, 40.855786 ], [ -73.893136, 40.855244 ], [ -73.8925, 40.854975 ], [ -73.891801, 40.854611 ], [ -73.892001, 40.854396 ], [ -73.892267, 40.85411 ], [ -73.893071, 40.85325 ], [ -73.894318, 40.851891 ], [ -73.893426, 40.851404 ], [ -73.892797, 40.851098 ], [ -73.891741, 40.851666 ], [ -73.891052, 40.852004 ], [ -73.890483, 40.852288 ], [ -73.88994, 40.852591 ], [ -73.889879, 40.85207 ], [ -73.889518, 40.851803 ], [ -73.888953, 40.851441 ], [ -73.889332, 40.850832 ], [ -73.8899, 40.849869 ], [ -73.89046, 40.848933 ], [ -73.891334, 40.84747 ], [ -73.892421, 40.848003 ], [ -73.89304, 40.846971 ], [ -73.893374, 40.846401 ], [ -73.892901, 40.846269 ], [ -73.89322, 40.845808 ], [ -73.893398, 40.845403 ], [ -73.893567, 40.845138 ], [ -73.893985, 40.844704 ], [ -73.894673, 40.843915 ], [ -73.894809, 40.843761 ], [ -73.894894, 40.843636 ], [ -73.895179, 40.843666 ], [ -73.895483, 40.843705 ], [ -73.896726, 40.843853 ], [ -73.897558, 40.843917 ], [ -73.897611, 40.84381 ], [ -73.898663, 40.843933 ], [ -73.899733, 40.844056 ], [ -73.899675, 40.844157 ], [ -73.900982, 40.844309 ], [ -73.901165, 40.844332 ], [ -73.901374, 40.84436 ], [ -73.90271, 40.84454 ], [ -73.90385, 40.844657 ], [ -73.904851, 40.844726 ], [ -73.904847, 40.84459 ], [ -73.904937, 40.843375 ], [ -73.905, 40.842535 ], [ -73.906002, 40.842629 ], [ -73.906846, 40.842668 ], [ -73.907744, 40.842703 ], [ -73.908657, 40.84272 ], [ -73.90959, 40.842753 ], [ -73.910486, 40.842786 ], [ -73.910982, 40.842803 ], [ -73.911751, 40.84286 ], [ -73.911841, 40.84294 ], [ -73.91199, 40.843071 ], [ -73.911927, 40.843267 ], [ -73.911758, 40.84319 ], [ -73.911521, 40.84389 ], [ -73.911498, 40.843958 ], [ -73.911344, 40.844382 ], [ -73.911115, 40.844803 ], [ -73.91132, 40.844783 ], [ -73.911143, 40.845063 ], [ -73.911044, 40.84521 ], [ -73.910743, 40.845459 ], [ -73.910882, 40.845542 ], [ -73.911439, 40.845873 ], [ -73.910647, 40.84698 ], [ -73.910235, 40.847556 ], [ -73.909417, 40.847393 ], [ -73.90882, 40.847265 ], [ -73.908582, 40.848023 ], [ -73.907745, 40.847856 ], [ -73.907526, 40.848046 ], [ -73.906984, 40.848584 ], [ -73.908304, 40.848848 ], [ -73.908013, 40.849669 ], [ -73.907648, 40.85086 ], [ -73.906993, 40.850371 ], [ -73.906581, 40.850821 ], [ -73.90605, 40.851401 ], [ -73.906821, 40.851808 ], [ -73.905602, 40.853149 ], [ -73.906448, 40.853474 ], [ -73.907333, 40.853816 ], [ -73.908418, 40.852644 ], [ -73.909215, 40.851801 ], [ -73.909531, 40.851902 ], [ -73.909864, 40.851958 ], [ -73.910175, 40.851983 ], [ -73.910777, 40.851939 ], [ -73.911025, 40.851906 ], [ -73.911322, 40.851805 ], [ -73.911453, 40.85174 ], [ -73.911536, 40.851692 ], [ -73.911844, 40.851445 ], [ -73.911947, 40.851353 ], [ -73.912113, 40.851092 ], [ -73.912172, 40.850943 ], [ -73.912212, 40.850781 ], [ -73.912291, 40.85061 ], [ -73.912482, 40.850378 ], [ -73.912731, 40.85017 ], [ -73.912875, 40.850125 ], [ -73.913464, 40.850018 ], [ -73.914156, 40.849968 ], [ -73.914898, 40.850208 ], [ -73.915452, 40.850494 ], [ -73.916051, 40.850043 ], [ -73.916127, 40.849006 ], [ -73.916142, 40.848878 ], [ -73.917644, 40.84773 ], [ -73.918414, 40.848328 ], [ -73.918753, 40.848071 ], [ -73.919411, 40.847635 ], [ -73.919609, 40.847578 ], [ -73.920542, 40.846894 ], [ -73.921345, 40.84718 ], [ -73.921896, 40.84731 ], [ -73.922305, 40.847408 ], [ -73.922035, 40.847721 ] ] ] } },
{ "type": "Feature", "properties": { "STATEFP": "36", "SLDLST": "087", "GEOID": "36087", "GEOIDFQ": "620L800US36087", "NAMELSAD": "Assembly District 87", "LSAD": "L3", "LSY": "2022", "MTFCC": "G5220", "FUNCSTAT": "N", "ALAND": 7081946, "AWATER": 217110, "INTPTLAT": "+40.8331516", "INTPTLON": "-073.8582142", "ad_num": 87, "AssemDist": 87 }, "geometry": { "type": "Polygon", "coordinates": [ [ [ -73.88545, 40.841752 ], [ -73.885298, 40.842536 ], [ -73.885085, 40.843609 ], [ -73.884882, 40.8446 ], [ -73.885292, 40.844608 ], [ -73.885192, 40.845195 ], [ -73.884465, 40.845985 ], [ -73.88379, 40.846783 ], [ -73.883445, 40.847153 ], [ -73.883301, 40.847454 ], [ -73.883216, 40.847768 ], [ -73.883109, 40.848273 ], [ -73.882781, 40.84807 ], [ -73.882844, 40.847818 ], [ -73.881998, 40.847235 ], [ -73.881056, 40.846594 ], [ -73.880477, 40.846197 ], [ -73.879194, 40.845321 ], [ -73.878007, 40.844484 ], [ -73.877314, 40.844007 ], [ -73.87652, 40.845293 ], [ -73.876464, 40.845691 ], [ -73.876343, 40.846161 ], [ -73.876172, 40.846576 ], [ -73.875944, 40.847022 ], [ -73.875295, 40.848315 ], [ -73.875099, 40.850277 ], [ -73.875207, 40.850495 ], [ -73.875262, 40.850681 ], [ -73.875282, 40.850914 ], [ -73.875254, 40.851114 ], [ -73.875234, 40.851199 ], [ -73.874496, 40.852581 ], [ -73.874059, 40.852977 ], [ -73.873681, 40.853249 ], [ -73.873316, 40.853439 ], [ -73.872722, 40.853679 ], [ -73.872348, 40.853805 ], [ -73.871938, 40.854042 ], [ -73.871763, 40.854113 ], [ -73.871281, 40.85425 ], [ -73.870984, 40.854397 ], [ -73.870786, 40.854522 ], [ -73.87061, 40.854653 ], [ -73.870441, 40.854801 ], [ -73.869815, 40.855484 ], [ -73.869377, 40.854266 ], [ -73.869167, 40.853686 ], [ -73.868722, 40.852424 ], [ -73.868609, 40.852088 ], [ -73.868235, 40.850913 ], [ -73.869209, 40.849239 ], [ -73.869328, 40.849274 ], [ -73.869389, 40.849148 ], [ -73.869451, 40.848979 ], [ -73.869497, 40.848836 ], [ -73.869535, 40.848687 ], [ -73.869561, 40.848462 ], [ -73.869572, 40.848241 ], [ -73.869554, 40.848072 ], [ -73.868926, 40.848151 ], [ -73.868374, 40.84897 ], [ -73.867855, 40.848889 ], [ -73.868006, 40.848302 ], [ -73.868355, 40.84708 ], [ -73.868927, 40.846882 ], [ -73.868867, 40.846797 ], [ -73.868787, 40.846656 ], [ -73.868721, 40.8465 ], [ -73.868677, 40.846346 ], [ -73.868653, 40.846182 ], [ -73.86865, 40.84605 ], [ -73.868662, 40.845902 ], [ -73.868695, 40.845749 ], [ -73.868742, 40.84561 ], [ -73.868637, 40.84531 ], [ -73.868283, 40.844967 ], [ -73.868019, 40.844841 ], [ -73.868127, 40.844787 ], [ -73.868892, 40.84441 ], [ -73.869595, 40.843981 ], [ -73.870301, 40.843549 ], [ -73.870995, 40.843112 ], [ -73.871534, 40.842514 ], [ -73.872253, 40.841601 ], [ -73.8713, 40.841215 ], [ -73.870571, 40.840542 ], [ -73.869874, 40.839888 ], [ -73.869724, 40.839748 ], [ -73.869326, 40.839574 ], [ -73.869208, 40.8396 ], [ -73.868847, 40.839753 ], [ -73.868723, 40.839806 ], [ -73.868308, 40.839995 ], [ -73.867822, 40.840166 ], [ -73.867406, 40.840305 ], [ -73.867248, 40.840344 ], [ -73.866965, 40.840423 ], [ -73.866361, 40.840592 ], [ -73.865465, 40.840857 ], [ -73.865045, 40.840954 ], [ -73.864465, 40.841088 ], [ -73.86358, 40.841278 ], [ -73.861762, 40.841513 ], [ -73.856916, 40.842062 ], [ -73.856184, 40.842146 ], [ -73.855465, 40.842227 ], [ -73.855195, 40.842258 ], [ -73.853335, 40.84247 ], [ -73.852802, 40.842531 ], [ -73.852312, 40.842587 ], [ -73.851799, 40.842648 ], [ -73.851208, 40.842715 ], [ -73.850889, 40.842753 ], [ -73.850523, 40.84279 ], [ -73.849992, 40.842852 ], [ -73.849392, 40.842919 ], [ -73.848546, 40.843007 ], [ -73.847857, 40.842485 ], [ -73.848353, 40.842097 ], [ -73.848986, 40.8416 ], [ -73.847962, 40.840828 ], [ -73.847798, 40.840697 ], [ -73.847156, 40.840264 ], [ -73.846479, 40.839809 ], [ -73.845531, 40.839173 ], [ -73.844581, 40.838536 ], [ -73.843918, 40.839087 ], [ -73.843611, 40.839348 ], [ -73.84331, 40.839603 ], [ -73.843062, 40.839797 ], [ -73.841977, 40.83891 ], [ -73.841616, 40.838387 ], [ -73.841171, 40.83771 ], [ -73.840556, 40.836714 ], [ -73.840028, 40.835663 ], [ -73.839961, 40.835493 ], [ -73.839908, 40.835123 ], [ -73.839955, 40.834901 ], [ -73.84098, 40.834009 ], [ -73.841717, 40.833401 ], [ -73.84204, 40.833123 ], [ -73.844206, 40.831339 ], [ -73.844577, 40.831302 ], [ -73.844415, 40.830599 ], [ -73.843096, 40.830782 ], [ -73.842671, 40.830857 ], [ -73.842548, 40.831056 ], [ -73.842416, 40.831207 ], [ -73.842279, 40.831267 ], [ -73.841915, 40.83081 ], [ -73.842028, 40.830508 ], [ -73.842189, 40.83031 ], [ -73.842331, 40.829941 ], [ -73.842368, 40.829431 ], [ -73.842311, 40.829079 ], [ -73.842314, 40.828923 ], [ -73.842308, 40.828799 ], [ -73.842346, 40.828795 ], [ -73.842387, 40.82879 ], [ -73.842385, 40.828688 ], [ -73.842812, 40.828637 ], [ -73.842748, 40.828544 ], [ -73.842736, 40.828528 ], [ -73.842667, 40.828342 ], [ -73.842653, 40.828263 ], [ -73.84267, 40.82804 ], [ -73.842667, 40.827997 ], [ -73.84265, 40.827909 ], [ -73.842363, 40.827943 ], [ -73.842331, 40.827873 ], [ -73.842297, 40.827831 ], [ -73.842235, 40.827777 ], [ -73.838906, 40.821118 ], [ -73.842106, 40.814444 ], [ -73.842449, 40.813438 ], [ -73.84463, 40.813697 ], [ -73.84438, 40.814208 ], [ -73.844333, 40.81485 ], [ -73.845244, 40.815006 ], [ -73.845071, 40.815419 ], [ -73.843995, 40.817246 ], [ -73.843881, 40.817391 ], [ -73.844486, 40.817315 ], [ -73.845496, 40.817181 ], [ -73.846478, 40.817049 ], [ -73.847539, 40.816905 ], [ -73.848588, 40.816765 ], [ -73.849574, 40.816634 ], [ -73.850599, 40.816498 ], [ -73.851629, 40.816354 ], [ -73.85362, 40.816088 ], [ -73.854718, 40.815942 ], [ -73.855517, 40.815833 ], [ -73.856783, 40.815662 ], [ -73.85778, 40.81553 ], [ -73.858703, 40.815405 ], [ -73.859198, 40.817511 ], [ -73.860122, 40.817389 ], [ -73.860612, 40.819497 ], [ -73.861531, 40.819379 ], [ -73.862464, 40.819247 ], [ -73.86298, 40.821384 ], [ -73.862029, 40.821509 ], [ -73.861114, 40.821632 ], [ -73.860193, 40.821757 ], [ -73.859262, 40.821882 ], [ -73.858264, 40.822013 ], [ -73.858445, 40.822774 ], [ -73.855312, 40.823192 ], [ -73.855486, 40.823912 ], [ -73.855646, 40.824633 ], [ -73.855869, 40.825615 ], [ -73.855972, 40.826064 ], [ -73.855964, 40.826241 ], [ -73.855993, 40.826387 ], [ -73.856015, 40.826497 ], [ -73.856059, 40.82665 ], [ -73.856151, 40.82677 ], [ -73.8563, 40.826757 ], [ -73.85645, 40.826744 ], [ -73.856747, 40.826705 ], [ -73.857021, 40.826656 ], [ -73.857278, 40.826599 ], [ -73.858672, 40.826424 ], [ -73.859703, 40.826277 ], [ -73.861207, 40.826087 ], [ -73.861717, 40.828296 ], [ -73.862642, 40.82817 ], [ -73.863572, 40.828049 ], [ -73.864494, 40.827926 ], [ -73.86542, 40.827802 ], [ -73.866346, 40.82768 ], [ -73.867268, 40.827554 ], [ -73.868223, 40.827426 ], [ -73.86872, 40.829558 ], [ -73.869079, 40.831086 ], [ -73.869422, 40.832563 ], [ -73.869939, 40.83477 ], [ -73.869997, 40.835437 ], [ -73.869996, 40.835544 ], [ -73.869994, 40.83565 ], [ -73.869993, 40.835914 ], [ -73.870177, 40.83595 ], [ -73.870459, 40.835988 ], [ -73.870761, 40.836038 ], [ -73.871227, 40.83611 ], [ -73.871542, 40.836146 ], [ -73.872089, 40.836208 ], [ -73.873365, 40.836291 ], [ -73.873716, 40.836318 ], [ -73.873689, 40.83639 ], [ -73.873824, 40.836399 ], [ -73.873843, 40.836327 ], [ -73.874253, 40.836342 ], [ -73.875078, 40.836388 ], [ -73.876399, 40.836455 ], [ -73.876942, 40.836505 ], [ -73.877615, 40.836569 ], [ -73.879332, 40.836973 ], [ -73.880163, 40.837256 ], [ -73.880599, 40.837419 ], [ -73.880706, 40.837471 ], [ -73.88079, 40.837512 ], [ -73.88172, 40.837954 ], [ -73.882741, 40.838644 ], [ -73.88288, 40.838728 ], [ -73.882992, 40.838796 ], [ -73.883468, 40.839057 ], [ -73.883811, 40.839469 ], [ -73.883938, 40.839573 ], [ -73.884918, 40.840063 ], [ -73.885684, 40.84051 ], [ -73.88545, 40.841752 ] ] ] } },
{ "type": "Feature", "properties": { "STATEFP": "36", "SLDLST": "070", "GEOID": "36070", "GEOIDFQ": "620L800US36070", "NAMELSAD": "Assembly District 70", "LSAD": "L3", "LSY": "2022", "MTFCC": "G5220", "FUNCSTAT": "N", "ALAND": 4457350, "AWATER": 421216, "INTPTLAT": "+40.8126334", "INTPTLON": "-073.9500947", "ad_num": 70, "AssemDist": 70 }, "geometry": { "type": "Polygon", "coordinates": [ [ [ -73.971123, 40.816308 ], [ -73.970693, 40.816897 ], [ -73.967894, 40.820731 ], [ -73.967865, 40.820771 ], [ -73.963475, 40.818729 ], [ -73.96298, 40.818512 ], [ -73.962067, 40.818099 ], [ -73.961901, 40.818048 ], [ -73.961819, 40.818023 ], [ -73.961688, 40.817967 ], [ -73.961575, 40.81791 ], [ -73.960911, 40.818565 ], [ -73.960469, 40.819054 ], [ -73.959946, 40.819635 ], [ -73.959422, 40.820234 ], [ -73.959167, 40.820537 ], [ -73.958918, 40.820832 ], [ -73.958787, 40.821005 ], [ -73.958407, 40.821497 ], [ -73.958301, 40.821461 ], [ -73.958208, 40.821421 ], [ -73.957929, 40.821301 ], [ -73.957523, 40.821143 ], [ -73.957341, 40.821163 ], [ -73.956745, 40.821685 ], [ -73.9561, 40.822234 ], [ -73.955992, 40.822351 ], [ -73.955896, 40.822475 ], [ -73.955815, 40.822605 ], [ -73.955748, 40.822739 ], [ -73.955697, 40.822876 ], [ -73.955352, 40.823535 ], [ -73.95532, 40.82359 ], [ -73.95483, 40.824126 ], [ -73.952762, 40.823263 ], [ -73.952304, 40.823887 ], [ -73.950496, 40.82312 ], [ -73.949465, 40.82269 ], [ -73.948083, 40.822108 ], [ -73.947622, 40.822737 ], [ -73.947165, 40.82336 ], [ -73.946714, 40.823981 ], [ -73.946222, 40.824652 ], [ -73.944756, 40.824032 ], [ -73.943842, 40.823648 ], [ -73.944031, 40.823251 ], [ -73.944845, 40.82155 ], [ -73.945155, 40.820876 ], [ -73.944603, 40.821462 ], [ -73.944049, 40.822052 ], [ -73.943506, 40.822628 ], [ -73.942411, 40.822164 ], [ -73.939566, 40.820965 ], [ -73.940022, 40.820342 ], [ -73.940477, 40.819721 ], [ -73.94025, 40.819624 ], [ -73.938029, 40.818681 ], [ -73.937641, 40.818517 ], [ -73.937181, 40.819144 ], [ -73.936721, 40.81977 ], [ -73.936227, 40.820438 ], [ -73.934475, 40.819697 ], [ -73.934313, 40.81963 ], [ -73.934117, 40.819551 ], [ -73.933823, 40.819491 ], [ -73.932327, 40.819503 ], [ -73.932327, 40.81949 ], [ -73.932325, 40.819463 ], [ -73.932263, 40.818002 ], [ -73.932333, 40.8151 ], [ -73.932333, 40.814923 ], [ -73.932349, 40.814754 ], [ -73.932356, 40.81468 ], [ -73.932365, 40.814591 ], [ -73.932368, 40.814399 ], [ -73.93238, 40.814319 ], [ -73.93239, 40.814254 ], [ -73.932394, 40.814217 ], [ -73.932396, 40.814195 ], [ -73.932401, 40.814151 ], [ -73.93241, 40.81406 ], [ -73.932417, 40.814025 ], [ -73.932425, 40.813566 ], [ -73.932493, 40.812884 ], [ -73.932602, 40.811988 ], [ -73.932605, 40.811517 ], [ -73.932666, 40.811494 ], [ -73.934144, 40.810895 ], [ -73.93424, 40.810846 ], [ -73.934733, 40.810602 ], [ -73.934868, 40.810495 ], [ -73.93496, 40.810422 ], [ -73.935023, 40.81038 ], [ -73.935172, 40.810252 ], [ -73.935313, 40.81011 ], [ -73.935577, 40.80982 ], [ -73.935782, 40.80954 ], [ -73.935819, 40.809503 ], [ -73.937408, 40.810176 ], [ -73.937881, 40.809525 ], [ -73.938338, 40.808903 ], [ -73.938475, 40.808713 ], [ -73.938548, 40.808614 ], [ -73.938792, 40.80828 ], [ -73.939248, 40.807655 ], [ -73.939702, 40.807035 ], [ -73.940157, 40.806409 ], [ -73.941771, 40.807089 ], [ -73.942262, 40.806416 ], [ -73.942754, 40.805744 ], [ -73.943402, 40.806014 ], [ -73.944302, 40.806391 ], [ -73.945978, 40.807098 ], [ -73.946438, 40.806469 ], [ -73.9469, 40.805839 ], [ -73.947352, 40.805213 ], [ -73.947813, 40.804587 ], [ -73.946131, 40.803877 ], [ -73.944597, 40.803228 ], [ -73.944667, 40.80313 ], [ -73.945052, 40.802599 ], [ -73.945508, 40.801971 ], [ -73.945968, 40.801342 ], [ -73.946325, 40.800852 ], [ -73.946462, 40.800665 ], [ -73.946974, 40.799961 ], [ -73.947295, 40.799518 ], [ -73.9474, 40.799374 ], [ -73.947735, 40.798914 ], [ -73.947816, 40.798805 ], [ -73.948311, 40.798129 ], [ -73.949136, 40.79847 ], [ -73.950074, 40.798857 ], [ -73.950806, 40.79916 ], [ -73.951529, 40.799459 ], [ -73.952458, 40.799843 ], [ -73.952408, 40.799 ], [ -73.952483, 40.798253 ], [ -73.955289, 40.799435 ], [ -73.957762, 40.800472 ], [ -73.957798, 40.800479 ], [ -73.957781, 40.800558 ], [ -73.957824, 40.800682 ], [ -73.957887, 40.800757 ], [ -73.957993, 40.800827 ], [ -73.957944, 40.800893 ], [ -73.957696, 40.801232 ], [ -73.959147, 40.801844 ], [ -73.959647, 40.801156 ], [ -73.960158, 40.801386 ], [ -73.961077, 40.8018 ], [ -73.960916, 40.802262 ], [ -73.960319, 40.803992 ], [ -73.960074, 40.804706 ], [ -73.959953, 40.805062 ], [ -73.959826, 40.805435 ], [ -73.959357, 40.806121 ], [ -73.958407, 40.807419 ], [ -73.957949, 40.808053 ], [ -73.957617, 40.808671 ], [ -73.957425, 40.80905 ], [ -73.957245, 40.809404 ], [ -73.957091, 40.81008 ], [ -73.958272, 40.810629 ], [ -73.957808, 40.811264 ], [ -73.956801, 40.810839 ], [ -73.954966, 40.810064 ], [ -73.954513, 40.810687 ], [ -73.954288, 40.810992 ], [ -73.954835, 40.811725 ], [ -73.955508, 40.8125 ], [ -73.955739, 40.812766 ], [ -73.956269, 40.813375 ], [ -73.956984, 40.814193 ], [ -73.957546, 40.814834 ], [ -73.958023, 40.814715 ], [ -73.958298, 40.81434 ], [ -73.958575, 40.815068 ], [ -73.958701, 40.81512 ], [ -73.959235, 40.814384 ], [ -73.959679, 40.813776 ], [ -73.960687, 40.814192 ], [ -73.962106, 40.812252 ], [ -73.962554, 40.812435 ], [ -73.963016, 40.812624 ], [ -73.963809, 40.813107 ], [ -73.964585, 40.813547 ], [ -73.964645, 40.813581 ], [ -73.964865, 40.813713 ], [ -73.965105, 40.813821 ], [ -73.965379, 40.813959 ], [ -73.966411, 40.814405 ], [ -73.971152, 40.816269 ], [ -73.971123, 40.816308 ] ] ] } },
{ "type": "Feature", "properties": { "STATEFP": "36", "SLDLST": "071", "GEOID": "36071", "GEOIDFQ": "620L800US36071", "NAMELSAD": "Assembly District 71", "LSAD": "L3", "LSY": "2022", "MTFCC": "G5220", "FUNCSTAT": "N", "ALAND": 5505512, "AWATER": 5609677, "INTPTLAT": "+40.8473483", "INTPTLON": "-073.9425296", "ad_num": 71, "AssemDist": 71 }, "geometry": { "type": "Polygon", "coordinates": [ [ [ -73.967803, 40.820854 ], [ -73.966563, 40.822553 ], [ -73.96647, 40.82268 ], [ -73.965981, 40.82335 ], [ -73.9659, 40.823461 ], [ -73.965719, 40.823709 ], [ -73.965592, 40.823883 ], [ -73.96517, 40.82446 ], [ -73.965138, 40.824504 ], [ -73.96502, 40.824666 ], [ -73.963815, 40.826316 ], [ -73.963787, 40.826355 ], [ -73.963577, 40.826642 ], [ -73.962654, 40.828742 ], [ -73.962585, 40.828901 ], [ -73.962463, 40.829177 ], [ -73.96168, 40.830961 ], [ -73.961646, 40.831036 ], [ -73.961329, 40.831759 ], [ -73.961263, 40.83191 ], [ -73.961211, 40.832027 ], [ -73.960136, 40.834474 ], [ -73.960086, 40.834587 ], [ -73.958824, 40.837462 ], [ -73.958705, 40.837732 ], [ -73.958019, 40.839292 ], [ -73.957831, 40.839721 ], [ -73.957796, 40.839801 ], [ -73.955727, 40.84451 ], [ -73.955661, 40.844661 ], [ -73.954312, 40.847732 ], [ -73.954194, 40.848003 ], [ -73.953988, 40.848468 ], [ -73.952829, 40.851106 ], [ -73.952565, 40.851537 ], [ -73.952486, 40.851666 ], [ -73.952397, 40.851812 ], [ -73.948822, 40.857651 ], [ -73.948336, 40.858446 ], [ -73.948292, 40.858517 ], [ -73.945885, 40.862448 ], [ -73.94584, 40.86252 ], [ -73.945783, 40.862615 ], [ -73.943042, 40.867092 ], [ -73.942953, 40.867237 ], [ -73.938946, 40.873783 ], [ -73.938909, 40.873842 ], [ -73.938354, 40.874749 ], [ -73.938177, 40.875038 ], [ -73.938118, 40.875134 ], [ -73.933907, 40.882012 ], [ -73.933788, 40.882207 ], [ -73.924974, 40.879144 ], [ -73.92465, 40.879038 ], [ -73.924503, 40.878974 ], [ -73.922602, 40.878779 ], [ -73.92163, 40.878321 ], [ -73.919808, 40.876577 ], [ -73.919122, 40.876429 ], [ -73.918932, 40.876388 ], [ -73.917309, 40.876037 ], [ -73.9152, 40.875581 ], [ -73.910532, 40.874066 ], [ -73.910654, 40.873975 ], [ -73.911493, 40.873335 ], [ -73.912942, 40.873909 ], [ -73.913956, 40.874173 ], [ -73.914865, 40.874409 ], [ -73.916856, 40.874694 ], [ -73.91771, 40.874604 ], [ -73.918824, 40.874694 ], [ -73.918908, 40.874525 ], [ -73.919195, 40.874136 ], [ -73.919271, 40.873782 ], [ -73.919051, 40.873418 ], [ -73.91884, 40.873222 ], [ -73.918459, 40.873022 ], [ -73.919458, 40.872249 ], [ -73.919699, 40.872064 ], [ -73.919255, 40.871008 ], [ -73.920897, 40.869877 ], [ -73.921181, 40.869669 ], [ -73.92133, 40.869571 ], [ -73.921642, 40.869388 ], [ -73.921971, 40.869223 ], [ -73.922145, 40.86915 ], [ -73.923433, 40.868686 ], [ -73.924038, 40.868473 ], [ -73.925919, 40.867769 ], [ -73.925514, 40.867133 ], [ -73.925005, 40.866336 ], [ -73.925872, 40.866025 ], [ -73.926105, 40.865945 ], [ -73.927269, 40.865535 ], [ -73.927753, 40.865267 ], [ -73.928093, 40.86507 ], [ -73.9289, 40.864639 ], [ -73.929143, 40.864469 ], [ -73.929256, 40.864378 ], [ -73.929364, 40.864284 ], [ -73.929466, 40.864185 ], [ -73.929562, 40.864083 ], [ -73.929652, 40.863978 ], [ -73.929734, 40.863872 ], [ -73.929812, 40.863759 ], [ -73.929881, 40.863648 ], [ -73.929946, 40.86353 ], [ -73.930002, 40.863412 ], [ -73.930015, 40.863304 ], [ -73.930023, 40.863087 ], [ -73.930018, 40.862979 ], [ -73.929991, 40.862763 ], [ -73.929968, 40.862656 ], [ -73.92994, 40.86255 ], [ -73.930003, 40.862103 ], [ -73.930037, 40.861986 ], [ -73.930077, 40.861871 ], [ -73.930174, 40.861649 ], [ -73.930771, 40.860641 ], [ -73.931215, 40.859665 ], [ -73.931313, 40.859328 ], [ -73.931981, 40.859522 ], [ -73.932014, 40.85953 ], [ -73.932048, 40.859535 ], [ -73.932082, 40.859536 ], [ -73.932117, 40.859533 ], [ -73.93215, 40.859527 ], [ -73.932182, 40.859517 ], [ -73.932212, 40.859504 ], [ -73.93224, 40.859488 ], [ -73.932264, 40.859469 ], [ -73.932284, 40.859448 ], [ -73.932983, 40.858113 ], [ -73.933406, 40.857323 ], [ -73.933432, 40.857271 ], [ -73.933681, 40.856783 ], [ -73.933703, 40.856737 ], [ -73.934266, 40.855581 ], [ -73.934627, 40.854501 ], [ -73.935133, 40.853479 ], [ -73.935716, 40.852339 ], [ -73.936342, 40.851086 ], [ -73.936661, 40.850448 ], [ -73.935754, 40.850168 ], [ -73.936397, 40.849541 ], [ -73.93707, 40.848939 ], [ -73.937164, 40.848847 ], [ -73.937286, 40.848748 ], [ -73.937487, 40.848569 ], [ -73.937567, 40.848491 ], [ -73.937672, 40.848392 ], [ -73.937975, 40.847711 ], [ -73.938036, 40.847558 ], [ -73.938235, 40.84691 ], [ -73.938451, 40.846193 ], [ -73.93868, 40.845439 ], [ -73.938776, 40.845019 ], [ -73.938855, 40.844679 ], [ -73.939025, 40.843942 ], [ -73.939177, 40.843223 ], [ -73.939255, 40.842436 ], [ -73.939334, 40.841681 ], [ -73.939766, 40.841078 ], [ -73.940638, 40.839867 ], [ -73.94114, 40.83918 ], [ -73.941689, 40.838426 ], [ -73.942141, 40.837803 ], [ -73.942602, 40.83718 ], [ -73.943052, 40.836557 ], [ -73.943514, 40.835934 ], [ -73.943967, 40.835309 ], [ -73.941118, 40.834114 ], [ -73.94036, 40.833786 ], [ -73.939155, 40.833278 ], [ -73.939273, 40.8332 ], [ -73.939382, 40.833111 ], [ -73.939478, 40.833013 ], [ -73.93956, 40.832909 ], [ -73.939626, 40.832799 ], [ -73.939676, 40.832685 ], [ -73.940075, 40.832067 ], [ -73.940094, 40.832048 ], [ -73.940174, 40.831952 ], [ -73.940255, 40.831827 ], [ -73.940309, 40.831711 ], [ -73.940347, 40.83159 ], [ -73.940368, 40.831468 ], [ -73.94037, 40.831332 ], [ -73.940346, 40.830458 ], [ -73.940167, 40.830383 ], [ -73.940079, 40.830464 ], [ -73.939989, 40.830731 ], [ -73.939959, 40.830833 ], [ -73.939911, 40.830932 ], [ -73.939844, 40.831026 ], [ -73.939763, 40.831111 ], [ -73.939728, 40.831141 ], [ -73.939587, 40.831274 ], [ -73.93947, 40.831411 ], [ -73.93938, 40.831543 ], [ -73.939343, 40.831612 ], [ -73.939299, 40.831696 ], [ -73.939244, 40.831837 ], [ -73.939225, 40.8319 ], [ -73.939147, 40.832077 ], [ -73.939038, 40.832281 ], [ -73.938912, 40.832479 ], [ -73.938786, 40.832647 ], [ -73.938773, 40.832663 ], [ -73.938683, 40.832801 ], [ -73.938575, 40.832915 ], [ -73.938385, 40.833114 ], [ -73.937957, 40.833454 ], [ -73.937297, 40.833978 ], [ -73.937006, 40.834193 ], [ -73.936755, 40.834378 ], [ -73.936496, 40.834569 ], [ -73.935308, 40.835478 ], [ -73.935063, 40.835678 ], [ -73.934977, 40.835695 ], [ -73.934911, 40.835736 ], [ -73.934402, 40.836054 ], [ -73.934705, 40.835626 ], [ -73.933006, 40.835679 ], [ -73.933144, 40.834815 ], [ -73.933459, 40.833184 ], [ -73.933417, 40.831377 ], [ -73.933263, 40.829504 ], [ -73.933193, 40.829161 ], [ -73.933182, 40.828985 ], [ -73.93316, 40.828886 ], [ -73.93314, 40.828629 ], [ -73.933074, 40.828275 ], [ -73.933062, 40.828202 ], [ -73.933059, 40.828156 ], [ -73.933047, 40.827995 ], [ -73.933033, 40.827913 ], [ -73.933021, 40.827834 ], [ -73.933003, 40.827676 ], [ -73.932898, 40.826558 ], [ -73.932825, 40.826078 ], [ -73.932813, 40.825941 ], [ -73.932793, 40.82583 ], [ -73.932781, 40.825715 ], [ -73.932749, 40.825492 ], [ -73.932749, 40.825439 ], [ -73.932749, 40.825386 ], [ -73.932736, 40.82529 ], [ -73.932728, 40.825183 ], [ -73.932719, 40.825116 ], [ -73.932661, 40.824538 ], [ -73.932643, 40.824356 ], [ -73.932632, 40.824134 ], [ -73.932591, 40.823666 ], [ -73.932568, 40.823488 ], [ -73.932567, 40.82325 ], [ -73.932538, 40.823051 ], [ -73.93252, 40.8228 ], [ -73.932491, 40.822554 ], [ -73.932468, 40.822203 ], [ -73.932425, 40.821561 ], [ -73.932407, 40.821284 ], [ -73.932401, 40.821193 ], [ -73.932333, 40.819654 ], [ -73.932329, 40.819554 ], [ -73.932327, 40.819503 ], [ -73.933823, 40.819491 ], [ -73.934117, 40.819551 ], [ -73.934313, 40.81963 ], [ -73.934475, 40.819697 ], [ -73.936227, 40.820438 ], [ -73.936721, 40.81977 ], [ -73.937181, 40.819144 ], [ -73.937641, 40.818517 ], [ -73.938029, 40.818681 ], [ -73.94025, 40.819624 ], [ -73.940477, 40.819721 ], [ -73.940022, 40.820342 ], [ -73.939566, 40.820965 ], [ -73.942411, 40.822164 ], [ -73.943506, 40.822628 ], [ -73.944049, 40.822052 ], [ -73.944603, 40.821462 ], [ -73.945155, 40.820876 ], [ -73.944845, 40.82155 ], [ -73.944031, 40.823251 ], [ -73.943842, 40.823648 ], [ -73.944756, 40.824032 ], [ -73.946222, 40.824652 ], [ -73.946714, 40.823981 ], [ -73.947165, 40.82336 ], [ -73.947622, 40.822737 ], [ -73.948083, 40.822108 ], [ -73.949465, 40.82269 ], [ -73.950496, 40.82312 ], [ -73.952304, 40.823887 ], [ -73.952762, 40.823263 ], [ -73.95483, 40.824126 ], [ -73.95532, 40.82359 ], [ -73.955352, 40.823535 ], [ -73.955697, 40.822876 ], [ -73.955748, 40.822739 ], [ -73.955815, 40.822605 ], [ -73.955896, 40.822475 ], [ -73.955992, 40.822351 ], [ -73.9561, 40.822234 ], [ -73.956745, 40.821685 ], [ -73.957341, 40.821163 ], [ -73.957523, 40.821143 ], [ -73.957929, 40.821301 ], [ -73.958208, 40.821421 ], [ -73.958301, 40.821461 ], [ -73.958407, 40.821497 ], [ -73.958787, 40.821005 ], [ -73.958918, 40.820832 ], [ -73.959167, 40.820537 ], [ -73.959422, 40.820234 ], [ -73.959946, 40.819635 ], [ -73.960469, 40.819054 ], [ -73.960911, 40.818565 ], [ -73.961575, 40.81791 ], [ -73.961688, 40.817967 ], [ -73.961819, 40.818023 ], [ -73.961901, 40.818048 ], [ -73.962067, 40.818099 ], [ -73.96298, 40.818512 ], [ -73.963475, 40.818729 ], [ -73.967865, 40.820771 ], [ -73.967803, 40.820854 ] ] ] } },
{ "type": "Feature", "properties": { "STATEFP": "36", "SLDLST": "072", "GEOID": "36072", "GEOIDFQ": "620L800US36072", "NAMELSAD": "Assembly District 72", "LSAD": "L3", "LSY": "2022", "MTFCC": "G5220", "FUNCSTAT": "N", "ALAND": 4267765, "AWATER": 643512, "INTPTLAT": "+40.8560966", "INTPTLON": "-073.9262868", "ad_num": 72, "AssemDist": 72 }, "geometry": { "type": "Polygon", "coordinates": [ [ [ -73.943514, 40.835934 ], [ -73.943052, 40.836557 ], [ -73.942602, 40.83718 ], [ -73.942141, 40.837803 ], [ -73.941689, 40.838426 ], [ -73.94114, 40.83918 ], [ -73.940638, 40.839867 ], [ -73.939766, 40.841078 ], [ -73.939334, 40.841681 ], [ -73.939255, 40.842436 ], [ -73.939177, 40.843223 ], [ -73.939025, 40.843942 ], [ -73.938855, 40.844679 ], [ -73.938776, 40.845019 ], [ -73.93868, 40.845439 ], [ -73.938451, 40.846193 ], [ -73.938235, 40.84691 ], [ -73.938036, 40.847558 ], [ -73.937975, 40.847711 ], [ -73.937672, 40.848392 ], [ -73.937567, 40.848491 ], [ -73.937487, 40.848569 ], [ -73.937286, 40.848748 ], [ -73.937164, 40.848847 ], [ -73.93707, 40.848939 ], [ -73.936397, 40.849541 ], [ -73.935754, 40.850168 ], [ -73.936661, 40.850448 ], [ -73.936342, 40.851086 ], [ -73.935716, 40.852339 ], [ -73.935133, 40.853479 ], [ -73.934627, 40.854501 ], [ -73.934266, 40.855581 ], [ -73.933703, 40.856737 ], [ -73.933681, 40.856783 ], [ -73.933432, 40.857271 ], [ -73.933406, 40.857323 ], [ -73.932983, 40.858113 ], [ -73.932284, 40.859448 ], [ -73.932264, 40.859469 ], [ -73.93224, 40.859488 ], [ -73.932212, 40.859504 ], [ -73.932182, 40.859517 ], [ -73.93215, 40.859527 ], [ -73.932117, 40.859533 ], [ -73.932082, 40.859536 ], [ -73.932048, 40.859535 ], [ -73.932014, 40.85953 ], [ -73.931981, 40.859522 ], [ -73.931313, 40.859328 ], [ -73.931215, 40.859665 ], [ -73.930771, 40.860641 ], [ -73.930174, 40.861649 ], [ -73.930077, 40.861871 ], [ -73.930037, 40.861986 ], [ -73.930003, 40.862103 ], [ -73.92994, 40.86255 ], [ -73.929968, 40.862656 ], [ -73.929991, 40.862763 ], [ -73.930018, 40.862979 ], [ -73.930023, 40.863087 ], [ -73.930015, 40.863304 ], [ -73.930002, 40.863412 ], [ -73.929946, 40.86353 ], [ -73.929881, 40.863648 ], [ -73.929812, 40.863759 ], [ -73.929734, 40.863872 ], [ -73.929652, 40.863978 ], [ -73.929562, 40.864083 ], [ -73.929466, 40.864185 ], [ -73.929364, 40.864284 ], [ -73.929256, 40.864378 ], [ -73.929143, 40.864469 ], [ -73.9289, 40.864639 ], [ -73.928093, 40.86507 ], [ -73.927753, 40.865267 ], [ -73.927269, 40.865535 ], [ -73.926105, 40.865945 ], [ -73.925872, 40.866025 ], [ -73.925005, 40.866336 ], [ -73.925514, 40.867133 ], [ -73.925919, 40.867769 ], [ -73.924038, 40.868473 ], [ -73.923433, 40.868686 ], [ -73.922145, 40.86915 ], [ -73.921971, 40.869223 ], [ -73.921642, 40.869388 ], [ -73.92133, 40.869571 ], [ -73.921181, 40.869669 ], [ -73.920897, 40.869877 ], [ -73.919255, 40.871008 ], [ -73.919699, 40.872064 ], [ -73.919458, 40.872249 ], [ -73.918459, 40.873022 ], [ -73.91884, 40.873222 ], [ -73.919051, 40.873418 ], [ -73.919271, 40.873782 ], [ -73.919195, 40.874136 ], [ -73.918908, 40.874525 ], [ -73.918824, 40.874694 ], [ -73.91771, 40.874604 ], [ -73.916856, 40.874694 ], [ -73.914865, 40.874409 ], [ -73.913956, 40.874173 ], [ -73.912942, 40.873909 ], [ -73.911493, 40.873335 ], [ -73.910654, 40.873975 ], [ -73.910532, 40.874066 ], [ -73.9152, 40.875581 ], [ -73.915168, 40.875695 ], [ -73.915125, 40.875845 ], [ -73.914905, 40.876578 ], [ -73.912205, 40.878178 ], [ -73.911405, 40.879278 ], [ -73.91031, 40.879047 ], [ -73.910184, 40.879021 ], [ -73.910044, 40.878991 ], [ -73.909505, 40.878878 ], [ -73.909189, 40.878168 ], [ -73.908682, 40.877763 ], [ -73.908554, 40.877712 ], [ -73.908502, 40.877691 ], [ -73.908005, 40.877478 ], [ -73.90782, 40.877201 ], [ -73.907652, 40.876934 ], [ -73.907306, 40.876519 ], [ -73.907245, 40.876446 ], [ -73.90723, 40.876427 ], [ -73.907198, 40.876389 ], [ -73.907105, 40.876277 ], [ -73.907078, 40.875561 ], [ -73.907047, 40.874724 ], [ -73.907, 40.873455 ], [ -73.907007, 40.873373 ], [ -73.907104, 40.872978 ], [ -73.907905, 40.872678 ], [ -73.90798, 40.872572 ], [ -73.908249, 40.872187 ], [ -73.908526, 40.871792 ], [ -73.908605, 40.871678 ], [ -73.909105, 40.871676 ], [ -73.909203, 40.869776 ], [ -73.909804, 40.868282 ], [ -73.910056, 40.867849 ], [ -73.910209, 40.867591 ], [ -73.910851, 40.866528 ], [ -73.91434, 40.862521 ], [ -73.914901, 40.861983 ], [ -73.9165, 40.860384 ], [ -73.916975, 40.859909 ], [ -73.918206, 40.858679 ], [ -73.9185, 40.858352 ], [ -73.91929, 40.857475 ], [ -73.920005, 40.856679 ], [ -73.920273, 40.856234 ], [ -73.920958, 40.855112 ], [ -73.921215, 40.854693 ], [ -73.921405, 40.854358 ], [ -73.921536, 40.854127 ], [ -73.921581, 40.854046 ], [ -73.921626, 40.853966 ], [ -73.922199, 40.853112 ], [ -73.922706, 40.852479 ], [ -73.922978, 40.852022 ], [ -73.923647, 40.850902 ], [ -73.923904, 40.850488 ], [ -73.925036, 40.84918 ], [ -73.927296, 40.846557 ], [ -73.927397, 40.846436 ], [ -73.928032, 40.84567 ], [ -73.928106, 40.845579 ], [ -73.92815, 40.845507 ], [ -73.928159, 40.845492 ], [ -73.928245, 40.845349 ], [ -73.928253, 40.845335 ], [ -73.929006, 40.844079 ], [ -73.929503, 40.842381 ], [ -73.929597, 40.842292 ], [ -73.929609, 40.84228 ], [ -73.929635, 40.842256 ], [ -73.929695, 40.842195 ], [ -73.929579, 40.842047 ], [ -73.929727, 40.841849 ], [ -73.930039, 40.84125 ], [ -73.930368, 40.84065 ], [ -73.930406, 40.840279 ], [ -73.930606, 40.839679 ], [ -73.930654, 40.839599 ], [ -73.933006, 40.835679 ], [ -73.934705, 40.835626 ], [ -73.934402, 40.836054 ], [ -73.934911, 40.835736 ], [ -73.934977, 40.835695 ], [ -73.935063, 40.835678 ], [ -73.935308, 40.835478 ], [ -73.936496, 40.834569 ], [ -73.936755, 40.834378 ], [ -73.937006, 40.834193 ], [ -73.937297, 40.833978 ], [ -73.937957, 40.833454 ], [ -73.938385, 40.833114 ], [ -73.938575, 40.832915 ], [ -73.938683, 40.832801 ], [ -73.938773, 40.832663 ], [ -73.938786, 40.832647 ], [ -73.938912, 40.832479 ], [ -73.939038, 40.832281 ], [ -73.939147, 40.832077 ], [ -73.939225, 40.8319 ], [ -73.939244, 40.831837 ], [ -73.939299, 40.831696 ], [ -73.939343, 40.831612 ], [ -73.93938, 40.831543 ], [ -73.93947, 40.831411 ], [ -73.939587, 40.831274 ], [ -73.939728, 40.831141 ], [ -73.939763, 40.831111 ], [ -73.939844, 40.831026 ], [ -73.939911, 40.830932 ], [ -73.939959, 40.830833 ], [ -73.939989, 40.830731 ], [ -73.940079, 40.830464 ], [ -73.940167, 40.830383 ], [ -73.940346, 40.830458 ], [ -73.94037, 40.831332 ], [ -73.940368, 40.831468 ], [ -73.940347, 40.83159 ], [ -73.940309, 40.831711 ], [ -73.940255, 40.831827 ], [ -73.940174, 40.831952 ], [ -73.940094, 40.832048 ], [ -73.940075, 40.832067 ], [ -73.939676, 40.832685 ], [ -73.939626, 40.832799 ], [ -73.93956, 40.832909 ], [ -73.939478, 40.833013 ], [ -73.939382, 40.833111 ], [ -73.939273, 40.8332 ], [ -73.939155, 40.833278 ], [ -73.94036, 40.833786 ], [ -73.941118, 40.834114 ], [ -73.943967, 40.835309 ], [ -73.943514, 40.835934 ] ] ] } },
{ "type": "Feature", "properties": { "STATEFP": "36", "SLDLST": "073", "GEOID": "36073", "GEOIDFQ": "620L800US36073", "NAMELSAD": "Assembly District 73", "LSAD": "L3", "LSY": "2022", "MTFCC": "G5220", "FUNCSTAT": "N", "ALAND": 4266875, "AWATER": 0, "INTPTLAT": "+40.7629798", "INTPTLON": "-073.9675567", "ad_num": 73, "AssemDist": 73 }, "geometry": { "type": "Polygon", "coordinates": [ [ [ -73.985046, 40.747773 ], [ -73.98456, 40.748439 ], [ -73.984076, 40.749102 ], [ -73.983621, 40.749724 ], [ -73.983174, 40.750342 ], [ -73.982724, 40.750959 ], [ -73.982275, 40.751577 ], [ -73.981822, 40.752197 ], [ -73.981372, 40.752814 ], [ -73.980888, 40.753481 ], [ -73.980395, 40.754155 ], [ -73.979937, 40.754783 ], [ -73.979483, 40.755405 ], [ -73.979024, 40.756032 ], [ -73.978565, 40.756655 ], [ -73.978116, 40.757284 ], [ -73.977655, 40.757912 ], [ -73.977201, 40.758538 ], [ -73.976744, 40.759165 ], [ -73.976289, 40.759787 ], [ -73.975831, 40.760418 ], [ -73.975373, 40.76104 ], [ -73.974915, 40.761667 ], [ -73.974457, 40.762293 ], [ -73.973968, 40.762967 ], [ -73.973465, 40.763659 ], [ -73.973015, 40.764279 ], [ -73.972553, 40.764898 ], [ -73.972099, 40.765518 ], [ -73.971648, 40.766143 ], [ -73.971189, 40.766767 ], [ -73.970728, 40.767394 ], [ -73.970281, 40.768025 ], [ -73.969825, 40.768646 ], [ -73.969365, 40.769271 ], [ -73.968904, 40.769901 ], [ -73.968441, 40.770517 ], [ -73.967994, 40.771147 ], [ -73.967534, 40.771776 ], [ -73.967039, 40.772461 ], [ -73.966537, 40.77314 ], [ -73.966074, 40.773773 ], [ -73.96561, 40.774407 ], [ -73.965148, 40.775045 ], [ -73.964687, 40.775677 ], [ -73.964228, 40.77631 ], [ -73.963729, 40.776994 ], [ -73.96323, 40.777677 ], [ -73.96316, 40.777772 ], [ -73.963131, 40.777812 ], [ -73.962768, 40.778313 ], [ -73.962303, 40.778947 ], [ -73.961839, 40.779584 ], [ -73.961361, 40.780241 ], [ -73.960919, 40.78085 ], [ -73.960416, 40.781532 ], [ -73.959921, 40.782213 ], [ -73.959469, 40.782833 ], [ -73.959004, 40.783467 ], [ -73.958558, 40.784098 ], [ -73.958096, 40.784718 ], [ -73.957636, 40.785344 ], [ -73.957168, 40.785983 ], [ -73.955569, 40.785298 ], [ -73.953961, 40.784616 ], [ -73.953503, 40.785247 ], [ -73.951883, 40.784565 ], [ -73.952341, 40.783937 ], [ -73.950739, 40.783262 ], [ -73.951199, 40.782634 ], [ -73.950355, 40.782277 ], [ -73.949825, 40.782054 ], [ -73.948961, 40.781689 ], [ -73.949419, 40.781062 ], [ -73.94988, 40.780436 ], [ -73.9501, 40.780132 ], [ -73.950336, 40.77981 ], [ -73.950792, 40.779179 ], [ -73.951971, 40.779676 ], [ -73.952522, 40.779909 ], [ -73.952656, 40.779966 ], [ -73.953033, 40.780126 ], [ -73.953492, 40.779496 ], [ -73.953673, 40.779247 ], [ -73.953758, 40.77913 ], [ -73.953984, 40.778822 ], [ -73.954482, 40.778139 ], [ -73.954945, 40.777504 ], [ -73.955408, 40.776868 ], [ -73.955869, 40.776236 ], [ -73.956334, 40.775601 ], [ -73.956583, 40.775259 ], [ -73.95678, 40.774991 ], [ -73.956798, 40.774967 ], [ -73.957294, 40.774283 ], [ -73.957794, 40.7736 ], [ -73.958255, 40.772965 ], [ -73.958483, 40.772649 ], [ -73.958619, 40.772464 ], [ -73.958625, 40.772456 ], [ -73.958717, 40.772331 ], [ -73.959182, 40.771697 ], [ -73.959645, 40.771064 ], [ -73.960109, 40.770432 ], [ -73.960602, 40.769749 ], [ -73.961102, 40.769059 ], [ -73.961559, 40.768437 ], [ -73.962014, 40.767812 ], [ -73.962145, 40.767631 ], [ -73.96247, 40.767185 ], [ -73.962929, 40.766559 ], [ -73.963401, 40.765911 ], [ -73.96294, 40.765722 ], [ -73.961542, 40.765148 ], [ -73.961148, 40.764987 ], [ -73.961607, 40.764367 ], [ -73.962064, 40.763735 ], [ -73.962515, 40.763113 ], [ -73.962974, 40.762487 ], [ -73.963424, 40.761859 ], [ -73.963734, 40.761435 ], [ -73.963823, 40.761315 ], [ -73.963884, 40.761233 ], [ -73.963489, 40.761073 ], [ -73.963081, 40.761632 ], [ -73.962919, 40.761564 ], [ -73.963101, 40.761314 ], [ -73.962965, 40.76125 ], [ -73.962952, 40.761244 ], [ -73.962761, 40.76117 ], [ -73.962747, 40.761164 ], [ -73.962654, 40.761125 ], [ -73.962394, 40.761015 ], [ -73.961756, 40.760746 ], [ -73.961889, 40.760565 ], [ -73.961426, 40.760362 ], [ -73.961127, 40.760775 ], [ -73.961068, 40.760858 ], [ -73.960615, 40.760668 ], [ -73.959791, 40.760323 ], [ -73.958809, 40.759913 ], [ -73.958162, 40.75964 ], [ -73.958107, 40.759618 ], [ -73.958008, 40.75958 ], [ -73.958455, 40.758997 ], [ -73.958502, 40.758935 ], [ -73.958671, 40.758705 ], [ -73.958719, 40.75864 ], [ -73.958603, 40.758592 ], [ -73.958478, 40.75854 ], [ -73.958811, 40.758256 ], [ -73.960849, 40.755732 ], [ -73.961565, 40.755208 ], [ -73.963018, 40.753585 ], [ -73.963185, 40.753415 ], [ -73.964715, 40.751717 ], [ -73.964772, 40.751788 ], [ -73.964855, 40.751697 ], [ -73.964995, 40.751536 ], [ -73.965031, 40.751707 ], [ -73.965047, 40.751778 ], [ -73.965055, 40.751813 ], [ -73.965215, 40.751808 ], [ -73.96529, 40.751812 ], [ -73.965334, 40.751822 ], [ -73.96538, 40.751833 ], [ -73.965512, 40.751878 ], [ -73.966917, 40.75249 ], [ -73.967056, 40.752548 ], [ -73.967144, 40.752585 ], [ -73.967261, 40.75264 ], [ -73.967698, 40.752041 ], [ -73.967873, 40.752118 ], [ -73.969886, 40.752999 ], [ -73.970341, 40.752379 ], [ -73.970804, 40.751748 ], [ -73.971263, 40.751122 ], [ -73.971713, 40.750494 ], [ -73.972203, 40.749823 ], [ -73.972692, 40.749157 ], [ -73.972824, 40.748973 ], [ -73.972979, 40.74876 ], [ -73.973141, 40.748538 ], [ -73.973592, 40.747919 ], [ -73.974044, 40.747296 ], [ -73.974115, 40.747199 ], [ -73.974496, 40.746682 ], [ -73.974619, 40.746518 ], [ -73.974667, 40.746452 ], [ -73.974811, 40.746261 ], [ -73.974936, 40.746078 ], [ -73.975394, 40.745442 ], [ -73.975881, 40.744779 ], [ -73.976348, 40.744092 ], [ -73.976758, 40.743472 ], [ -73.979058, 40.744444 ], [ -73.980659, 40.745115 ], [ -73.982279, 40.745797 ], [ -73.983897, 40.746478 ], [ -73.984885, 40.746894 ], [ -73.985496, 40.747152 ], [ -73.985046, 40.747773 ] ] ] } },
{ "type": "Feature", "properties": { "STATEFP": "36", "SLDLST": "074", "GEOID": "36074", "GEOIDFQ": "620L800US36074", "NAMELSAD": "Assembly District 74", "LSAD": "L3", "LSY": "2022", "MTFCC": "G5220", "FUNCSTAT": "N", "ALAND": 3816029, "AWATER": 3082431, "INTPTLAT": "+40.7318476", "INTPTLON": "-073.9739699", "ad_num": 74, "AssemDist": 74 }, "geometry": { "type": "Polygon", "coordinates": [ [ [ -73.992225, 40.737917 ], [ -73.991798, 40.738504 ], [ -73.991375, 40.739088 ], [ -73.990945, 40.739673 ], [ -73.990798, 40.739875 ], [ -73.990518, 40.740262 ], [ -73.99007, 40.74088 ], [ -73.989576, 40.741548 ], [ -73.989318, 40.741914 ], [ -73.989229, 40.742031 ], [ -73.98904, 40.742277 ], [ -73.989009, 40.742318 ], [ -73.988644, 40.742814 ], [ -73.988194, 40.743451 ], [ -73.986597, 40.742772 ], [ -73.986147, 40.743389 ], [ -73.985696, 40.744008 ], [ -73.985243, 40.744627 ], [ -73.984794, 40.745244 ], [ -73.984344, 40.745861 ], [ -73.983897, 40.746478 ], [ -73.982279, 40.745797 ], [ -73.980659, 40.745115 ], [ -73.979058, 40.744444 ], [ -73.976758, 40.743472 ], [ -73.976348, 40.744092 ], [ -73.975881, 40.744779 ], [ -73.975394, 40.745442 ], [ -73.974936, 40.746078 ], [ -73.974811, 40.746261 ], [ -73.974667, 40.746452 ], [ -73.974619, 40.746518 ], [ -73.974496, 40.746682 ], [ -73.974115, 40.747199 ], [ -73.974044, 40.747296 ], [ -73.973592, 40.747919 ], [ -73.973141, 40.748538 ], [ -73.972979, 40.74876 ], [ -73.972824, 40.748973 ], [ -73.972692, 40.749157 ], [ -73.972203, 40.749823 ], [ -73.971713, 40.750494 ], [ -73.971263, 40.751122 ], [ -73.970804, 40.751748 ], [ -73.970341, 40.752379 ], [ -73.969886, 40.752999 ], [ -73.967873, 40.752118 ], [ -73.967698, 40.752041 ], [ -73.967261, 40.75264 ], [ -73.967144, 40.752585 ], [ -73.967056, 40.752548 ], [ -73.966917, 40.75249 ], [ -73.965512, 40.751878 ], [ -73.96538, 40.751833 ], [ -73.965334, 40.751822 ], [ -73.96529, 40.751812 ], [ -73.965215, 40.751808 ], [ -73.965055, 40.751813 ], [ -73.965047, 40.751778 ], [ -73.965031, 40.751707 ], [ -73.964995, 40.751536 ], [ -73.964855, 40.751697 ], [ -73.964772, 40.751788 ], [ -73.964715, 40.751717 ], [ -73.967697, 40.747866 ], [ -73.967881, 40.747617 ], [ -73.96793, 40.747552 ], [ -73.967989, 40.747484 ], [ -73.968192, 40.747251 ], [ -73.968737, 40.746508 ], [ -73.961381, 40.742802 ], [ -73.961684, 40.741582 ], [ -73.961796, 40.741131 ], [ -73.961911, 40.740997 ], [ -73.962435, 40.739672 ], [ -73.962441, 40.73964 ], [ -73.96262, 40.739033 ], [ -73.962609, 40.738805 ], [ -73.962478, 40.736802 ], [ -73.962629, 40.736545 ], [ -73.962672, 40.736446 ], [ -73.962668, 40.73641 ], [ -73.962665, 40.736334 ], [ -73.962605, 40.734902 ], [ -73.962348, 40.733812 ], [ -73.962338, 40.733451 ], [ -73.962307, 40.733119 ], [ -73.962288, 40.732899 ], [ -73.962278, 40.732826 ], [ -73.962268, 40.732769 ], [ -73.962261, 40.732741 ], [ -73.962252, 40.732713 ], [ -73.962229, 40.732649 ], [ -73.961932, 40.732679 ], [ -73.961897, 40.732485 ], [ -73.962148, 40.732452 ], [ -73.961997, 40.732038 ], [ -73.961843, 40.731625 ], [ -73.96145, 40.730994 ], [ -73.961308, 40.730299 ], [ -73.96126, 40.729749 ], [ -73.961214, 40.729508 ], [ -73.961197, 40.729425 ], [ -73.961137, 40.72943 ], [ -73.961115, 40.729361 ], [ -73.961088, 40.729256 ], [ -73.961076, 40.729194 ], [ -73.96108, 40.729148 ], [ -73.961075, 40.729107 ], [ -73.961054, 40.728943 ], [ -73.961044, 40.728782 ], [ -73.960994, 40.728773 ], [ -73.960986, 40.72876 ], [ -73.960992, 40.728656 ], [ -73.961028, 40.728512 ], [ -73.96104, 40.72849 ], [ -73.961055, 40.728471 ], [ -73.961063, 40.72844 ], [ -73.961107, 40.728195 ], [ -73.961215, 40.728151 ], [ -73.961157, 40.728114 ], [ -73.961172, 40.728057 ], [ -73.961283, 40.728038 ], [ -73.961389, 40.727524 ], [ -73.961436, 40.727298 ], [ -73.961501, 40.726986 ], [ -73.961531, 40.72591 ], [ -73.961611, 40.724951 ], [ -73.961618, 40.724861 ], [ -73.961606, 40.724836 ], [ -73.96155, 40.724722 ], [ -73.961537, 40.724695 ], [ -73.961538, 40.724584 ], [ -73.961539, 40.724401 ], [ -73.961543, 40.723876 ], [ -73.962014, 40.723369 ], [ -73.962645, 40.722747 ], [ -73.962787, 40.722562 ], [ -73.96355, 40.721571 ], [ -73.96373, 40.721339 ], [ -73.964038, 40.720939 ], [ -73.964676, 40.72011 ], [ -73.965086, 40.719581 ], [ -73.965206, 40.719425 ], [ -73.965572, 40.71895 ], [ -73.965704, 40.718779 ], [ -73.96613, 40.718331 ], [ -73.966249, 40.718205 ], [ -73.966477, 40.717955 ], [ -73.966511, 40.717917 ], [ -73.966613, 40.717806 ], [ -73.966671, 40.717743 ], [ -73.966836, 40.717564 ], [ -73.967578, 40.716496 ], [ -73.967716, 40.71604 ], [ -73.967999, 40.715106 ], [ -73.968041, 40.714966 ], [ -73.96837, 40.714127 ], [ -73.968469, 40.712999 ], [ -73.968819, 40.712686 ], [ -73.968861, 40.71265 ], [ -73.968895, 40.71262 ], [ -73.968945, 40.712575 ], [ -73.968993, 40.712533 ], [ -73.969021, 40.712508 ], [ -73.96905, 40.712482 ], [ -73.969072, 40.712385 ], [ -73.969128, 40.712144 ], [ -73.969612, 40.71016 ], [ -73.969941, 40.70931 ], [ -73.969888, 40.70877 ], [ -73.969845, 40.707988 ], [ -73.969613, 40.707634 ], [ -73.970141, 40.707407 ], [ -73.970236, 40.707367 ], [ -73.970318, 40.707332 ], [ -73.970573, 40.707555 ], [ -73.972309, 40.709071 ], [ -73.972789, 40.709378 ], [ -73.975933, 40.712907 ], [ -73.97534, 40.714313 ], [ -73.975305, 40.714396 ], [ -73.975298, 40.714412 ], [ -73.975286, 40.714442 ], [ -73.975233, 40.714568 ], [ -73.975227, 40.714582 ], [ -73.975208, 40.71463 ], [ -73.974402, 40.716701 ], [ -73.973635, 40.718612 ], [ -73.974742, 40.718841 ], [ -73.974874, 40.718779 ], [ -73.975083, 40.717722 ], [ -73.975595, 40.716369 ], [ -73.976101, 40.715403 ], [ -73.976318, 40.714967 ], [ -73.976344, 40.714917 ], [ -73.9764, 40.714931 ], [ -73.976454, 40.714949 ], [ -73.976554, 40.714978 ], [ -73.976614, 40.714995 ], [ -73.976587, 40.715047 ], [ -73.977339, 40.715292 ], [ -73.977977, 40.715495 ], [ -73.978153, 40.715545 ], [ -73.978274, 40.71558 ], [ -73.978376, 40.715609 ], [ -73.978444, 40.71563 ], [ -73.978516, 40.715652 ], [ -73.978992, 40.715798 ], [ -73.979214, 40.715864 ], [ -73.979624, 40.715986 ], [ -73.979739, 40.716019 ], [ -73.97984, 40.716049 ], [ -73.980268, 40.716181 ], [ -73.98037, 40.716212 ], [ -73.98067, 40.716304 ], [ -73.980577, 40.716455 ], [ -73.98023, 40.717096 ], [ -73.980202, 40.717149 ], [ -73.979992, 40.71754 ], [ -73.979965, 40.71759 ], [ -73.979486, 40.718528 ], [ -73.979416, 40.718666 ], [ -73.979071, 40.719325 ], [ -73.979039, 40.719387 ], [ -73.978753, 40.719934 ], [ -73.978034, 40.71964 ], [ -73.977982, 40.719701 ], [ -73.977481, 40.720346 ], [ -73.977446, 40.720332 ], [ -73.977304, 40.720273 ], [ -73.976559, 40.719967 ], [ -73.976514, 40.71995 ], [ -73.976456, 40.719929 ], [ -73.975867, 40.719752 ], [ -73.975326, 40.719532 ], [ -73.974995, 40.719784 ], [ -73.974959, 40.720053 ], [ -73.974928, 40.720328 ], [ -73.974901, 40.720562 ], [ -73.97488, 40.720744 ], [ -73.974869, 40.720832 ], [ -73.974763, 40.721596 ], [ -73.975533, 40.721922 ], [ -73.97616, 40.722187 ], [ -73.976893, 40.722498 ], [ -73.977346, 40.721885 ], [ -73.979726, 40.72289 ], [ -73.980168, 40.722283 ], [ -73.982524, 40.723278 ], [ -73.982083, 40.723882 ], [ -73.984043, 40.724711 ], [ -73.984403, 40.724863 ], [ -73.984837, 40.724269 ], [ -73.985286, 40.723649 ], [ -73.985752, 40.723009 ], [ -73.987968, 40.723942 ], [ -73.987502, 40.724584 ], [ -73.987053, 40.725203 ], [ -73.986623, 40.725796 ], [ -73.986176, 40.726409 ], [ -73.985753, 40.726988 ], [ -73.985307, 40.727599 ], [ -73.984875, 40.728194 ], [ -73.984448, 40.728781 ], [ -73.984009, 40.729381 ], [ -73.983543, 40.730021 ], [ -73.983077, 40.730659 ], [ -73.982564, 40.731361 ], [ -73.984941, 40.732347 ], [ -73.986104, 40.732837 ], [ -73.986813, 40.733137 ], [ -73.98718, 40.733292 ], [ -73.987578, 40.73346 ], [ -73.987616, 40.733476 ], [ -73.988402, 40.733807 ], [ -73.988779, 40.733966 ], [ -73.988843, 40.733994 ], [ -73.98888, 40.73401 ], [ -73.989903, 40.734435 ], [ -73.990754, 40.734839 ], [ -73.990585, 40.734917 ], [ -73.990232, 40.73508 ], [ -73.990021, 40.735232 ], [ -73.989947, 40.735314 ], [ -73.989916, 40.735349 ], [ -73.989455, 40.735987 ], [ -73.989016, 40.73656 ], [ -73.990331, 40.737132 ], [ -73.990752, 40.736531 ], [ -73.992654, 40.73733 ], [ -73.992225, 40.737917 ] ] ] } },
{ "type": "Feature", "properties": { "STATEFP": "36", "SLDLST": "075", "GEOID": "36075", "GEOIDFQ": "620L800US36075", "NAMELSAD": "Assembly District 75", "LSAD": "L3", "LSY": "2022", "MTFCC": "G5220", "FUNCSTAT": "N", "ALAND": 6869324, "AWATER": 1615980, "INTPTLAT": "+40.7556173", "INTPTLON": "-073.9928220", "ad_num": 75, "AssemDist": 75 }, "geometry": { "type": "Polygon", "coordinates": [ [ [ -74.016606, 40.746962 ], [ -74.016013, 40.749396 ], [ -74.015505, 40.751483 ], [ -74.015013, 40.753506 ], [ -74.014249, 40.756656 ], [ -74.014029, 40.757551 ], [ -74.012952, 40.759026 ], [ -74.012009, 40.760318 ], [ -74.011105, 40.761556 ], [ -74.010235, 40.762747 ], [ -74.010136, 40.762882 ], [ -74.010046, 40.763006 ], [ -74.009884, 40.763226 ], [ -74.009525, 40.763719 ], [ -74.008603, 40.764981 ], [ -74.006583, 40.767748 ], [ -74.002674, 40.766161 ], [ -74.00206, 40.765912 ], [ -74.002304, 40.765496 ], [ -73.99918, 40.764142 ], [ -73.99965, 40.763537 ], [ -73.999893, 40.76342 ], [ -74.002864, 40.764693 ], [ -74.003144, 40.764377 ], [ -74.001031, 40.763348 ], [ -74.001347, 40.762903 ], [ -74.003568, 40.763799 ], [ -74.003767, 40.763564 ], [ -74.001492, 40.762553 ], [ -74.001716, 40.762208 ], [ -74.001278, 40.762076 ], [ -74.001151, 40.762026 ], [ -74.001036, 40.761968 ], [ -74.001183, 40.761863 ], [ -74.001316, 40.761746 ], [ -74.001435, 40.76162 ], [ -74.001537, 40.761487 ], [ -74.001622, 40.761347 ], [ -73.999795, 40.760576 ], [ -73.998794, 40.760153 ], [ -73.998315, 40.760823 ], [ -73.996232, 40.759946 ], [ -73.995694, 40.760601 ], [ -73.995266, 40.761237 ], [ -73.995202, 40.76121 ], [ -73.994526, 40.760927 ], [ -73.99407, 40.761552 ], [ -73.993609, 40.762184 ], [ -73.993156, 40.762806 ], [ -73.992701, 40.763431 ], [ -73.992244, 40.764057 ], [ -73.991788, 40.764684 ], [ -73.991333, 40.76531 ], [ -73.988491, 40.76411 ], [ -73.987255, 40.76359 ], [ -73.985647, 40.762915 ], [ -73.983628, 40.762065 ], [ -73.983215, 40.762707 ], [ -73.982818, 40.763365 ], [ -73.984734, 40.76417 ], [ -73.987576, 40.765364 ], [ -73.987122, 40.765989 ], [ -73.986932, 40.766244 ], [ -73.986659, 40.766616 ], [ -73.986204, 40.767243 ], [ -73.986, 40.767523 ], [ -73.985716, 40.767918 ], [ -73.985218, 40.768595 ], [ -73.984769, 40.769218 ], [ -73.984315, 40.769848 ], [ -73.983855, 40.77048 ], [ -73.983468, 40.771136 ], [ -73.983033, 40.771762 ], [ -73.982159, 40.771394 ], [ -73.982182, 40.772212 ], [ -73.98259, 40.772345 ], [ -73.982195, 40.772864 ], [ -73.982072, 40.772989 ], [ -73.981573, 40.773602 ], [ -73.981114, 40.774227 ], [ -73.98066, 40.774852 ], [ -73.980203, 40.775479 ], [ -73.979746, 40.776106 ], [ -73.976912, 40.774909 ], [ -73.976458, 40.775533 ], [ -73.975955, 40.77622 ], [ -73.975573, 40.776063 ], [ -73.975487, 40.775991 ], [ -73.975438, 40.775929 ], [ -73.975429, 40.775862 ], [ -73.975491, 40.775707 ], [ -73.975569, 40.775465 ], [ -73.975585, 40.775339 ], [ -73.975558, 40.775189 ], [ -73.975354, 40.774607 ], [ -73.975158, 40.774688 ], [ -73.974853, 40.774736 ], [ -73.974427, 40.774743 ], [ -73.974124, 40.774655 ], [ -73.973868, 40.774494 ], [ -73.973701, 40.774281 ], [ -73.973536, 40.774039 ], [ -73.973404, 40.773906 ], [ -73.973205, 40.773821 ], [ -73.972911, 40.773774 ], [ -73.972355, 40.773781 ], [ -73.971868, 40.773802 ], [ -73.971261, 40.773736 ], [ -73.970502, 40.773556 ], [ -73.970124, 40.77348 ], [ -73.969406, 40.773423 ], [ -73.969017, 40.773376 ], [ -73.968797, 40.773072 ], [ -73.96874, 40.772854 ], [ -73.968764, 40.772715 ], [ -73.968494, 40.772788 ], [ -73.968058, 40.772778 ], [ -73.967707, 40.772702 ], [ -73.967039, 40.772461 ], [ -73.967534, 40.771776 ], [ -73.967994, 40.771147 ], [ -73.968441, 40.770517 ], [ -73.968904, 40.769901 ], [ -73.969365, 40.769271 ], [ -73.969825, 40.768646 ], [ -73.970281, 40.768025 ], [ -73.970728, 40.767394 ], [ -73.971189, 40.766767 ], [ -73.971648, 40.766143 ], [ -73.972099, 40.765518 ], [ -73.972553, 40.764898 ], [ -73.973015, 40.764279 ], [ -73.973465, 40.763659 ], [ -73.973968, 40.762967 ], [ -73.974457, 40.762293 ], [ -73.974915, 40.761667 ], [ -73.975373, 40.76104 ], [ -73.975831, 40.760418 ], [ -73.976289, 40.759787 ], [ -73.976744, 40.759165 ], [ -73.977201, 40.758538 ], [ -73.977655, 40.757912 ], [ -73.978116, 40.757284 ], [ -73.978565, 40.756655 ], [ -73.979024, 40.756032 ], [ -73.979483, 40.755405 ], [ -73.979937, 40.754783 ], [ -73.980395, 40.754155 ], [ -73.980888, 40.753481 ], [ -73.981372, 40.752814 ], [ -73.981822, 40.752197 ], [ -73.982275, 40.751577 ], [ -73.982724, 40.750959 ], [ -73.983174, 40.750342 ], [ -73.983621, 40.749724 ], [ -73.984076, 40.749102 ], [ -73.98456, 40.748439 ], [ -73.985046, 40.747773 ], [ -73.985496, 40.747152 ], [ -73.984885, 40.746894 ], [ -73.983897, 40.746478 ], [ -73.984344, 40.745861 ], [ -73.984794, 40.745244 ], [ -73.985243, 40.744627 ], [ -73.985696, 40.744008 ], [ -73.986147, 40.743389 ], [ -73.986597, 40.742772 ], [ -73.988194, 40.743451 ], [ -73.988644, 40.742814 ], [ -73.989009, 40.742318 ], [ -73.98904, 40.742277 ], [ -73.989229, 40.742031 ], [ -73.989318, 40.741914 ], [ -73.989576, 40.741548 ], [ -73.99007, 40.74088 ], [ -73.990518, 40.740262 ], [ -73.990798, 40.739875 ], [ -73.990945, 40.739673 ], [ -73.991375, 40.739088 ], [ -73.991798, 40.738504 ], [ -73.992225, 40.737917 ], [ -73.992654, 40.73733 ], [ -73.995874, 40.738686 ], [ -73.998713, 40.739881 ], [ -74.001118, 40.740896 ], [ -74.001555, 40.74108 ], [ -74.004416, 40.742284 ], [ -74.007238, 40.74347 ], [ -74.006811, 40.744061 ], [ -74.008259, 40.744674 ], [ -74.008372, 40.743969 ], [ -74.008517, 40.743174 ], [ -74.008699, 40.742362 ], [ -74.008893, 40.742384 ], [ -74.009331, 40.742572 ], [ -74.017283, 40.74418 ], [ -74.016606, 40.746962 ] ] ] } },
{ "type": "Feature", "properties": { "STATEFP": "36", "SLDLST": "076", "GEOID": "36076", "GEOIDFQ": "620L800US36076", "NAMELSAD": "Assembly District 76", "LSAD": "L3", "LSY": "2022", "MTFCC": "G5220", "FUNCSTAT": "N", "ALAND": 2838278, "AWATER": 2590860, "INTPTLAT": "+40.7655224", "INTPTLON": "-073.9516835", "ad_num": 76, "AssemDist": 76 }, "geometry": { "type": "Polygon", "coordinates": [ [ [ -73.968192, 40.747251 ], [ -73.967989, 40.747484 ], [ -73.96793, 40.747552 ], [ -73.967881, 40.747617 ], [ -73.967697, 40.747866 ], [ -73.964715, 40.751717 ], [ -73.963185, 40.753415 ], [ -73.963018, 40.753585 ], [ -73.961565, 40.755208 ], [ -73.960849, 40.755732 ], [ -73.958811, 40.758256 ], [ -73.958478, 40.75854 ], [ -73.958603, 40.758592 ], [ -73.958719, 40.75864 ], [ -73.958671, 40.758705 ], [ -73.958502, 40.758935 ], [ -73.958455, 40.758997 ], [ -73.958008, 40.75958 ], [ -73.958107, 40.759618 ], [ -73.958162, 40.75964 ], [ -73.958809, 40.759913 ], [ -73.959791, 40.760323 ], [ -73.960615, 40.760668 ], [ -73.961068, 40.760858 ], [ -73.961127, 40.760775 ], [ -73.961426, 40.760362 ], [ -73.961889, 40.760565 ], [ -73.961756, 40.760746 ], [ -73.962394, 40.761015 ], [ -73.962654, 40.761125 ], [ -73.962747, 40.761164 ], [ -73.962761, 40.76117 ], [ -73.962952, 40.761244 ], [ -73.962965, 40.76125 ], [ -73.963101, 40.761314 ], [ -73.962919, 40.761564 ], [ -73.963081, 40.761632 ], [ -73.963489, 40.761073 ], [ -73.963884, 40.761233 ], [ -73.963823, 40.761315 ], [ -73.963734, 40.761435 ], [ -73.963424, 40.761859 ], [ -73.962974, 40.762487 ], [ -73.962515, 40.763113 ], [ -73.962064, 40.763735 ], [ -73.961607, 40.764367 ], [ -73.961148, 40.764987 ], [ -73.961542, 40.765148 ], [ -73.96294, 40.765722 ], [ -73.963401, 40.765911 ], [ -73.962929, 40.766559 ], [ -73.96247, 40.767185 ], [ -73.962145, 40.767631 ], [ -73.962014, 40.767812 ], [ -73.961559, 40.768437 ], [ -73.961102, 40.769059 ], [ -73.960602, 40.769749 ], [ -73.960109, 40.770432 ], [ -73.959645, 40.771064 ], [ -73.959182, 40.771697 ], [ -73.958717, 40.772331 ], [ -73.958625, 40.772456 ], [ -73.958619, 40.772464 ], [ -73.958483, 40.772649 ], [ -73.958255, 40.772965 ], [ -73.957794, 40.7736 ], [ -73.957294, 40.774283 ], [ -73.956798, 40.774967 ], [ -73.95678, 40.774991 ], [ -73.956583, 40.775259 ], [ -73.956334, 40.775601 ], [ -73.955869, 40.776236 ], [ -73.955408, 40.776868 ], [ -73.954945, 40.777504 ], [ -73.954482, 40.778139 ], [ -73.953984, 40.778822 ], [ -73.953758, 40.77913 ], [ -73.953673, 40.779247 ], [ -73.953492, 40.779496 ], [ -73.953033, 40.780126 ], [ -73.952656, 40.779966 ], [ -73.952522, 40.779909 ], [ -73.951971, 40.779676 ], [ -73.950792, 40.779179 ], [ -73.950336, 40.77981 ], [ -73.9501, 40.780132 ], [ -73.94988, 40.780436 ], [ -73.949419, 40.781062 ], [ -73.948961, 40.781689 ], [ -73.947014, 40.78087 ], [ -73.946591, 40.780692 ], [ -73.945264, 40.780138 ], [ -73.944939, 40.780003 ], [ -73.944653, 40.779884 ], [ -73.944358, 40.779761 ], [ -73.944195, 40.780128 ], [ -73.9442, 40.780261 ], [ -73.9442, 40.780271 ], [ -73.944224, 40.780413 ], [ -73.944265, 40.780553 ], [ -73.944474, 40.781471 ], [ -73.944486, 40.781619 ], [ -73.944487, 40.781709 ], [ -73.944489, 40.781769 ], [ -73.944474, 40.781998 ], [ -73.944438, 40.782241 ], [ -73.944397, 40.782382 ], [ -73.944342, 40.78252 ], [ -73.94426, 40.782676 ], [ -73.94418, 40.7828 ], [ -73.944097, 40.782911 ], [ -73.944054, 40.782964 ], [ -73.943955, 40.782916 ], [ -73.943833, 40.782859 ], [ -73.94376, 40.782829 ], [ -73.943604, 40.78265 ], [ -73.937608, 40.781754 ], [ -73.937288, 40.780963 ], [ -73.934412, 40.778093 ], [ -73.934744, 40.778076 ], [ -73.935082, 40.777944 ], [ -73.935509, 40.777539 ], [ -73.935855, 40.777212 ], [ -73.936089, 40.777184 ], [ -73.93638, 40.776921 ], [ -73.937047, 40.775866 ], [ -73.937655, 40.775086 ], [ -73.937858, 40.774088 ], [ -73.937813, 40.773563 ], [ -73.937466, 40.772531 ], [ -73.937466, 40.772504 ], [ -73.934956, 40.77173 ], [ -73.935323, 40.770485 ], [ -73.936404, 40.769475 ], [ -73.938204, 40.768728 ], [ -73.939836, 40.767988 ], [ -73.940351, 40.767653 ], [ -73.940463, 40.76753 ], [ -73.941312, 40.766918 ], [ -73.941585, 40.766616 ], [ -73.943503, 40.764499 ], [ -73.944715, 40.762879 ], [ -73.945705, 40.761488 ], [ -73.945806, 40.76145 ], [ -73.945964, 40.761293 ], [ -73.947832, 40.758989 ], [ -73.948445, 40.758218 ], [ -73.94915, 40.757329 ], [ -73.950663, 40.755436 ], [ -73.950713, 40.755378 ], [ -73.950735, 40.755352 ], [ -73.950766, 40.755313 ], [ -73.95084, 40.755219 ], [ -73.950877, 40.755167 ], [ -73.951018, 40.755087 ], [ -73.951367, 40.754524 ], [ -73.951625, 40.754249 ], [ -73.951779, 40.754087 ], [ -73.952081, 40.753757 ], [ -73.952173, 40.753703 ], [ -73.952657, 40.753107 ], [ -73.952849, 40.75294 ], [ -73.953009, 40.752775 ], [ -73.952972, 40.752747 ], [ -73.953641, 40.752037 ], [ -73.953679, 40.752047 ], [ -73.953802, 40.751958 ], [ -73.953994, 40.751786 ], [ -73.95394, 40.751746 ], [ -73.954317, 40.751258 ], [ -73.955532, 40.750216 ], [ -73.956062, 40.749764 ], [ -73.956088, 40.749769 ], [ -73.956121, 40.74976 ], [ -73.956201, 40.749686 ], [ -73.9562, 40.749671 ], [ -73.956174, 40.749665 ], [ -73.956842, 40.748828 ], [ -73.957584, 40.747948 ], [ -73.957732, 40.747775 ], [ -73.958216, 40.747212 ], [ -73.958327, 40.747081 ], [ -73.958711, 40.746635 ], [ -73.959124, 40.746119 ], [ -73.959193, 40.746035 ], [ -73.959725, 40.745261 ], [ -73.959778, 40.745178 ], [ -73.960211, 40.744511 ], [ -73.960267, 40.744428 ], [ -73.960513, 40.744108 ], [ -73.960563, 40.744024 ], [ -73.960833, 40.743639 ], [ -73.961183, 40.743005 ], [ -73.961291, 40.742894 ], [ -73.961381, 40.742802 ], [ -73.968737, 40.746508 ], [ -73.968192, 40.747251 ] ] ] } },
{ "type": "Feature", "properties": { "STATEFP": "36", "SLDLST": "077", "GEOID": "36077", "GEOIDFQ": "620L800US36077", "NAMELSAD": "Assembly District 77", "LSAD": "L3", "LSY": "2022", "MTFCC": "G5220", "FUNCSTAT": "N", "ALAND": 4311686, "AWATER": 8301, "INTPTLAT": "+40.8491831", "INTPTLON": "-073.9118273", "ad_num": 77, "AssemDist": 77 }, "geometry": { "type": "Polygon", "coordinates": [ [ [ -73.933459, 40.833184 ], [ -73.933144, 40.834815 ], [ -73.933006, 40.835679 ], [ -73.930654, 40.839599 ], [ -73.930606, 40.839679 ], [ -73.930406, 40.840279 ], [ -73.930368, 40.84065 ], [ -73.930039, 40.84125 ], [ -73.929727, 40.841849 ], [ -73.929579, 40.842047 ], [ -73.929695, 40.842195 ], [ -73.929635, 40.842256 ], [ -73.929609, 40.84228 ], [ -73.929597, 40.842292 ], [ -73.929503, 40.842381 ], [ -73.929006, 40.844079 ], [ -73.928253, 40.845335 ], [ -73.928245, 40.845349 ], [ -73.928159, 40.845492 ], [ -73.92815, 40.845507 ], [ -73.928106, 40.845579 ], [ -73.928032, 40.84567 ], [ -73.927397, 40.846436 ], [ -73.927296, 40.846557 ], [ -73.925036, 40.84918 ], [ -73.923904, 40.850488 ], [ -73.923647, 40.850902 ], [ -73.922978, 40.852022 ], [ -73.922706, 40.852479 ], [ -73.922199, 40.853112 ], [ -73.921626, 40.853966 ], [ -73.921581, 40.854046 ], [ -73.921536, 40.854127 ], [ -73.921405, 40.854358 ], [ -73.921215, 40.854693 ], [ -73.920958, 40.855112 ], [ -73.920273, 40.856234 ], [ -73.920005, 40.856679 ], [ -73.91929, 40.857475 ], [ -73.917901, 40.856937 ], [ -73.91764, 40.857348 ], [ -73.917387, 40.857277 ], [ -73.917338, 40.857389 ], [ -73.917058, 40.858027 ], [ -73.916875, 40.858009 ], [ -73.916642, 40.857988 ], [ -73.915886, 40.857887 ], [ -73.91679, 40.854873 ], [ -73.916935, 40.854609 ], [ -73.918167, 40.852983 ], [ -73.918615, 40.852844 ], [ -73.919096, 40.852675 ], [ -73.918625, 40.852386 ], [ -73.918289, 40.851998 ], [ -73.918223, 40.851866 ], [ -73.91823, 40.851837 ], [ -73.918326, 40.851543 ], [ -73.919592, 40.85068 ], [ -73.919841, 40.850394 ], [ -73.920319, 40.849804 ], [ -73.921278, 40.848648 ], [ -73.921656, 40.848184 ], [ -73.922035, 40.847721 ], [ -73.922305, 40.847408 ], [ -73.921896, 40.84731 ], [ -73.921345, 40.84718 ], [ -73.920542, 40.846894 ], [ -73.919609, 40.847578 ], [ -73.919411, 40.847635 ], [ -73.918753, 40.848071 ], [ -73.918414, 40.848328 ], [ -73.917644, 40.84773 ], [ -73.916142, 40.848878 ], [ -73.916127, 40.849006 ], [ -73.916051, 40.850043 ], [ -73.915452, 40.850494 ], [ -73.914898, 40.850208 ], [ -73.914156, 40.849968 ], [ -73.913464, 40.850018 ], [ -73.912875, 40.850125 ], [ -73.912731, 40.85017 ], [ -73.912482, 40.850378 ], [ -73.912291, 40.85061 ], [ -73.912212, 40.850781 ], [ -73.912172, 40.850943 ], [ -73.912113, 40.851092 ], [ -73.911947, 40.851353 ], [ -73.911844, 40.851445 ], [ -73.911536, 40.851692 ], [ -73.911453, 40.85174 ], [ -73.911322, 40.851805 ], [ -73.911025, 40.851906 ], [ -73.910777, 40.851939 ], [ -73.910175, 40.851983 ], [ -73.909864, 40.851958 ], [ -73.909531, 40.851902 ], [ -73.909215, 40.851801 ], [ -73.908418, 40.852644 ], [ -73.907333, 40.853816 ], [ -73.906448, 40.853474 ], [ -73.905602, 40.853149 ], [ -73.906821, 40.851808 ], [ -73.90605, 40.851401 ], [ -73.906581, 40.850821 ], [ -73.906993, 40.850371 ], [ -73.907648, 40.85086 ], [ -73.908013, 40.849669 ], [ -73.908304, 40.848848 ], [ -73.906984, 40.848584 ], [ -73.907526, 40.848046 ], [ -73.907745, 40.847856 ], [ -73.908582, 40.848023 ], [ -73.90882, 40.847265 ], [ -73.909417, 40.847393 ], [ -73.910235, 40.847556 ], [ -73.910647, 40.84698 ], [ -73.911439, 40.845873 ], [ -73.910882, 40.845542 ], [ -73.910743, 40.845459 ], [ -73.911044, 40.84521 ], [ -73.911143, 40.845063 ], [ -73.91132, 40.844783 ], [ -73.911115, 40.844803 ], [ -73.911344, 40.844382 ], [ -73.911498, 40.843958 ], [ -73.911521, 40.84389 ], [ -73.911758, 40.84319 ], [ -73.911927, 40.843267 ], [ -73.91199, 40.843071 ], [ -73.911841, 40.84294 ], [ -73.911751, 40.84286 ], [ -73.910982, 40.842803 ], [ -73.910486, 40.842786 ], [ -73.90959, 40.842753 ], [ -73.908657, 40.84272 ], [ -73.907744, 40.842703 ], [ -73.906846, 40.842668 ], [ -73.906002, 40.842629 ], [ -73.905, 40.842535 ], [ -73.905032, 40.842263 ], [ -73.905105, 40.84126 ], [ -73.905164, 40.840867 ], [ -73.905312, 40.840455 ], [ -73.90559, 40.839916 ], [ -73.905607, 40.839844 ], [ -73.905769, 40.839557 ], [ -73.906445, 40.838669 ], [ -73.905979, 40.838505 ], [ -73.906906, 40.837023 ], [ -73.90694, 40.836969 ], [ -73.907402, 40.836232 ], [ -73.908148, 40.834904 ], [ -73.908691, 40.833938 ], [ -73.909621, 40.832281 ], [ -73.90875, 40.832007 ], [ -73.909713, 40.83047 ], [ -73.91049, 40.830737 ], [ -73.91139, 40.829138 ], [ -73.911524, 40.82896 ], [ -73.91166, 40.828749 ], [ -73.912169, 40.827902 ], [ -73.913631, 40.826924 ], [ -73.91461, 40.826295 ], [ -73.915316, 40.826546 ], [ -73.915418, 40.826579 ], [ -73.916235, 40.826842 ], [ -73.917533, 40.82725 ], [ -73.918468, 40.827547 ], [ -73.919336, 40.827825 ], [ -73.920201, 40.8281 ], [ -73.920694, 40.827211 ], [ -73.921152, 40.826398 ], [ -73.921739, 40.82564 ], [ -73.922274, 40.82497 ], [ -73.923473, 40.825425 ], [ -73.923062, 40.826096 ], [ -73.922742, 40.826714 ], [ -73.922669, 40.826854 ], [ -73.922609, 40.82697 ], [ -73.92285, 40.827043 ], [ -73.922026, 40.828501 ], [ -73.921356, 40.829691 ], [ -73.920651, 40.830981 ], [ -73.921243, 40.831189 ], [ -73.921661, 40.831337 ], [ -73.921062, 40.832355 ], [ -73.920365, 40.833543 ], [ -73.919907, 40.834323 ], [ -73.918577, 40.833872 ], [ -73.917973, 40.834506 ], [ -73.917903, 40.834579 ], [ -73.917836, 40.834649 ], [ -73.917829, 40.834657 ], [ -73.916665, 40.835845 ], [ -73.916039, 40.836457 ], [ -73.915498, 40.83702 ], [ -73.914956, 40.837584 ], [ -73.914535, 40.838022 ], [ -73.914414, 40.838176 ], [ -73.914128, 40.838539 ], [ -73.914006, 40.838706 ], [ -73.913933, 40.838807 ], [ -73.913885, 40.838872 ], [ -73.913611, 40.839249 ], [ -73.913261, 40.839863 ], [ -73.912884, 40.840999 ], [ -73.913343, 40.84117 ], [ -73.913427, 40.841201 ], [ -73.913646, 40.841283 ], [ -73.914472, 40.84162 ], [ -73.915177, 40.840633 ], [ -73.91594, 40.839552 ], [ -73.916783, 40.839881 ], [ -73.917683, 40.840225 ], [ -73.917299, 40.840766 ], [ -73.916892, 40.841347 ], [ -73.916184, 40.842335 ], [ -73.917687, 40.842239 ], [ -73.917949, 40.842229 ], [ -73.917955, 40.843102 ], [ -73.919783, 40.840876 ], [ -73.921193, 40.838156 ], [ -73.921903, 40.838473 ], [ -73.922216, 40.837986 ], [ -73.923231, 40.83816 ], [ -73.923302, 40.837317 ], [ -73.924298, 40.83602 ], [ -73.925265, 40.834774 ], [ -73.924394, 40.834484 ], [ -73.925029, 40.833273 ], [ -73.925364, 40.832625 ], [ -73.926611, 40.833022 ], [ -73.927265, 40.832171 ], [ -73.928108, 40.830997 ], [ -73.928572, 40.830143 ], [ -73.929738, 40.830378 ], [ -73.930711, 40.830574 ], [ -73.931505, 40.830838 ], [ -73.931924, 40.830986 ], [ -73.931937, 40.830947 ], [ -73.931849, 40.830354 ], [ -73.931623, 40.829666 ], [ -73.931516, 40.829399 ], [ -73.931386, 40.829145 ], [ -73.931181, 40.82877 ], [ -73.930956, 40.828335 ], [ -73.930872, 40.828113 ], [ -73.930759, 40.82757 ], [ -73.930738, 40.827439 ], [ -73.930729, 40.827341 ], [ -73.930723, 40.827171 ], [ -73.930735, 40.82701 ], [ -73.930789, 40.826685 ], [ -73.930834, 40.82638 ], [ -73.930693, 40.82621 ], [ -73.930658, 40.826166 ], [ -73.929924, 40.825244 ], [ -73.929549, 40.824773 ], [ -73.92913, 40.824238 ], [ -73.928498, 40.823427 ], [ -73.927841, 40.822533 ], [ -73.927224, 40.821709 ], [ -73.926542, 40.820763 ], [ -73.926352, 40.820552 ], [ -73.926644, 40.819998 ], [ -73.926878, 40.819479 ], [ -73.927301, 40.819595 ], [ -73.928024, 40.819789 ], [ -73.928839, 40.820016 ], [ -73.929752, 40.820266 ], [ -73.930608, 40.820495 ], [ -73.930687, 40.820516 ], [ -73.930633, 40.819907 ], [ -73.930825, 40.820266 ], [ -73.930733, 40.819362 ], [ -73.932327, 40.819503 ], [ -73.932329, 40.819554 ], [ -73.932333, 40.819654 ], [ -73.932401, 40.821193 ], [ -73.932407, 40.821284 ], [ -73.932425, 40.821561 ], [ -73.932468, 40.822203 ], [ -73.932491, 40.822554 ], [ -73.93252, 40.8228 ], [ -73.932538, 40.823051 ], [ -73.932567, 40.82325 ], [ -73.932568, 40.823488 ], [ -73.932591, 40.823666 ], [ -73.932632, 40.824134 ], [ -73.932643, 40.824356 ], [ -73.932661, 40.824538 ], [ -73.932719, 40.825116 ], [ -73.932728, 40.825183 ], [ -73.932736, 40.82529 ], [ -73.932749, 40.825386 ], [ -73.932749, 40.825439 ], [ -73.932749, 40.825492 ], [ -73.932781, 40.825715 ], [ -73.932793, 40.82583 ], [ -73.932813, 40.825941 ], [ -73.932825, 40.826078 ], [ -73.932898, 40.826558 ], [ -73.933003, 40.827676 ], [ -73.933021, 40.827834 ], [ -73.933033, 40.827913 ], [ -73.933047, 40.827995 ], [ -73.933059, 40.828156 ], [ -73.933062, 40.828202 ], [ -73.933074, 40.828275 ], [ -73.93314, 40.828629 ], [ -73.93316, 40.828886 ], [ -73.933182, 40.828985 ], [ -73.933193, 40.829161 ], [ -73.933263, 40.829504 ], [ -73.933417, 40.831377 ], [ -73.933459, 40.833184 ] ] ] } },
{ "type": "Feature", "properties": { "STATEFP": "36", "SLDLST": "078", "GEOID": "36078", "GEOIDFQ": "620L800US36078", "NAMELSAD": "Assembly District 78", "LSAD": "L3", "LSY": "2022", "MTFCC": "G5220", "FUNCSTAT": "N", "ALAND": 5705845, "AWATER": 0, "INTPTLAT": "+40.8619917", "INTPTLON": "-073.8874819", "ad_num": 78, "AssemDist": 78 }, "geometry": { "type": "Polygon", "coordinates": [ [ [ -73.909107, 40.863555 ], [ -73.909071, 40.863853 ], [ -73.909027, 40.864216 ], [ -73.908826, 40.864854 ], [ -73.908488, 40.865345 ], [ -73.908527, 40.866537 ], [ -73.908368, 40.867247 ], [ -73.90793, 40.868451 ], [ -73.907222, 40.868851 ], [ -73.906319, 40.869572 ], [ -73.905996, 40.869873 ], [ -73.905585, 40.870135 ], [ -73.905055, 40.870308 ], [ -73.904731, 40.870344 ], [ -73.904397, 40.870348 ], [ -73.904483, 40.870566 ], [ -73.904494, 40.870836 ], [ -73.904436, 40.871576 ], [ -73.904442, 40.872176 ], [ -73.904459, 40.872423 ], [ -73.9045, 40.872534 ], [ -73.904662, 40.872645 ], [ -73.905714, 40.873138 ], [ -73.904708, 40.874617 ], [ -73.903706, 40.874292 ], [ -73.902713, 40.873985 ], [ -73.901748, 40.873675 ], [ -73.902146, 40.872502 ], [ -73.900954, 40.872293 ], [ -73.900039, 40.872136 ], [ -73.899086, 40.871969 ], [ -73.899303, 40.871244 ], [ -73.898284, 40.871054 ], [ -73.89779, 40.870857 ], [ -73.897327, 40.871446 ], [ -73.894073, 40.875588 ], [ -73.892129, 40.878058 ], [ -73.889658, 40.876975 ], [ -73.888893, 40.876635 ], [ -73.88807, 40.876271 ], [ -73.887736, 40.877034 ], [ -73.886575, 40.877241 ], [ -73.885745, 40.877397 ], [ -73.88554, 40.877402 ], [ -73.885329, 40.877341 ], [ -73.885278, 40.877427 ], [ -73.885151, 40.877294 ], [ -73.884907, 40.8772 ], [ -73.88383, 40.876783 ], [ -73.883424, 40.875742 ], [ -73.883436, 40.875384 ], [ -73.88344, 40.874794 ], [ -73.8834, 40.873947 ], [ -73.882957, 40.873052 ], [ -73.88247, 40.872128 ], [ -73.88222, 40.871227 ], [ -73.881976, 40.870387 ], [ -73.881742, 40.869552 ], [ -73.881469, 40.868573 ], [ -73.880375, 40.869194 ], [ -73.87986, 40.868274 ], [ -73.879738, 40.868057 ], [ -73.879652, 40.868004 ], [ -73.879554, 40.86797 ], [ -73.879477, 40.867955 ], [ -73.879387, 40.867951 ], [ -73.879288, 40.867962 ], [ -73.879197, 40.867988 ], [ -73.87911, 40.86803 ], [ -73.879549, 40.867719 ], [ -73.880352, 40.867244 ], [ -73.880701, 40.86699 ], [ -73.880996, 40.866741 ], [ -73.881302, 40.866572 ], [ -73.881668, 40.866474 ], [ -73.882056, 40.866436 ], [ -73.882236, 40.866408 ], [ -73.882365, 40.866338 ], [ -73.883079, 40.866593 ], [ -73.884531, 40.86579 ], [ -73.884783, 40.865651 ], [ -73.883934, 40.86495 ], [ -73.883989, 40.864819 ], [ -73.884, 40.864666 ], [ -73.883956, 40.864448 ], [ -73.883836, 40.86424 ], [ -73.88235, 40.862449 ], [ -73.881961, 40.862129 ], [ -73.881858, 40.862038 ], [ -73.88112, 40.861469 ], [ -73.880897, 40.86129 ], [ -73.88074, 40.861126 ], [ -73.880656, 40.861006 ], [ -73.880543, 40.860746 ], [ -73.880514, 40.860612 ], [ -73.880515, 40.860346 ], [ -73.880731, 40.859676 ], [ -73.880758, 40.859494 ], [ -73.880953, 40.858648 ], [ -73.880964, 40.8586 ], [ -73.880993, 40.858431 ], [ -73.881008, 40.858244 ], [ -73.881002, 40.85803 ], [ -73.880976, 40.857843 ], [ -73.880938, 40.857683 ], [ -73.880882, 40.857509 ], [ -73.88081, 40.857187 ], [ -73.879994, 40.856781 ], [ -73.879066, 40.85624 ], [ -73.878687, 40.856014 ], [ -73.877789, 40.855565 ], [ -73.877403, 40.855487 ], [ -73.87712, 40.855465 ], [ -73.876766, 40.855514 ], [ -73.876757, 40.858162 ], [ -73.87664, 40.859598 ], [ -73.87662, 40.859851 ], [ -73.873927, 40.863067 ], [ -73.875089, 40.866194 ], [ -73.874324, 40.866863 ], [ -73.873651, 40.866722 ], [ -73.872153, 40.866212 ], [ -73.871965, 40.866148 ], [ -73.871698, 40.865918 ], [ -73.871371, 40.865627 ], [ -73.871016, 40.865427 ], [ -73.870853, 40.865372 ], [ -73.870743, 40.865372 ], [ -73.870419, 40.865363 ], [ -73.870462, 40.863272 ], [ -73.870579, 40.861405 ], [ -73.869436, 40.861382 ], [ -73.868496, 40.861363 ], [ -73.867486, 40.861346 ], [ -73.866798, 40.861338 ], [ -73.867337, 40.859555 ], [ -73.867595, 40.858989 ], [ -73.867835, 40.85852 ], [ -73.868383, 40.857812 ], [ -73.868859, 40.857225 ], [ -73.869327, 40.856647 ], [ -73.869889, 40.855971 ], [ -73.869929, 40.85586 ], [ -73.8699, 40.855712 ], [ -73.869815, 40.855484 ], [ -73.870441, 40.854801 ], [ -73.87061, 40.854653 ], [ -73.870786, 40.854522 ], [ -73.870984, 40.854397 ], [ -73.871281, 40.85425 ], [ -73.871763, 40.854113 ], [ -73.871938, 40.854042 ], [ -73.872348, 40.853805 ], [ -73.872722, 40.853679 ], [ -73.873316, 40.853439 ], [ -73.873681, 40.853249 ], [ -73.874059, 40.852977 ], [ -73.874496, 40.852581 ], [ -73.875234, 40.851199 ], [ -73.875254, 40.851114 ], [ -73.875282, 40.850914 ], [ -73.875262, 40.850681 ], [ -73.875207, 40.850495 ], [ -73.875099, 40.850277 ], [ -73.875295, 40.848315 ], [ -73.875944, 40.847022 ], [ -73.876172, 40.846576 ], [ -73.876343, 40.846161 ], [ -73.876464, 40.845691 ], [ -73.87652, 40.845293 ], [ -73.877314, 40.844007 ], [ -73.878007, 40.844484 ], [ -73.879194, 40.845321 ], [ -73.880477, 40.846197 ], [ -73.881056, 40.846594 ], [ -73.881998, 40.847235 ], [ -73.882844, 40.847818 ], [ -73.882781, 40.84807 ], [ -73.883109, 40.848273 ], [ -73.883216, 40.847768 ], [ -73.883301, 40.847454 ], [ -73.883445, 40.847153 ], [ -73.88379, 40.846783 ], [ -73.884465, 40.845985 ], [ -73.885603, 40.846543 ], [ -73.886697, 40.847082 ], [ -73.887789, 40.847618 ], [ -73.888837, 40.848134 ], [ -73.889795, 40.848608 ], [ -73.89046, 40.848933 ], [ -73.8899, 40.849869 ], [ -73.889332, 40.850832 ], [ -73.888953, 40.851441 ], [ -73.889518, 40.851803 ], [ -73.889879, 40.85207 ], [ -73.88994, 40.852591 ], [ -73.890483, 40.852288 ], [ -73.891052, 40.852004 ], [ -73.891741, 40.851666 ], [ -73.892797, 40.851098 ], [ -73.893426, 40.851404 ], [ -73.894318, 40.851891 ], [ -73.893071, 40.85325 ], [ -73.892267, 40.85411 ], [ -73.892001, 40.854396 ], [ -73.891801, 40.854611 ], [ -73.8925, 40.854975 ], [ -73.893136, 40.855244 ], [ -73.894432, 40.855786 ], [ -73.893992, 40.856405 ], [ -73.893552, 40.857007 ], [ -73.893122, 40.857604 ], [ -73.892649, 40.858252 ], [ -73.892223, 40.858833 ], [ -73.891921, 40.859245 ], [ -73.892074, 40.859314 ], [ -73.892257, 40.85941 ], [ -73.893215, 40.859874 ], [ -73.894042, 40.860279 ], [ -73.894631, 40.860553 ], [ -73.895376, 40.860744 ], [ -73.896425, 40.860997 ], [ -73.897561, 40.861304 ], [ -73.896939, 40.862442 ], [ -73.896904, 40.862495 ], [ -73.897068, 40.862534 ], [ -73.897306, 40.862499 ], [ -73.898387, 40.862344 ], [ -73.89804, 40.862831 ], [ -73.897495, 40.86367 ], [ -73.896832, 40.864675 ], [ -73.895999, 40.865834 ], [ -73.896925, 40.866251 ], [ -73.897979, 40.866728 ], [ -73.898873, 40.865584 ], [ -73.899606, 40.864646 ], [ -73.900276, 40.863788 ], [ -73.90108, 40.862756 ], [ -73.90133, 40.8628 ], [ -73.901566, 40.862806 ], [ -73.901866, 40.862787 ], [ -73.902293, 40.862717 ], [ -73.902566, 40.862702 ], [ -73.902901, 40.862708 ], [ -73.903319, 40.862735 ], [ -73.904038, 40.862741 ], [ -73.904934, 40.862749 ], [ -73.906159, 40.862779 ], [ -73.907586, 40.862816 ], [ -73.90821, 40.862828 ], [ -73.908608, 40.862796 ], [ -73.90904, 40.862679 ], [ -73.909099, 40.863001 ], [ -73.909107, 40.863555 ] ] ] } },
{ "type": "Feature", "properties": { "STATEFP": "36", "SLDLST": "079", "GEOID": "36079", "GEOIDFQ": "620L800US36079", "NAMELSAD": "Assembly District 79", "LSAD": "L3", "LSY": "2022", "MTFCC": "G5220", "FUNCSTAT": "N", "ALAND": 5407961, "AWATER": 0, "INTPTLAT": "+40.8320299", "INTPTLON": "-073.9014445", "ad_num": 79, "AssemDist": 79 }, "geometry": { "type": "Polygon", "coordinates": [ [ [ -73.924644, 40.821021 ], [ -73.923371, 40.8231 ], [ -73.923073, 40.823624 ], [ -73.923021, 40.823711 ], [ -73.922378, 40.824794 ], [ -73.922274, 40.82497 ], [ -73.921739, 40.82564 ], [ -73.921152, 40.826398 ], [ -73.920694, 40.827211 ], [ -73.920201, 40.8281 ], [ -73.919336, 40.827825 ], [ -73.918468, 40.827547 ], [ -73.917533, 40.82725 ], [ -73.916235, 40.826842 ], [ -73.915418, 40.826579 ], [ -73.915316, 40.826546 ], [ -73.91461, 40.826295 ], [ -73.913631, 40.826924 ], [ -73.912169, 40.827902 ], [ -73.91166, 40.828749 ], [ -73.911524, 40.82896 ], [ -73.91139, 40.829138 ], [ -73.91049, 40.830737 ], [ -73.909713, 40.83047 ], [ -73.90875, 40.832007 ], [ -73.909621, 40.832281 ], [ -73.908691, 40.833938 ], [ -73.908148, 40.834904 ], [ -73.907402, 40.836232 ], [ -73.90694, 40.836969 ], [ -73.906906, 40.837023 ], [ -73.905979, 40.838505 ], [ -73.906445, 40.838669 ], [ -73.905769, 40.839557 ], [ -73.905607, 40.839844 ], [ -73.90559, 40.839916 ], [ -73.905312, 40.840455 ], [ -73.905164, 40.840867 ], [ -73.905105, 40.84126 ], [ -73.905032, 40.842263 ], [ -73.905, 40.842535 ], [ -73.904937, 40.843375 ], [ -73.904847, 40.84459 ], [ -73.904851, 40.844726 ], [ -73.90385, 40.844657 ], [ -73.90271, 40.84454 ], [ -73.901374, 40.84436 ], [ -73.901165, 40.844332 ], [ -73.900982, 40.844309 ], [ -73.899675, 40.844157 ], [ -73.899733, 40.844056 ], [ -73.898663, 40.843933 ], [ -73.897611, 40.84381 ], [ -73.897558, 40.843917 ], [ -73.896726, 40.843853 ], [ -73.895483, 40.843705 ], [ -73.895179, 40.843666 ], [ -73.894894, 40.843636 ], [ -73.894809, 40.843761 ], [ -73.894673, 40.843915 ], [ -73.893985, 40.844704 ], [ -73.893567, 40.845138 ], [ -73.893398, 40.845403 ], [ -73.89322, 40.845808 ], [ -73.892901, 40.846269 ], [ -73.893374, 40.846401 ], [ -73.89304, 40.846971 ], [ -73.892421, 40.848003 ], [ -73.891334, 40.84747 ], [ -73.89046, 40.848933 ], [ -73.889795, 40.848608 ], [ -73.888837, 40.848134 ], [ -73.887789, 40.847618 ], [ -73.886697, 40.847082 ], [ -73.885603, 40.846543 ], [ -73.884465, 40.845985 ], [ -73.885192, 40.845195 ], [ -73.885292, 40.844608 ], [ -73.884882, 40.8446 ], [ -73.885085, 40.843609 ], [ -73.885298, 40.842536 ], [ -73.88545, 40.841752 ], [ -73.885684, 40.84051 ], [ -73.884918, 40.840063 ], [ -73.883938, 40.839573 ], [ -73.883811, 40.839469 ], [ -73.883468, 40.839057 ], [ -73.883565, 40.838986 ], [ -73.883739, 40.838846 ], [ -73.884817, 40.836977 ], [ -73.885107, 40.836475 ], [ -73.884249, 40.836179 ], [ -73.883396, 40.835884 ], [ -73.884394, 40.834211 ], [ -73.88538, 40.83256 ], [ -73.886242, 40.832855 ], [ -73.887095, 40.833152 ], [ -73.887948, 40.833447 ], [ -73.888936, 40.831798 ], [ -73.88906, 40.831584 ], [ -73.889093, 40.831527 ], [ -73.889912, 40.830124 ], [ -73.890873, 40.830136 ], [ -73.891876, 40.830137 ], [ -73.892886, 40.830148 ], [ -73.89336, 40.830152 ], [ -73.893833, 40.82967 ], [ -73.894269, 40.829211 ], [ -73.895058, 40.828388 ], [ -73.895226, 40.828213 ], [ -73.895292, 40.828143 ], [ -73.896222, 40.82717 ], [ -73.895824, 40.825995 ], [ -73.895847, 40.823892 ], [ -73.896861, 40.823848 ], [ -73.897329, 40.823856 ], [ -73.898142, 40.823854 ], [ -73.898874, 40.82385 ], [ -73.899799, 40.824058 ], [ -73.900039, 40.823482 ], [ -73.900612, 40.822109 ], [ -73.900845, 40.821542 ], [ -73.901292, 40.820475 ], [ -73.901602, 40.819695 ], [ -73.901668, 40.819534 ], [ -73.901832, 40.819147 ], [ -73.901928, 40.818924 ], [ -73.902107, 40.818505 ], [ -73.902579, 40.81737 ], [ -73.903593, 40.817579 ], [ -73.905007, 40.817866 ], [ -73.905313, 40.817925 ], [ -73.904999, 40.81806 ], [ -73.904546, 40.819239 ], [ -73.904107, 40.820296 ], [ -73.903793, 40.821091 ], [ -73.904897, 40.821371 ], [ -73.905659, 40.821557 ], [ -73.906457, 40.821715 ], [ -73.907427, 40.821945 ], [ -73.90775, 40.821168 ], [ -73.908186, 40.820113 ], [ -73.90875, 40.818759 ], [ -73.90991, 40.815936 ], [ -73.910133, 40.815932 ], [ -73.911025, 40.815977 ], [ -73.911942, 40.816047 ], [ -73.911381, 40.817373 ], [ -73.912344, 40.817509 ], [ -73.912373, 40.817509 ], [ -73.913192, 40.818003 ], [ -73.913645, 40.818168 ], [ -73.914472, 40.818507 ], [ -73.914953, 40.818077 ], [ -73.914878, 40.818463 ], [ -73.916498, 40.818878 ], [ -73.918276, 40.819378 ], [ -73.918921, 40.819543 ], [ -73.919844, 40.81978 ], [ -73.920581, 40.819969 ], [ -73.921478, 40.8202 ], [ -73.922652, 40.820494 ], [ -73.92294, 40.820598 ], [ -73.923229, 40.820672 ], [ -73.923639, 40.820777 ], [ -73.924644, 40.821021 ] ] ] } },
{ "type": "Feature", "properties": { "STATEFP": "36", "SLDLST": "068", "GEOID": "36068", "GEOIDFQ": "620L800US36068", "NAMELSAD": "Assembly District 68", "LSAD": "L3", "LSY": "2022", "MTFCC": "G5220", "FUNCSTAT": "N", "ALAND": 7176066, "AWATER": 2196158, "INTPTLAT": "+40.7932088", "INTPTLON": "-073.9355906", "ad_num": 68, "AssemDist": 68 }, "geometry": { "type": "Polygon", "coordinates": [ [ [ -73.963897, 40.792751 ], [ -73.963804, 40.792881 ], [ -73.963711, 40.793013 ], [ -73.963223, 40.793675 ], [ -73.962834, 40.794203 ], [ -73.962359, 40.794852 ], [ -73.961899, 40.79548 ], [ -73.96144, 40.796111 ], [ -73.960979, 40.796738 ], [ -73.960523, 40.797369 ], [ -73.960037, 40.798038 ], [ -73.959537, 40.798719 ], [ -73.959077, 40.799352 ], [ -73.958619, 40.799977 ], [ -73.958354, 40.800337 ], [ -73.958227, 40.800301 ], [ -73.95813, 40.800298 ], [ -73.958033, 40.800315 ], [ -73.957938, 40.800355 ], [ -73.957868, 40.800399 ], [ -73.957798, 40.800479 ], [ -73.957762, 40.800472 ], [ -73.955289, 40.799435 ], [ -73.952483, 40.798253 ], [ -73.952408, 40.799 ], [ -73.952458, 40.799843 ], [ -73.951529, 40.799459 ], [ -73.950806, 40.79916 ], [ -73.950074, 40.798857 ], [ -73.949136, 40.79847 ], [ -73.948311, 40.798129 ], [ -73.947816, 40.798805 ], [ -73.947735, 40.798914 ], [ -73.9474, 40.799374 ], [ -73.947295, 40.799518 ], [ -73.946974, 40.799961 ], [ -73.946462, 40.800665 ], [ -73.946325, 40.800852 ], [ -73.945968, 40.801342 ], [ -73.945508, 40.801971 ], [ -73.945052, 40.802599 ], [ -73.944667, 40.80313 ], [ -73.944597, 40.803228 ], [ -73.946131, 40.803877 ], [ -73.947813, 40.804587 ], [ -73.947352, 40.805213 ], [ -73.9469, 40.805839 ], [ -73.946438, 40.806469 ], [ -73.945978, 40.807098 ], [ -73.944302, 40.806391 ], [ -73.943402, 40.806014 ], [ -73.942754, 40.805744 ], [ -73.942262, 40.806416 ], [ -73.941771, 40.807089 ], [ -73.940157, 40.806409 ], [ -73.939702, 40.807035 ], [ -73.939248, 40.807655 ], [ -73.938792, 40.80828 ], [ -73.938548, 40.808614 ], [ -73.938475, 40.808713 ], [ -73.938338, 40.808903 ], [ -73.937881, 40.809525 ], [ -73.937408, 40.810176 ], [ -73.935819, 40.809503 ], [ -73.935782, 40.80954 ], [ -73.935577, 40.80982 ], [ -73.935313, 40.81011 ], [ -73.935172, 40.810252 ], [ -73.935023, 40.81038 ], [ -73.93496, 40.810422 ], [ -73.934868, 40.810495 ], [ -73.934733, 40.810602 ], [ -73.93424, 40.810846 ], [ -73.934144, 40.810895 ], [ -73.932666, 40.811494 ], [ -73.932605, 40.811517 ], [ -73.93263, 40.810606 ], [ -73.932615, 40.810015 ], [ -73.932586, 40.809676 ], [ -73.93257, 40.809256 ], [ -73.932477, 40.808864 ], [ -73.932346, 40.808586 ], [ -73.932112, 40.808182 ], [ -73.931825, 40.807902 ], [ -73.931801, 40.807876 ], [ -73.931166, 40.807205 ], [ -73.930406, 40.806479 ], [ -73.930347, 40.806196 ], [ -73.929986, 40.805793 ], [ -73.928401, 40.804106 ], [ -73.928225, 40.80385 ], [ -73.927525, 40.802764 ], [ -73.92725, 40.802558 ], [ -73.926737, 40.8025 ], [ -73.926562, 40.802476 ], [ -73.926419, 40.802476 ], [ -73.925081, 40.802521 ], [ -73.924069, 40.802468 ], [ -73.923801, 40.802504 ], [ -73.923748, 40.802548 ], [ -73.923633, 40.802554 ], [ -73.923022, 40.802425 ], [ -73.92234, 40.801962 ], [ -73.921742, 40.801689 ], [ -73.921622, 40.801447 ], [ -73.921204, 40.801011 ], [ -73.921052, 40.800642 ], [ -73.920728, 40.800101 ], [ -73.920357, 40.799672 ], [ -73.919861, 40.799353 ], [ -73.919098, 40.799013 ], [ -73.919053, 40.798988 ], [ -73.918901, 40.798903 ], [ -73.918812, 40.798853 ], [ -73.918669, 40.798801 ], [ -73.916306, 40.797881 ], [ -73.916252, 40.797838 ], [ -73.915754, 40.797589 ], [ -73.914462, 40.797042 ], [ -73.913903, 40.796843 ], [ -73.913802, 40.796834 ], [ -73.913624, 40.796786 ], [ -73.912456, 40.796096 ], [ -73.910673, 40.793116 ], [ -73.910296, 40.790657 ], [ -73.911131, 40.790114 ], [ -73.91125, 40.789744 ], [ -73.911618, 40.789586 ], [ -73.911774, 40.789723 ], [ -73.91208, 40.789522 ], [ -73.911951, 40.789402 ], [ -73.912069, 40.789339 ], [ -73.91223, 40.789179 ], [ -73.9126, 40.789376 ], [ -73.914239, 40.787856 ], [ -73.915587, 40.78643 ], [ -73.91526, 40.786192 ], [ -73.915344, 40.786116 ], [ -73.915399, 40.786058 ], [ -73.915752, 40.786108 ], [ -73.916833, 40.785191 ], [ -73.917182, 40.784552 ], [ -73.917171, 40.784193 ], [ -73.917245, 40.784142 ], [ -73.917738, 40.784076 ], [ -73.918189, 40.783933 ], [ -73.918474, 40.783754 ], [ -73.91909, 40.783368 ], [ -73.919965, 40.782635 ], [ -73.920383, 40.782276 ], [ -73.920763, 40.78195 ], [ -73.920999, 40.781749 ], [ -73.9221, 40.780852 ], [ -73.92263, 40.780565 ], [ -73.922957, 40.780441 ], [ -73.923187, 40.780248 ], [ -73.924234, 40.779101 ], [ -73.924816, 40.778758 ], [ -73.925573, 40.778459 ], [ -73.925745, 40.778405 ], [ -73.925908, 40.778361 ], [ -73.926318, 40.778242 ], [ -73.927084, 40.777717 ], [ -73.928277, 40.776899 ], [ -73.928396, 40.776791 ], [ -73.928605, 40.776593 ], [ -73.929036, 40.776467 ], [ -73.929881, 40.776222 ], [ -73.930629, 40.776591 ], [ -73.930883, 40.776974 ], [ -73.931074, 40.777261 ], [ -73.93105, 40.777442 ], [ -73.931788, 40.777871 ], [ -73.931847, 40.777892 ], [ -73.932649, 40.778022 ], [ -73.932722, 40.778035 ], [ -73.932775, 40.777922 ], [ -73.932903, 40.777944 ], [ -73.933908, 40.778117 ], [ -73.934412, 40.778093 ], [ -73.937288, 40.780963 ], [ -73.937608, 40.781754 ], [ -73.943604, 40.78265 ], [ -73.94376, 40.782829 ], [ -73.943833, 40.782859 ], [ -73.943955, 40.782916 ], [ -73.944054, 40.782964 ], [ -73.944097, 40.782911 ], [ -73.94418, 40.7828 ], [ -73.94426, 40.782676 ], [ -73.944342, 40.78252 ], [ -73.944397, 40.782382 ], [ -73.944438, 40.782241 ], [ -73.944474, 40.781998 ], [ -73.944489, 40.781769 ], [ -73.944487, 40.781709 ], [ -73.944486, 40.781619 ], [ -73.944474, 40.781471 ], [ -73.944265, 40.780553 ], [ -73.944224, 40.780413 ], [ -73.9442, 40.780271 ], [ -73.9442, 40.780261 ], [ -73.944195, 40.780128 ], [ -73.944358, 40.779761 ], [ -73.944653, 40.779884 ], [ -73.944939, 40.780003 ], [ -73.945264, 40.780138 ], [ -73.946591, 40.780692 ], [ -73.947014, 40.78087 ], [ -73.948961, 40.781689 ], [ -73.949825, 40.782054 ], [ -73.950355, 40.782277 ], [ -73.951199, 40.782634 ], [ -73.950739, 40.783262 ], [ -73.952341, 40.783937 ], [ -73.951883, 40.784565 ], [ -73.953503, 40.785247 ], [ -73.953961, 40.784616 ], [ -73.955569, 40.785298 ], [ -73.957168, 40.785983 ], [ -73.956718, 40.786601 ], [ -73.956262, 40.787223 ], [ -73.955778, 40.787914 ], [ -73.955528, 40.788245 ], [ -73.955275, 40.788584 ], [ -73.95675, 40.789204 ], [ -73.957394, 40.789475 ], [ -73.958259, 40.789844 ], [ -73.958525, 40.789948 ], [ -73.958771, 40.790027 ], [ -73.958994, 40.790087 ], [ -73.959178, 40.790128 ], [ -73.959397, 40.790163 ], [ -73.959594, 40.790205 ], [ -73.959847, 40.790276 ], [ -73.960063, 40.790353 ], [ -73.96027, 40.790442 ], [ -73.960485, 40.790553 ], [ -73.960677, 40.79067 ], [ -73.960832, 40.790782 ], [ -73.961065, 40.79094 ], [ -73.961326, 40.791099 ], [ -73.961583, 40.791236 ], [ -73.961792, 40.791338 ], [ -73.962063, 40.791457 ], [ -73.962372, 40.791573 ], [ -73.96256, 40.791635 ], [ -73.964176, 40.792362 ], [ -73.963897, 40.792751 ] ] ] } },
{ "type": "Feature", "properties": { "STATEFP": "36", "SLDLST": "069", "GEOID": "36069", "GEOIDFQ": "620L800US36069", "NAMELSAD": "Assembly District 69", "LSAD": "L3", "LSY": "2022", "MTFCC": "G5220", "FUNCSTAT": "N", "ALAND": 4346814, "AWATER": 2087835, "INTPTLAT": "+40.7972384", "INTPTLON": "-073.9689764", "ad_num": 69, "AssemDist": 69 }, "geometry": { "type": "Polygon", "coordinates": [ [ [ -73.986277, 40.795556 ], [ -73.986256, 40.795585 ], [ -73.984904, 40.797436 ], [ -73.984739, 40.797662 ], [ -73.984362, 40.798179 ], [ -73.982655, 40.800516 ], [ -73.982516, 40.800706 ], [ -73.980634, 40.803283 ], [ -73.979094, 40.805392 ], [ -73.978864, 40.805707 ], [ -73.977172, 40.808025 ], [ -73.975085, 40.810882 ], [ -73.973487, 40.813071 ], [ -73.971616, 40.815633 ], [ -73.971152, 40.816269 ], [ -73.966411, 40.814405 ], [ -73.965379, 40.813959 ], [ -73.965105, 40.813821 ], [ -73.964865, 40.813713 ], [ -73.964645, 40.813581 ], [ -73.964585, 40.813547 ], [ -73.963809, 40.813107 ], [ -73.963016, 40.812624 ], [ -73.962554, 40.812435 ], [ -73.962106, 40.812252 ], [ -73.960687, 40.814192 ], [ -73.959679, 40.813776 ], [ -73.959235, 40.814384 ], [ -73.958701, 40.81512 ], [ -73.958575, 40.815068 ], [ -73.958298, 40.81434 ], [ -73.958023, 40.814715 ], [ -73.957546, 40.814834 ], [ -73.956984, 40.814193 ], [ -73.956269, 40.813375 ], [ -73.955739, 40.812766 ], [ -73.955508, 40.8125 ], [ -73.954835, 40.811725 ], [ -73.954288, 40.810992 ], [ -73.954513, 40.810687 ], [ -73.954966, 40.810064 ], [ -73.956801, 40.810839 ], [ -73.957808, 40.811264 ], [ -73.958272, 40.810629 ], [ -73.957091, 40.81008 ], [ -73.957245, 40.809404 ], [ -73.957425, 40.80905 ], [ -73.957617, 40.808671 ], [ -73.957949, 40.808053 ], [ -73.958407, 40.807419 ], [ -73.959357, 40.806121 ], [ -73.959826, 40.805435 ], [ -73.959953, 40.805062 ], [ -73.960074, 40.804706 ], [ -73.960319, 40.803992 ], [ -73.960916, 40.802262 ], [ -73.961077, 40.8018 ], [ -73.960158, 40.801386 ], [ -73.959647, 40.801156 ], [ -73.959147, 40.801844 ], [ -73.957696, 40.801232 ], [ -73.957944, 40.800893 ], [ -73.957993, 40.800827 ], [ -73.957887, 40.800757 ], [ -73.957824, 40.800682 ], [ -73.957781, 40.800558 ], [ -73.957798, 40.800479 ], [ -73.957868, 40.800399 ], [ -73.957938, 40.800355 ], [ -73.958033, 40.800315 ], [ -73.95813, 40.800298 ], [ -73.958227, 40.800301 ], [ -73.958354, 40.800337 ], [ -73.958619, 40.799977 ], [ -73.959077, 40.799352 ], [ -73.959537, 40.798719 ], [ -73.960037, 40.798038 ], [ -73.960523, 40.797369 ], [ -73.960979, 40.796738 ], [ -73.96144, 40.796111 ], [ -73.961899, 40.79548 ], [ -73.962359, 40.794852 ], [ -73.962834, 40.794203 ], [ -73.963223, 40.793675 ], [ -73.963711, 40.793013 ], [ -73.963804, 40.792881 ], [ -73.963897, 40.792751 ], [ -73.964176, 40.792362 ], [ -73.96256, 40.791635 ], [ -73.962372, 40.791573 ], [ -73.962063, 40.791457 ], [ -73.961792, 40.791338 ], [ -73.961583, 40.791236 ], [ -73.961326, 40.791099 ], [ -73.961065, 40.79094 ], [ -73.960832, 40.790782 ], [ -73.960677, 40.79067 ], [ -73.960485, 40.790553 ], [ -73.96027, 40.790442 ], [ -73.960063, 40.790353 ], [ -73.959847, 40.790276 ], [ -73.959594, 40.790205 ], [ -73.959397, 40.790163 ], [ -73.959178, 40.790128 ], [ -73.958994, 40.790087 ], [ -73.958771, 40.790027 ], [ -73.958525, 40.789948 ], [ -73.958259, 40.789844 ], [ -73.957394, 40.789475 ], [ -73.95675, 40.789204 ], [ -73.955275, 40.788584 ], [ -73.955528, 40.788245 ], [ -73.955778, 40.787914 ], [ -73.956262, 40.787223 ], [ -73.956718, 40.786601 ], [ -73.957168, 40.785983 ], [ -73.957636, 40.785344 ], [ -73.958096, 40.784718 ], [ -73.958558, 40.784098 ], [ -73.959004, 40.783467 ], [ -73.959469, 40.782833 ], [ -73.959921, 40.782213 ], [ -73.960416, 40.781532 ], [ -73.960919, 40.78085 ], [ -73.961361, 40.780241 ], [ -73.961839, 40.779584 ], [ -73.962303, 40.778947 ], [ -73.962768, 40.778313 ], [ -73.963131, 40.777812 ], [ -73.96316, 40.777772 ], [ -73.96323, 40.777677 ], [ -73.963729, 40.776994 ], [ -73.964416, 40.77735 ], [ -73.964784, 40.77765 ], [ -73.965171, 40.777902 ], [ -73.965703, 40.778057 ], [ -73.966464, 40.778186 ], [ -73.967348, 40.778376 ], [ -73.968209, 40.778724 ], [ -73.969593, 40.779344 ], [ -73.970738, 40.779816 ], [ -73.971029, 40.779945 ], [ -73.971387, 40.78021 ], [ -73.971528, 40.780383 ], [ -73.971593, 40.780567 ], [ -73.971626, 40.780784 ], [ -73.971636, 40.780947 ], [ -73.971582, 40.781142 ], [ -73.971474, 40.781489 ], [ -73.971441, 40.78164 ], [ -73.971474, 40.781738 ], [ -73.971539, 40.781868 ], [ -73.971724, 40.782021 ], [ -73.97454, 40.783242 ], [ -73.974985, 40.78263 ], [ -73.977827, 40.783831 ], [ -73.979476, 40.784526 ], [ -73.979006, 40.785157 ], [ -73.978534, 40.785787 ], [ -73.978065, 40.786423 ], [ -73.976439, 40.785735 ], [ -73.975976, 40.786369 ], [ -73.975513, 40.787003 ], [ -73.975284, 40.787319 ], [ -73.975016, 40.787687 ], [ -73.974522, 40.78836 ], [ -73.974064, 40.788989 ], [ -73.973607, 40.789615 ], [ -73.973147, 40.790244 ], [ -73.97269, 40.79087 ], [ -73.972593, 40.791002 ], [ -73.972233, 40.791498 ], [ -73.971773, 40.792127 ], [ -73.973195, 40.792725 ], [ -73.974616, 40.793325 ], [ -73.975075, 40.792696 ], [ -73.975367, 40.792293 ], [ -73.975531, 40.792069 ], [ -73.975989, 40.791438 ], [ -73.977691, 40.792164 ], [ -73.97867, 40.791752 ], [ -73.978755, 40.791718 ], [ -73.9789, 40.791648 ], [ -73.979068, 40.791546 ], [ -73.97919, 40.791453 ], [ -73.9793, 40.791352 ], [ -73.979395, 40.791245 ], [ -73.979862, 40.790614 ], [ -73.980357, 40.789941 ], [ -73.981595, 40.790384 ], [ -73.981766, 40.790455 ], [ -73.981932, 40.790548 ], [ -73.98815, 40.792991 ], [ -73.986277, 40.795556 ] ] ] } },
{ "type": "Feature", "properties": { "STATEFP": "36", "SLDLST": "027", "GEOID": "36027", "GEOIDFQ": "620L800US36027", "NAMELSAD": "Assembly District 27", "LSAD": "L3", "LSY": "2022", "MTFCC": "G5220", "FUNCSTAT": "N", "ALAND": 20553618, "AWATER": 7438800, "INTPTLAT": "+40.7835577", "INTPTLON": "-073.8562874", "ad_num": 27, "AssemDist": 27 }, "geometry": { "type": "Polygon", "coordinates": [ [ [ -73.871475, 40.787043 ], [ -73.871374, 40.787271 ], [ -73.871225, 40.787445 ], [ -73.871073, 40.787575 ], [ -73.870809, 40.787897 ], [ -73.870795, 40.787929 ], [ -73.870787, 40.787962 ], [ -73.870786, 40.787996 ], [ -73.87079, 40.78803 ], [ -73.870801, 40.788063 ], [ -73.870853, 40.788206 ], [ -73.870892, 40.788339 ], [ -73.87095, 40.788468 ], [ -73.870949, 40.788607 ], [ -73.870961, 40.788743 ], [ -73.870977, 40.788878 ], [ -73.870947, 40.788954 ], [ -73.870973, 40.789057 ], [ -73.870299, 40.790688 ], [ -73.870207, 40.790909 ], [ -73.867118, 40.793742 ], [ -73.863502, 40.797162 ], [ -73.863147, 40.797497 ], [ -73.862965, 40.79767 ], [ -73.854632, 40.799724 ], [ -73.853072, 40.800113 ], [ -73.846654, 40.801024 ], [ -73.845397, 40.801024 ], [ -73.844076, 40.801023 ], [ -73.835409, 40.802199 ], [ -73.831706, 40.802894 ], [ -73.83082, 40.80306 ], [ -73.830676, 40.803108 ], [ -73.830546, 40.803151 ], [ -73.830509, 40.803164 ], [ -73.830404, 40.803199 ], [ -73.83023, 40.803267 ], [ -73.827583, 40.803936 ], [ -73.823438, 40.80481 ], [ -73.817418, 40.80579 ], [ -73.811299, 40.805397 ], [ -73.804543, 40.803554 ], [ -73.799745, 40.802199 ], [ -73.800037, 40.796245 ], [ -73.800124, 40.795701 ], [ -73.800149, 40.795568 ], [ -73.801207, 40.795656 ], [ -73.801231, 40.795532 ], [ -73.801401, 40.79429 ], [ -73.801537, 40.793283 ], [ -73.801635, 40.79257 ], [ -73.799854, 40.792428 ], [ -73.799955, 40.791721 ], [ -73.800077, 40.791013 ], [ -73.797664, 40.790836 ], [ -73.797817, 40.791324 ], [ -73.797717, 40.791287 ], [ -73.797609, 40.791261 ], [ -73.797498, 40.791249 ], [ -73.797386, 40.791249 ], [ -73.796827, 40.791346 ], [ -73.795913, 40.791514 ], [ -73.79561, 40.790338 ], [ -73.795435, 40.789635 ], [ -73.795258, 40.788936 ], [ -73.794991, 40.788067 ], [ -73.794817, 40.787527 ], [ -73.794762, 40.787399 ], [ -73.794726, 40.787265 ], [ -73.794709, 40.787129 ], [ -73.794713, 40.786992 ], [ -73.794736, 40.786857 ], [ -73.794767, 40.78675 ], [ -73.794886, 40.786422 ], [ -73.79494, 40.786275 ], [ -73.79497, 40.786188 ], [ -73.795086, 40.785851 ], [ -73.795122, 40.785841 ], [ -73.795289, 40.785796 ], [ -73.795487, 40.785728 ], [ -73.795677, 40.785649 ], [ -73.795857, 40.785559 ], [ -73.796769, 40.784938 ], [ -73.796861, 40.784824 ], [ -73.796945, 40.784231 ], [ -73.797629, 40.784282 ], [ -73.798549, 40.783634 ], [ -73.799334, 40.782997 ], [ -73.801597, 40.781016 ], [ -73.800233, 40.780903 ], [ -73.797432, 40.780681 ], [ -73.797529, 40.779971 ], [ -73.797626, 40.779261 ], [ -73.797722, 40.778551 ], [ -73.797814, 40.777895 ], [ -73.797904, 40.777257 ], [ -73.800584, 40.777466 ], [ -73.800682, 40.777562 ], [ -73.801173, 40.778166 ], [ -73.801644, 40.778864 ], [ -73.802159, 40.779622 ], [ -73.803226, 40.779703 ], [ -73.803514, 40.779726 ], [ -73.806005, 40.779925 ], [ -73.808894, 40.780154 ], [ -73.812105, 40.780407 ], [ -73.814299, 40.780581 ], [ -73.817046, 40.780797 ], [ -73.819077, 40.780954 ], [ -73.821086, 40.781115 ], [ -73.821133, 40.780761 ], [ -73.821178, 40.780415 ], [ -73.821209, 40.780243 ], [ -73.822918, 40.780536 ], [ -73.823783, 40.780614 ], [ -73.825081, 40.780714 ], [ -73.82532, 40.780297 ], [ -73.825667, 40.77973 ], [ -73.825929, 40.779808 ], [ -73.826235, 40.779921 ], [ -73.826298, 40.779803 ], [ -73.827101, 40.77842 ], [ -73.828103, 40.776694 ], [ -73.828239, 40.77646 ], [ -73.828528, 40.776007 ], [ -73.828883, 40.775427 ], [ -73.828965, 40.775311 ], [ -73.829185, 40.775018 ], [ -73.829279, 40.774882 ], [ -73.829512, 40.774569 ], [ -73.829852, 40.774163 ], [ -73.830157, 40.773825 ], [ -73.83022, 40.773759 ], [ -73.83054, 40.773437 ], [ -73.830633, 40.773361 ], [ -73.831, 40.773047 ], [ -73.831127, 40.772943 ], [ -73.831593, 40.77256 ], [ -73.831713, 40.772474 ], [ -73.831833, 40.772388 ], [ -73.832178, 40.772175 ], [ -73.832438, 40.772014 ], [ -73.832522, 40.771964 ], [ -73.832789, 40.771807 ], [ -73.833133, 40.77161 ], [ -73.833428, 40.771434 ], [ -73.834035, 40.771086 ], [ -73.834376, 40.770892 ], [ -73.835178, 40.770346 ], [ -73.83548, 40.770142 ], [ -73.836269, 40.76961 ], [ -73.836732, 40.769222 ], [ -73.837292, 40.768689 ], [ -73.838164, 40.767725 ], [ -73.83871, 40.766895 ], [ -73.838829, 40.766725 ], [ -73.839319, 40.766054 ], [ -73.839256, 40.766034 ], [ -73.839132, 40.765991 ], [ -73.839121, 40.765983 ], [ -73.839417, 40.765428 ], [ -73.839538, 40.765224 ], [ -73.839725, 40.765284 ], [ -73.839863, 40.764995 ], [ -73.839961, 40.764754 ], [ -73.840021, 40.76455 ], [ -73.840099, 40.764211 ], [ -73.840109, 40.764162 ], [ -73.840103, 40.764057 ], [ -73.840089, 40.763644 ], [ -73.840048, 40.763416 ], [ -73.839983, 40.763189 ], [ -73.839896, 40.762965 ], [ -73.839788, 40.762748 ], [ -73.839691, 40.762587 ], [ -73.839614, 40.762473 ], [ -73.839254, 40.761908 ], [ -73.839106, 40.761637 ], [ -73.838966, 40.76133 ], [ -73.83891, 40.761201 ], [ -73.838867, 40.76105 ], [ -73.838834, 40.760883 ], [ -73.838808, 40.760734 ], [ -73.83879, 40.760582 ], [ -73.838782, 40.760418 ], [ -73.838795, 40.760249 ], [ -73.838815, 40.76008 ], [ -73.83884, 40.759926 ], [ -73.838875, 40.759745 ], [ -73.83869, 40.759747 ], [ -73.838779, 40.759248 ], [ -73.83882, 40.758383 ], [ -73.838713, 40.757716 ], [ -73.838618, 40.757091 ], [ -73.838619, 40.757045 ], [ -73.838406, 40.756101 ], [ -73.838305, 40.755633 ], [ -73.838211, 40.755253 ], [ -73.838134, 40.755038 ], [ -73.838054, 40.75483 ], [ -73.837987, 40.754682 ], [ -73.837917, 40.754541 ], [ -73.837674, 40.754114 ], [ -73.836888, 40.752973 ], [ -73.836167, 40.75192 ], [ -73.836007, 40.751687 ], [ -73.835759, 40.751324 ], [ -73.835476, 40.750911 ], [ -73.835129, 40.750399 ], [ -73.835108, 40.750368 ], [ -73.834943, 40.750062 ], [ -73.834813, 40.749751 ], [ -73.834774, 40.749624 ], [ -73.834716, 40.749434 ], [ -73.834674, 40.749295 ], [ -73.834646, 40.749008 ], [ -73.834637, 40.748912 ], [ -73.834619, 40.748661 ], [ -73.834621, 40.748606 ], [ -73.834624, 40.748518 ], [ -73.834647, 40.748333 ], [ -73.834693, 40.748057 ], [ -73.83473, 40.747874 ], [ -73.8348, 40.747615 ], [ -73.834818, 40.747572 ], [ -73.834975, 40.747184 ], [ -73.835035, 40.747062 ], [ -73.835649, 40.746358 ], [ -73.836383, 40.74551 ], [ -73.836402, 40.745488 ], [ -73.837145, 40.744622 ], [ -73.837462, 40.744033 ], [ -73.837532, 40.74387 ], [ -73.837671, 40.743365 ], [ -73.837338, 40.743417 ], [ -73.837152, 40.743446 ], [ -73.836848, 40.743474 ], [ -73.836201, 40.743507 ], [ -73.835925, 40.743501 ], [ -73.835896, 40.743381 ], [ -73.834937, 40.743319 ], [ -73.83404, 40.743236 ], [ -73.833778, 40.743211 ], [ -73.832867, 40.743122 ], [ -73.832162, 40.743052 ], [ -73.831055, 40.742941 ], [ -73.830329, 40.742876 ], [ -73.830285, 40.74287 ], [ -73.829927, 40.742827 ], [ -73.828486, 40.742679 ], [ -73.828411, 40.742672 ], [ -73.827785, 40.74261 ], [ -73.827083, 40.742542 ], [ -73.826651, 40.742475 ], [ -73.826535, 40.742454 ], [ -73.826469, 40.742442 ], [ -73.826222, 40.742395 ], [ -73.825798, 40.742301 ], [ -73.825363, 40.742199 ], [ -73.825191, 40.742135 ], [ -73.824741, 40.741992 ], [ -73.824468, 40.741905 ], [ -73.823594, 40.741625 ], [ -73.823044, 40.741437 ], [ -73.823001, 40.741423 ], [ -73.821722, 40.740993 ], [ -73.821248, 40.740835 ], [ -73.821038, 40.740755 ], [ -73.819508, 40.740245 ], [ -73.819015, 40.740082 ], [ -73.818923, 40.740052 ], [ -73.818647, 40.739957 ], [ -73.817787, 40.739672 ], [ -73.817177, 40.739463 ], [ -73.816666, 40.739309 ], [ -73.816061, 40.739125 ], [ -73.815945, 40.739089 ], [ -73.815232, 40.738932 ], [ -73.815037, 40.738888 ], [ -73.814987, 40.738882 ], [ -73.814245, 40.738765 ], [ -73.814067, 40.738738 ], [ -73.813229, 40.738659 ], [ -73.812367, 40.738625 ], [ -73.811394, 40.738586 ], [ -73.810451, 40.738549 ], [ -73.809416, 40.738508 ], [ -73.808589, 40.738475 ], [ -73.807513, 40.738434 ], [ -73.806698, 40.73841 ], [ -73.806578, 40.738408 ], [ -73.805647, 40.738373 ], [ -73.804807, 40.73835 ], [ -73.804663, 40.738347 ], [ -73.804655, 40.738108 ], [ -73.804743, 40.736774 ], [ -73.804862, 40.73494 ], [ -73.804983, 40.733103 ], [ -73.805081, 40.73169 ], [ -73.805166, 40.730458 ], [ -73.805222, 40.728484 ], [ -73.805152, 40.727802 ], [ -73.805084, 40.727115 ], [ -73.805017, 40.726429 ], [ -73.804948, 40.725741 ], [ -73.80488, 40.725056 ], [ -73.804809, 40.724354 ], [ -73.804739, 40.723628 ], [ -73.804668, 40.722915 ], [ -73.804595, 40.722197 ], [ -73.804529, 40.721466 ], [ -73.80469, 40.721408 ], [ -73.805503, 40.721117 ], [ -73.805789, 40.721019 ], [ -73.806045, 40.72093 ], [ -73.806364, 40.72082 ], [ -73.80722, 40.720525 ], [ -73.808085, 40.720225 ], [ -73.80904, 40.719912 ], [ -73.809786, 40.719722 ], [ -73.810578, 40.71949 ], [ -73.811448, 40.719248 ], [ -73.812118, 40.719062 ], [ -73.8123, 40.719011 ], [ -73.812527, 40.718948 ], [ -73.81285, 40.718859 ], [ -73.813768, 40.718607 ], [ -73.815155, 40.718257 ], [ -73.816191, 40.717971 ], [ -73.817066, 40.717717 ], [ -73.817186, 40.717662 ], [ -73.81798, 40.717499 ], [ -73.818872, 40.717259 ], [ -73.819305, 40.717136 ], [ -73.820054, 40.71681 ], [ -73.820323, 40.71666 ], [ -73.820649, 40.716521 ], [ -73.820751, 40.71648 ], [ -73.820856, 40.716442 ], [ -73.820943, 40.716414 ], [ -73.82106, 40.71638 ], [ -73.821183, 40.71635 ], [ -73.821326, 40.716304 ], [ -73.821498, 40.716304 ], [ -73.821629, 40.716287 ], [ -73.821551, 40.71607 ], [ -73.8213, 40.715425 ], [ -73.821028, 40.714761 ], [ -73.820773, 40.714125 ], [ -73.820494, 40.713442 ], [ -73.822318, 40.712924 ], [ -73.822158, 40.712514 ], [ -73.822319, 40.712496 ], [ -73.822483, 40.712494 ], [ -73.822646, 40.712509 ], [ -73.822805, 40.712539 ], [ -73.822956, 40.712584 ], [ -73.823074, 40.71267 ], [ -73.823178, 40.712767 ], [ -73.823268, 40.712874 ], [ -73.823339, 40.712988 ], [ -73.823392, 40.713108 ], [ -73.823425, 40.713229 ], [ -73.823685, 40.713043 ], [ -73.823807, 40.712956 ], [ -73.823955, 40.712853 ], [ -73.824037, 40.712795 ], [ -73.82428, 40.712632 ], [ -73.824489, 40.712481 ], [ -73.824713, 40.712341 ], [ -73.824951, 40.712214 ], [ -73.825199, 40.7121 ], [ -73.825298, 40.712061 ], [ -73.825457, 40.712001 ], [ -73.826447, 40.712412 ], [ -73.827125, 40.712712 ], [ -73.827397, 40.712832 ], [ -73.82913, 40.712154 ], [ -73.829314, 40.712423 ], [ -73.82981, 40.71304 ], [ -73.83038, 40.71362 ], [ -73.831239, 40.714148 ], [ -73.831172, 40.714182 ], [ -73.83107, 40.714221 ], [ -73.830868, 40.71427 ], [ -73.830982, 40.71431 ], [ -73.831069, 40.714354 ], [ -73.831311, 40.714474 ], [ -73.831385, 40.714529 ], [ -73.832231, 40.71512 ], [ -73.833567, 40.716143 ], [ -73.834213, 40.716637 ], [ -73.834962, 40.717172 ], [ -73.835849, 40.717727 ], [ -73.836863, 40.718261 ], [ -73.837015, 40.718331 ], [ -73.837281, 40.718986 ], [ -73.837619, 40.719654 ], [ -73.837957, 40.720313 ], [ -73.838298, 40.720979 ], [ -73.838641, 40.721644 ], [ -73.840858, 40.720984 ], [ -73.841199, 40.721649 ], [ -73.84154, 40.722314 ], [ -73.84188, 40.722979 ], [ -73.842225, 40.723642 ], [ -73.842567, 40.724308 ], [ -73.842909, 40.724971 ], [ -73.843252, 40.725637 ], [ -73.843594, 40.7263 ], [ -73.843934, 40.726965 ], [ -73.844277, 40.72763 ], [ -73.844617, 40.728295 ], [ -73.844687, 40.728432 ], [ -73.844777, 40.728564 ], [ -73.844888, 40.728688 ], [ -73.845016, 40.728801 ], [ -73.845158, 40.728901 ], [ -73.845707, 40.729501 ], [ -73.845765, 40.730262 ], [ -73.845987, 40.730955 ], [ -73.846325, 40.731616 ], [ -73.846667, 40.732283 ], [ -73.847008, 40.732947 ], [ -73.844753, 40.73362 ], [ -73.844957, 40.733987 ], [ -73.844383, 40.734172 ], [ -73.844515, 40.734446 ], [ -73.844558, 40.734537 ], [ -73.844685, 40.734852 ], [ -73.844774, 40.735093 ], [ -73.844927, 40.735624 ], [ -73.845001, 40.735883 ], [ -73.84504, 40.736095 ], [ -73.84516, 40.737188 ], [ -73.845174, 40.737322 ], [ -73.845237, 40.737889 ], [ -73.845335, 40.73849 ], [ -73.845372, 40.738703 ], [ -73.845546, 40.739659 ], [ -73.845354, 40.739749 ], [ -73.845399, 40.739931 ], [ -73.845436, 40.740079 ], [ -73.845473, 40.740253 ], [ -73.845683, 40.741089 ], [ -73.845798, 40.741546 ], [ -73.845889, 40.741784 ], [ -73.846049, 40.742197 ], [ -73.8462, 40.742591 ], [ -73.846449, 40.743237 ], [ -73.846474, 40.743298 ], [ -73.846669, 40.743763 ], [ -73.846686, 40.74381 ], [ -73.846724, 40.743891 ], [ -73.846746, 40.743939 ], [ -73.846814, 40.744083 ], [ -73.846832, 40.74412 ], [ -73.84698, 40.744425 ], [ -73.84738, 40.745212 ], [ -73.84744, 40.745324 ], [ -73.847545, 40.745517 ], [ -73.847741, 40.745883 ], [ -73.848128, 40.746553 ], [ -73.848327, 40.746888 ], [ -73.848339, 40.746906 ], [ -73.848363, 40.746942 ], [ -73.84859, 40.74728 ], [ -73.848376, 40.74735 ], [ -73.848323, 40.747367 ], [ -73.847099, 40.747739 ], [ -73.845837, 40.748128 ], [ -73.845574, 40.748236 ], [ -73.845301, 40.748331 ], [ -73.84502, 40.748413 ], [ -73.844733, 40.74848 ], [ -73.844441, 40.748534 ], [ -73.844147, 40.748573 ], [ -73.84371, 40.749583 ], [ -73.843118, 40.750932 ], [ -73.843002, 40.750889 ], [ -73.842746, 40.750944 ], [ -73.842615, 40.751061 ], [ -73.842667, 40.751397 ], [ -73.842562, 40.751425 ], [ -73.841822, 40.751917 ], [ -73.841182, 40.752684 ], [ -73.841311, 40.752683 ], [ -73.84144, 40.752676 ], [ -73.841568, 40.752664 ], [ -73.841694, 40.752645 ], [ -73.841819, 40.752621 ], [ -73.841942, 40.752591 ], [ -73.842062, 40.752555 ], [ -73.842179, 40.752514 ], [ -73.843489, 40.752049 ], [ -73.843679, 40.752308 ], [ -73.84383, 40.752464 ], [ -73.843948, 40.752575 ], [ -73.84432, 40.752242 ], [ -73.849695, 40.750405 ], [ -73.850499, 40.750121 ], [ -73.851715, 40.75241 ], [ -73.851897, 40.752753 ], [ -73.851196, 40.752962 ], [ -73.850679, 40.753117 ], [ -73.850121, 40.753284 ], [ -73.849541, 40.753457 ], [ -73.84562, 40.754612 ], [ -73.843244, 40.755337 ], [ -73.843634, 40.756157 ], [ -73.844044, 40.756945 ], [ -73.84445, 40.757744 ], [ -73.84479, 40.758403 ], [ -73.845134, 40.759069 ], [ -73.84549, 40.759729 ], [ -73.845852, 40.760455 ], [ -73.845902, 40.760565 ], [ -73.845911, 40.760585 ], [ -73.845975, 40.760717 ], [ -73.846017, 40.760805 ], [ -73.846863, 40.760416 ], [ -73.846353, 40.761219 ], [ -73.846709, 40.761345 ], [ -73.848515, 40.763822 ], [ -73.849215, 40.764209 ], [ -73.850281, 40.76606 ], [ -73.851834, 40.767746 ], [ -73.853702, 40.76948 ], [ -73.852642, 40.77208 ], [ -73.852897, 40.775457 ], [ -73.860505, 40.778984 ], [ -73.86542, 40.78497 ], [ -73.871631, 40.786798 ], [ -73.871475, 40.787043 ] ] ] } },
{ "type": "Feature", "properties": { "STATEFP": "36", "SLDLST": "028", "GEOID": "36028", "GEOIDFQ": "620L800US36028", "NAMELSAD": "Assembly District 28", "LSAD": "L3", "LSY": "2022", "MTFCC": "G5220", "FUNCSTAT": "N", "ALAND": 13918805, "AWATER": 0, "INTPTLAT": "+40.7142900", "INTPTLON": "-073.8605701", "ad_num": 28, "AssemDist": 28 }, "geometry": { "type": "Polygon", "coordinates": [ [ [ -73.901523, 40.722621 ], [ -73.901248, 40.722785 ], [ -73.900577, 40.723186 ], [ -73.899609, 40.723682 ], [ -73.898685, 40.724154 ], [ -73.898436, 40.724281 ], [ -73.896707, 40.725167 ], [ -73.896634, 40.725161 ], [ -73.896052, 40.725111 ], [ -73.894678, 40.724999 ], [ -73.893771, 40.724979 ], [ -73.893538, 40.724984 ], [ -73.893127, 40.724464 ], [ -73.892656, 40.723888 ], [ -73.892182, 40.723299 ], [ -73.893669, 40.722625 ], [ -73.893213, 40.72203 ], [ -73.89274, 40.721432 ], [ -73.892254, 40.720822 ], [ -73.891768, 40.720212 ], [ -73.891423, 40.719785 ], [ -73.891271, 40.719598 ], [ -73.89116, 40.71946 ], [ -73.890635, 40.718813 ], [ -73.890535, 40.718702 ], [ -73.890089, 40.718207 ], [ -73.889534, 40.717616 ], [ -73.888985, 40.71702 ], [ -73.888441, 40.716437 ], [ -73.887916, 40.715806 ], [ -73.886662, 40.716396 ], [ -73.886387, 40.717343 ], [ -73.886362, 40.717429 ], [ -73.885569, 40.719097 ], [ -73.885396, 40.719102 ], [ -73.885318, 40.718909 ], [ -73.884835, 40.720818 ], [ -73.883931, 40.721034 ], [ -73.882888, 40.721319 ], [ -73.881845, 40.721379 ], [ -73.881307, 40.721416 ], [ -73.880841, 40.721441 ], [ -73.879734, 40.721507 ], [ -73.878678, 40.721557 ], [ -73.877595, 40.721575 ], [ -73.876464, 40.721594 ], [ -73.875449, 40.721751 ], [ -73.874554, 40.722007 ], [ -73.874161, 40.722192 ], [ -73.873753, 40.72238 ], [ -73.872954, 40.722751 ], [ -73.872153, 40.723122 ], [ -73.871353, 40.723493 ], [ -73.870551, 40.723862 ], [ -73.869837, 40.724187 ], [ -73.869619, 40.724287 ], [ -73.869293, 40.724436 ], [ -73.869064, 40.724534 ], [ -73.868398, 40.724854 ], [ -73.868282, 40.725042 ], [ -73.867877, 40.725685 ], [ -73.867469, 40.726329 ], [ -73.867064, 40.726973 ], [ -73.866808, 40.727379 ], [ -73.866623, 40.727613 ], [ -73.866556, 40.727753 ], [ -73.8663, 40.728186 ], [ -73.865893, 40.72883 ], [ -73.865487, 40.729472 ], [ -73.865081, 40.730113 ], [ -73.86469, 40.730746 ], [ -73.864479, 40.731089 ], [ -73.863871, 40.731814 ], [ -73.863424, 40.731951 ], [ -73.8626, 40.73042 ], [ -73.862188, 40.730276 ], [ -73.861259, 40.729937 ], [ -73.860527, 40.729679 ], [ -73.860115, 40.729522 ], [ -73.859384, 40.729239 ], [ -73.858165, 40.729625 ], [ -73.855914, 40.730293 ], [ -73.853259, 40.731087 ], [ -73.851479, 40.731618 ], [ -73.849264, 40.732278 ], [ -73.847008, 40.732947 ], [ -73.846667, 40.732283 ], [ -73.846325, 40.731616 ], [ -73.845987, 40.730955 ], [ -73.845765, 40.730262 ], [ -73.845707, 40.729501 ], [ -73.845158, 40.728901 ], [ -73.845016, 40.728801 ], [ -73.844888, 40.728688 ], [ -73.844777, 40.728564 ], [ -73.844687, 40.728432 ], [ -73.844617, 40.728295 ], [ -73.844277, 40.72763 ], [ -73.843934, 40.726965 ], [ -73.843594, 40.7263 ], [ -73.843252, 40.725637 ], [ -73.842909, 40.724971 ], [ -73.842567, 40.724308 ], [ -73.842225, 40.723642 ], [ -73.84188, 40.722979 ], [ -73.84154, 40.722314 ], [ -73.841199, 40.721649 ], [ -73.840858, 40.720984 ], [ -73.838641, 40.721644 ], [ -73.838298, 40.720979 ], [ -73.837957, 40.720313 ], [ -73.837619, 40.719654 ], [ -73.837281, 40.718986 ], [ -73.837015, 40.718331 ], [ -73.836863, 40.718261 ], [ -73.835849, 40.717727 ], [ -73.834962, 40.717172 ], [ -73.834213, 40.716637 ], [ -73.833567, 40.716143 ], [ -73.832231, 40.71512 ], [ -73.831385, 40.714529 ], [ -73.831311, 40.714474 ], [ -73.831069, 40.714354 ], [ -73.830982, 40.71431 ], [ -73.830868, 40.71427 ], [ -73.83107, 40.714221 ], [ -73.831172, 40.714182 ], [ -73.831239, 40.714148 ], [ -73.83038, 40.71362 ], [ -73.82981, 40.71304 ], [ -73.829314, 40.712423 ], [ -73.82913, 40.712154 ], [ -73.827397, 40.712832 ], [ -73.827125, 40.712712 ], [ -73.826447, 40.712412 ], [ -73.825457, 40.712001 ], [ -73.825298, 40.712061 ], [ -73.825199, 40.7121 ], [ -73.824951, 40.712214 ], [ -73.824713, 40.712341 ], [ -73.824489, 40.712481 ], [ -73.82428, 40.712632 ], [ -73.824037, 40.712795 ], [ -73.823955, 40.712853 ], [ -73.823807, 40.712956 ], [ -73.823685, 40.713043 ], [ -73.823442, 40.712724 ], [ -73.823101, 40.71234 ], [ -73.822743, 40.712018 ], [ -73.822404, 40.711757 ], [ -73.821506, 40.710906 ], [ -73.820771, 40.710265 ], [ -73.820579, 40.710073 ], [ -73.820415, 40.709876 ], [ -73.820318, 40.709715 ], [ -73.820102, 40.70942 ], [ -73.819543, 40.708534 ], [ -73.819459, 40.708396 ], [ -73.819537, 40.708283 ], [ -73.819021, 40.707377 ], [ -73.818313, 40.706164 ], [ -73.818524, 40.706091 ], [ -73.818713, 40.706031 ], [ -73.818459, 40.705663 ], [ -73.819271, 40.705345 ], [ -73.820079, 40.705031 ], [ -73.820632, 40.705842 ], [ -73.821405, 40.705495 ], [ -73.82202, 40.705212 ], [ -73.822256, 40.705456 ], [ -73.822845, 40.706064 ], [ -73.822979, 40.706192 ], [ -73.824047, 40.706931 ], [ -73.823438, 40.703802 ], [ -73.824441, 40.704062 ], [ -73.824809, 40.70416 ], [ -73.825441, 40.704341 ], [ -73.825758, 40.704428 ], [ -73.826374, 40.704254 ], [ -73.827683, 40.703918 ], [ -73.828567, 40.703699 ], [ -73.829458, 40.70347 ], [ -73.830073, 40.703313 ], [ -73.831242, 40.703023 ], [ -73.832132, 40.702794 ], [ -73.832825, 40.704371 ], [ -73.833715, 40.704149 ], [ -73.833835, 40.704119 ], [ -73.834154, 40.704038 ], [ -73.834602, 40.703927 ], [ -73.834755, 40.703887 ], [ -73.835006, 40.703823 ], [ -73.835483, 40.703701 ], [ -73.835566, 40.70368 ], [ -73.835644, 40.703638 ], [ -73.835735, 40.703561 ], [ -73.835825, 40.703489 ], [ -73.835924, 40.703459 ], [ -73.836047, 40.703414 ], [ -73.836266, 40.703406 ], [ -73.836484, 40.703433 ], [ -73.836619, 40.70342 ], [ -73.836758, 40.703384 ], [ -73.836931, 40.70334 ], [ -73.837255, 40.703258 ], [ -73.837411, 40.703218 ], [ -73.837462, 40.70318 ], [ -73.837671, 40.703024 ], [ -73.837751, 40.702958 ], [ -73.83843, 40.703386 ], [ -73.839478, 40.70269 ], [ -73.841564, 40.701101 ], [ -73.842144, 40.70087 ], [ -73.842938, 40.700554 ], [ -73.843202, 40.7004 ], [ -73.843594, 40.700172 ], [ -73.844274, 40.699781 ], [ -73.845025, 40.699359 ], [ -73.846938, 40.698871 ], [ -73.847017, 40.698842 ], [ -73.84706, 40.699028 ], [ -73.847162, 40.699188 ], [ -73.847214, 40.699376 ], [ -73.84726, 40.699676 ], [ -73.84729, 40.699788 ], [ -73.847314, 40.69984 ], [ -73.84734, 40.699897 ], [ -73.84741, 40.700001 ], [ -73.847453, 40.70005 ], [ -73.847546, 40.70014 ], [ -73.847711, 40.700259 ], [ -73.84783, 40.700318 ], [ -73.849816, 40.70129 ], [ -73.849928, 40.701351 ], [ -73.850004, 40.701405 ], [ -73.850077, 40.70147 ], [ -73.850193, 40.701613 ], [ -73.850272, 40.701829 ], [ -73.850285, 40.702045 ], [ -73.850687, 40.702089 ], [ -73.852151, 40.702251 ], [ -73.855293, 40.702596 ], [ -73.856145, 40.702686 ], [ -73.85704, 40.702788 ], [ -73.857953, 40.70288 ], [ -73.858112, 40.702895 ], [ -73.85815, 40.702898 ], [ -73.858288, 40.702911 ], [ -73.858532, 40.70295 ], [ -73.858747, 40.702974 ], [ -73.859975, 40.703109 ], [ -73.86037, 40.703151 ], [ -73.860682, 40.703184 ], [ -73.861423, 40.70327 ], [ -73.862797, 40.703361 ], [ -73.863077, 40.70338 ], [ -73.863254, 40.703392 ], [ -73.863794, 40.703334 ], [ -73.864728, 40.703259 ], [ -73.86564, 40.703183 ], [ -73.866538, 40.70311 ], [ -73.867247, 40.703052 ], [ -73.868243, 40.70297 ], [ -73.869033, 40.702904 ], [ -73.869156, 40.702893 ], [ -73.869819, 40.702838 ], [ -73.870665, 40.704898 ], [ -73.870943, 40.705578 ], [ -73.871221, 40.706263 ], [ -73.871441, 40.706798 ], [ -73.872299, 40.706594 ], [ -73.87236, 40.706725 ], [ -73.873215, 40.706519 ], [ -73.874079, 40.706314 ], [ -73.874241, 40.70673 ], [ -73.874939, 40.706675 ], [ -73.875151, 40.706544 ], [ -73.875193, 40.706647 ], [ -73.874918, 40.706816 ], [ -73.876055, 40.706734 ], [ -73.87722, 40.706687 ], [ -73.877157, 40.706573 ], [ -73.878131, 40.706514 ], [ -73.879066, 40.706453 ], [ -73.879993, 40.70639 ], [ -73.880878, 40.706193 ], [ -73.881697, 40.706026 ], [ -73.882613, 40.705801 ], [ -73.883454, 40.705615 ], [ -73.884313, 40.705411 ], [ -73.884598, 40.706123 ], [ -73.885549, 40.706155 ], [ -73.886528, 40.706225 ], [ -73.887396, 40.706018 ], [ -73.888263, 40.70581 ], [ -73.887762, 40.704594 ], [ -73.888623, 40.704389 ], [ -73.889517, 40.704179 ], [ -73.89041, 40.70397 ], [ -73.891053, 40.703816 ], [ -73.891268, 40.703597 ], [ -73.891942, 40.702886 ], [ -73.892744, 40.701851 ], [ -73.892968, 40.702136 ], [ -73.893436, 40.702188 ], [ -73.893131, 40.702567 ], [ -73.893917, 40.704401 ], [ -73.894486, 40.705734 ], [ -73.895379, 40.705511 ], [ -73.896331, 40.705274 ], [ -73.896573, 40.705766 ], [ -73.896649, 40.705914 ], [ -73.89694, 40.706499 ], [ -73.897231, 40.707091 ], [ -73.897563, 40.707759 ], [ -73.898003, 40.708401 ], [ -73.898453, 40.70904 ], [ -73.896163, 40.709622 ], [ -73.896459, 40.710298 ], [ -73.897576, 40.710775 ], [ -73.898632, 40.711225 ], [ -73.899709, 40.710981 ], [ -73.899855, 40.711265 ], [ -73.900185, 40.711904 ], [ -73.900596, 40.712697 ], [ -73.900184, 40.712681 ], [ -73.899355, 40.712647 ], [ -73.897683, 40.71258 ], [ -73.897103, 40.712558 ], [ -73.896219, 40.712522 ], [ -73.895904, 40.712507 ], [ -73.895025, 40.712478 ], [ -73.895538, 40.713804 ], [ -73.896285, 40.714818 ], [ -73.897502, 40.716384 ], [ -73.897617, 40.71653 ], [ -73.897729, 40.71664 ], [ -73.897818, 40.716712 ], [ -73.897963, 40.71681 ], [ -73.898058, 40.716863 ], [ -73.898204, 40.71693 ], [ -73.899018, 40.717382 ], [ -73.899303, 40.717542 ], [ -73.899838, 40.717836 ], [ -73.900047, 40.717967 ], [ -73.900339, 40.71802 ], [ -73.900335, 40.718669 ], [ -73.900626, 40.719764 ], [ -73.900916, 40.720744 ], [ -73.901424, 40.722567 ], [ -73.901523, 40.722621 ] ] ] } },
{ "type": "Feature", "properties": { "STATEFP": "36", "SLDLST": "029", "GEOID": "36029", "GEOIDFQ": "620L800US36029", "NAMELSAD": "Assembly District 29", "LSAD": "L3", "LSY": "2022", "MTFCC": "G5220", "FUNCSTAT": "N", "ALAND": 16250680, "AWATER": 11837, "INTPTLAT": "+40.6859884", "INTPTLON": "-073.7592961", "ad_num": 29, "AssemDist": 29 }, "geometry": { "type": "Polygon", "coordinates": [ [ [ -73.801611, 40.710701 ], [ -73.800403, 40.711131 ], [ -73.800328, 40.711009 ], [ -73.799855, 40.711176 ], [ -73.799272, 40.711376 ], [ -73.798701, 40.710663 ], [ -73.797923, 40.710942 ], [ -73.797807, 40.710982 ], [ -73.797607, 40.711052 ], [ -73.797407, 40.711122 ], [ -73.79646, 40.711459 ], [ -73.795624, 40.711758 ], [ -73.794755, 40.712067 ], [ -73.793903, 40.71237 ], [ -73.793214, 40.712608 ], [ -73.793051, 40.712591 ], [ -73.792881, 40.712583 ], [ -73.792709, 40.712592 ], [ -73.792539, 40.712616 ], [ -73.792374, 40.712657 ], [ -73.792219, 40.712711 ], [ -73.792077, 40.712778 ], [ -73.791402, 40.713021 ], [ -73.791339, 40.712921 ], [ -73.791259, 40.712825 ], [ -73.791162, 40.712737 ], [ -73.791049, 40.712658 ], [ -73.790924, 40.712591 ], [ -73.790789, 40.712538 ], [ -73.790649, 40.712499 ], [ -73.790507, 40.712475 ], [ -73.789206, 40.712582 ], [ -73.789089, 40.712579 ], [ -73.788972, 40.71256 ], [ -73.788859, 40.712525 ], [ -73.788756, 40.712476 ], [ -73.788668, 40.712414 ], [ -73.788597, 40.712344 ], [ -73.788236, 40.71249 ], [ -73.787866, 40.712622 ], [ -73.787487, 40.712739 ], [ -73.787101, 40.71284 ], [ -73.785719, 40.713172 ], [ -73.782796, 40.71404 ], [ -73.781234, 40.714541 ], [ -73.778466, 40.715201 ], [ -73.778001, 40.714051 ], [ -73.777306, 40.714209 ], [ -73.777123, 40.714262 ], [ -73.776675, 40.714368 ], [ -73.776186, 40.714486 ], [ -73.775715, 40.714598 ], [ -73.775299, 40.714696 ], [ -73.774442, 40.714905 ], [ -73.773571, 40.71512 ], [ -73.772759, 40.715397 ], [ -73.771921, 40.715685 ], [ -73.771104, 40.715975 ], [ -73.77008, 40.716327 ], [ -73.769139, 40.716657 ], [ -73.768685, 40.716815 ], [ -73.768179, 40.716993 ], [ -73.767332, 40.71729 ], [ -73.766641, 40.717647 ], [ -73.765398, 40.718356 ], [ -73.765242, 40.718446 ], [ -73.764469, 40.71889 ], [ -73.763608, 40.719282 ], [ -73.762766, 40.719639 ], [ -73.762403, 40.719809 ], [ -73.761967, 40.72 ], [ -73.761138, 40.720329 ], [ -73.76003, 40.718847 ], [ -73.758952, 40.717404 ], [ -73.757582, 40.715565 ], [ -73.756404, 40.713986 ], [ -73.756068, 40.713504 ], [ -73.756242, 40.713502 ], [ -73.757137, 40.713498 ], [ -73.758205, 40.713498 ], [ -73.759222, 40.713473 ], [ -73.758748, 40.712876 ], [ -73.759377, 40.712141 ], [ -73.758246, 40.712225 ], [ -73.758102, 40.712005 ], [ -73.75897, 40.711783 ], [ -73.759864, 40.71157 ], [ -73.760766, 40.711349 ], [ -73.761653, 40.711133 ], [ -73.762549, 40.710916 ], [ -73.763446, 40.710707 ], [ -73.764353, 40.710495 ], [ -73.765228, 40.710273 ], [ -73.766155, 40.71005 ], [ -73.767807, 40.709632 ], [ -73.76826, 40.709526 ], [ -73.769008, 40.709083 ], [ -73.771939, 40.708091 ], [ -73.773486, 40.707626 ], [ -73.774438, 40.706998 ], [ -73.774892, 40.706527 ], [ -73.775176, 40.705978 ], [ -73.775037, 40.705233 ], [ -73.774181, 40.705087 ], [ -73.773835, 40.70524 ], [ -73.772921, 40.705398 ], [ -73.772775, 40.70481 ], [ -73.771862, 40.704639 ], [ -73.770883, 40.704403 ], [ -73.769833, 40.70413 ], [ -73.769494, 40.704046 ], [ -73.768806, 40.70386 ], [ -73.768483, 40.703769 ], [ -73.767852, 40.703621 ], [ -73.767717, 40.70358 ], [ -73.767498, 40.703494 ], [ -73.767211, 40.703367 ], [ -73.766991, 40.703141 ], [ -73.766573, 40.702752 ], [ -73.766369, 40.702563 ], [ -73.766125, 40.702334 ], [ -73.765745, 40.702003 ], [ -73.765439, 40.701743 ], [ -73.765083, 40.701428 ], [ -73.764763, 40.701157 ], [ -73.764412, 40.700844 ], [ -73.764101, 40.700568 ], [ -73.763774, 40.700259 ], [ -73.763506, 40.699969 ], [ -73.763192, 40.6996 ], [ -73.763005, 40.699338 ], [ -73.762708, 40.698859 ], [ -73.762615, 40.698697 ], [ -73.76282, 40.698719 ], [ -73.763539, 40.697814 ], [ -73.763978, 40.697748 ], [ -73.764093, 40.697727 ], [ -73.764805, 40.697614 ], [ -73.766062, 40.697412 ], [ -73.76681, 40.697297 ], [ -73.76728, 40.697217 ], [ -73.768576, 40.697031 ], [ -73.768834, 40.696904 ], [ -73.769294, 40.69665 ], [ -73.768797, 40.696164 ], [ -73.767586, 40.694975 ], [ -73.767011, 40.694409 ], [ -73.766425, 40.693853 ], [ -73.765214, 40.692789 ], [ -73.765394, 40.692065 ], [ -73.764117, 40.691882 ], [ -73.763742, 40.691803 ], [ -73.762385, 40.691668 ], [ -73.761103, 40.691994 ], [ -73.76026, 40.692232 ], [ -73.759411, 40.69247 ], [ -73.758565, 40.692706 ], [ -73.757727, 40.692938 ], [ -73.756869, 40.693172 ], [ -73.756016, 40.693404 ], [ -73.755082, 40.69366 ], [ -73.75484, 40.693728 ], [ -73.755532, 40.695257 ], [ -73.754645, 40.695489 ], [ -73.753958, 40.693971 ], [ -73.75423, 40.693897 ], [ -73.753752, 40.692889 ], [ -73.752908, 40.693125 ], [ -73.752105, 40.691447 ], [ -73.75158, 40.690346 ], [ -73.751323, 40.690045 ], [ -73.751199, 40.690087 ], [ -73.750597, 40.690307 ], [ -73.750384, 40.690382 ], [ -73.749213, 40.688545 ], [ -73.748687, 40.689281 ], [ -73.748123, 40.690131 ], [ -73.747719, 40.68994 ], [ -73.74766, 40.689913 ], [ -73.747342, 40.68977 ], [ -73.74722, 40.689715 ], [ -73.746984, 40.689637 ], [ -73.746694, 40.689541 ], [ -73.746174, 40.689369 ], [ -73.745303, 40.689104 ], [ -73.744434, 40.688841 ], [ -73.741779, 40.688044 ], [ -73.741041, 40.68779 ], [ -73.740061, 40.687491 ], [ -73.739186, 40.687228 ], [ -73.738314, 40.686965 ], [ -73.737442, 40.686701 ], [ -73.736578, 40.686438 ], [ -73.7357, 40.686173 ], [ -73.73483, 40.685906 ], [ -73.734649, 40.68585 ], [ -73.73396, 40.685639 ], [ -73.7336, 40.685529 ], [ -73.73323, 40.685424 ], [ -73.733085, 40.685383 ], [ -73.73222, 40.685121 ], [ -73.731327, 40.684851 ], [ -73.730458, 40.684587 ], [ -73.729591, 40.684325 ], [ -73.728721, 40.684062 ], [ -73.727852, 40.6838 ], [ -73.727183, 40.683597 ], [ -73.726754, 40.683464 ], [ -73.726583, 40.683418 ], [ -73.725861, 40.683223 ], [ -73.725907, 40.682657 ], [ -73.725824, 40.681636 ], [ -73.725796, 40.68136 ], [ -73.725754, 40.680946 ], [ -73.725714, 40.680529 ], [ -73.725687, 40.68025 ], [ -73.72563, 40.679588 ], [ -73.725788, 40.678962 ], [ -73.725841, 40.678753 ], [ -73.725903, 40.678507 ], [ -73.726011, 40.678078 ], [ -73.726198, 40.677381 ], [ -73.726355, 40.676973 ], [ -73.726456, 40.676748 ], [ -73.726543, 40.676487 ], [ -73.726713, 40.67609 ], [ -73.726851, 40.675769 ], [ -73.726945, 40.675552 ], [ -73.727141, 40.675096 ], [ -73.727301, 40.674739 ], [ -73.727441, 40.674429 ], [ -73.727542, 40.67416 ], [ -73.727557, 40.674101 ], [ -73.727547, 40.674084 ], [ -73.727528, 40.673871 ], [ -73.727577, 40.673476 ], [ -73.727632, 40.673032 ], [ -73.727681, 40.672646 ], [ -73.727726, 40.67228 ], [ -73.727789, 40.671788 ], [ -73.727813, 40.671612 ], [ -73.727829, 40.671474 ], [ -73.727833, 40.671445 ], [ -73.72784, 40.671389 ], [ -73.727855, 40.671261 ], [ -73.727887, 40.67105 ], [ -73.727905, 40.67084 ], [ -73.727941, 40.670809 ], [ -73.727937, 40.670546 ], [ -73.728, 40.670112 ], [ -73.728095, 40.669442 ], [ -73.728178, 40.668719 ], [ -73.728264, 40.668073 ], [ -73.728222, 40.667314 ], [ -73.728264, 40.666606 ], [ -73.728272, 40.66644 ], [ -73.728224, 40.665965 ], [ -73.728031, 40.665519 ], [ -73.727954, 40.665344 ], [ -73.72784, 40.665053 ], [ -73.727823, 40.664806 ], [ -73.727815, 40.66469 ], [ -73.727763, 40.663985 ], [ -73.727814, 40.663224 ], [ -73.728085, 40.663071 ], [ -73.728331, 40.663044 ], [ -73.728153, 40.662454 ], [ -73.727931, 40.661749 ], [ -73.727592, 40.661094 ], [ -73.727208, 40.660422 ], [ -73.72681, 40.659795 ], [ -73.726444, 40.659162 ], [ -73.726211, 40.658479 ], [ -73.726027, 40.657996 ], [ -73.725927, 40.657731 ], [ -73.725882, 40.657537 ], [ -73.725759, 40.656998 ], [ -73.725335, 40.655324 ], [ -73.724787, 40.654001 ], [ -73.724874, 40.653447 ], [ -73.724821, 40.65302 ], [ -73.724984, 40.652678 ], [ -73.725052, 40.652341 ], [ -73.725248, 40.652193 ], [ -73.725496, 40.652115 ], [ -73.725682, 40.652058 ], [ -73.725946, 40.651961 ], [ -73.726189, 40.651861 ], [ -73.72643, 40.651791 ], [ -73.726515, 40.651753 ], [ -73.726671, 40.651685 ], [ -73.726818, 40.651577 ], [ -73.726873, 40.651541 ], [ -73.727024, 40.651498 ], [ -73.72853, 40.650973 ], [ -73.728703, 40.650916 ], [ -73.728991, 40.650839 ], [ -73.729497, 40.650636 ], [ -73.729739, 40.650558 ], [ -73.730004, 40.65048 ], [ -73.731055, 40.650231 ], [ -73.731427, 40.650171 ], [ -73.732208, 40.650091 ], [ -73.734388, 40.649821 ], [ -73.735135, 40.649732 ], [ -73.736735, 40.6491 ], [ -73.736838, 40.649264 ], [ -73.737014, 40.649583 ], [ -73.737381, 40.650264 ], [ -73.738145, 40.651628 ], [ -73.738437, 40.652134 ], [ -73.738565, 40.652355 ], [ -73.738942, 40.653026 ], [ -73.739376, 40.653796 ], [ -73.739785, 40.654526 ], [ -73.740193, 40.655257 ], [ -73.740608, 40.655967 ], [ -73.741044, 40.656676 ], [ -73.741532, 40.657359 ], [ -73.740488, 40.657384 ], [ -73.738705, 40.65732 ], [ -73.73861, 40.657535 ], [ -73.738142, 40.658154 ], [ -73.737672, 40.658771 ], [ -73.737203, 40.659389 ], [ -73.736734, 40.660008 ], [ -73.736266, 40.660626 ], [ -73.737079, 40.660982 ], [ -73.738405, 40.661566 ], [ -73.739857, 40.662204 ], [ -73.73939, 40.662822 ], [ -73.73892, 40.66344 ], [ -73.738452, 40.664059 ], [ -73.737985, 40.664677 ], [ -73.739125, 40.66525 ], [ -73.73955, 40.665256 ], [ -73.739371, 40.665452 ], [ -73.740395, 40.665703 ], [ -73.74097, 40.665795 ], [ -73.740698, 40.665928 ], [ -73.739929, 40.666401 ], [ -73.740221, 40.666401 ], [ -73.740432, 40.666401 ], [ -73.741178, 40.666403 ], [ -73.741792, 40.666403 ], [ -73.745366, 40.666404 ], [ -73.746086, 40.6664 ], [ -73.748762, 40.666423 ], [ -73.749784, 40.666418 ], [ -73.750714, 40.666427 ], [ -73.751759, 40.666395 ], [ -73.753271, 40.666401 ], [ -73.755262, 40.666395 ], [ -73.755511, 40.666399 ], [ -73.755925, 40.666388 ], [ -73.757631, 40.666451 ], [ -73.757317, 40.66704 ], [ -73.759121, 40.667352 ], [ -73.760056, 40.667505 ], [ -73.759717, 40.668682 ], [ -73.760627, 40.668835 ], [ -73.761543, 40.668986 ], [ -73.762045, 40.669071 ], [ -73.762428, 40.669135 ], [ -73.762938, 40.669219 ], [ -73.763138, 40.669252 ], [ -73.763881, 40.669378 ], [ -73.765605, 40.669666 ], [ -73.765257, 40.670279 ], [ -73.765085, 40.670588 ], [ -73.76466, 40.671318 ], [ -73.764546, 40.671512 ], [ -73.764353, 40.671853 ], [ -73.764137, 40.672554 ], [ -73.764047, 40.672847 ], [ -73.763831, 40.67364 ], [ -73.763805, 40.67377 ], [ -73.763787, 40.673883 ], [ -73.763725, 40.674274 ], [ -73.763718, 40.674316 ], [ -73.763677, 40.674746 ], [ -73.76339, 40.674681 ], [ -73.762486, 40.674195 ], [ -73.761149, 40.674764 ], [ -73.760315, 40.67511 ], [ -73.759509, 40.675447 ], [ -73.758675, 40.675799 ], [ -73.758008, 40.676081 ], [ -73.758004, 40.676281 ], [ -73.758338, 40.676786 ], [ -73.758787, 40.677415 ], [ -73.75924, 40.678041 ], [ -73.759682, 40.678654 ], [ -73.759825, 40.67897 ], [ -73.76161, 40.679738 ], [ -73.76177, 40.679818 ], [ -73.762812, 40.680296 ], [ -73.76329, 40.680525 ], [ -73.763928, 40.680823 ], [ -73.764031, 40.680867 ], [ -73.764056, 40.680885 ], [ -73.764078, 40.680894 ], [ -73.764818, 40.68125 ], [ -73.765328, 40.681491 ], [ -73.765567, 40.681627 ], [ -73.766293, 40.681973 ], [ -73.767163, 40.682371 ], [ -73.76858, 40.683143 ], [ -73.769742, 40.683778 ], [ -73.770143, 40.683111 ], [ -73.770901, 40.682553 ], [ -73.771104, 40.682405 ], [ -73.772042, 40.681727 ], [ -73.772203, 40.68161 ], [ -73.772322, 40.681491 ], [ -73.772995, 40.681209 ], [ -73.773565, 40.680964 ], [ -73.774138, 40.681339 ], [ -73.776179, 40.682565 ], [ -73.776708, 40.682886 ], [ -73.775012, 40.684276 ], [ -73.773822, 40.685252 ], [ -73.773149, 40.685806 ], [ -73.77381, 40.686272 ], [ -73.774479, 40.686732 ], [ -73.77486, 40.687013 ], [ -73.775755, 40.687691 ], [ -73.776619, 40.688364 ], [ -73.777893, 40.689918 ], [ -73.779198, 40.691651 ], [ -73.780237, 40.692972 ], [ -73.780921, 40.69384 ], [ -73.781464, 40.69447 ], [ -73.78211, 40.695237 ], [ -73.783428, 40.694702 ], [ -73.783937, 40.695409 ], [ -73.783933, 40.695494 ], [ -73.783923, 40.695588 ], [ -73.784392, 40.696091 ], [ -73.784891, 40.696626 ], [ -73.785438, 40.697211 ], [ -73.785865, 40.69774 ], [ -73.785991, 40.697699 ], [ -73.786106, 40.697703 ], [ -73.786219, 40.697723 ], [ -73.786326, 40.697757 ], [ -73.786422, 40.697802 ], [ -73.787009, 40.698342 ], [ -73.786901, 40.698386 ], [ -73.787624, 40.698999 ], [ -73.788387, 40.69972 ], [ -73.788717, 40.700033 ], [ -73.789028, 40.700328 ], [ -73.789539, 40.700822 ], [ -73.790268, 40.701561 ], [ -73.790498, 40.701791 ], [ -73.791869, 40.701366 ], [ -73.791944, 40.701272 ], [ -73.792605, 40.700432 ], [ -73.792844, 40.700244 ], [ -73.793577, 40.699756 ], [ -73.794639, 40.701237 ], [ -73.795939, 40.703061 ], [ -73.79609, 40.703294 ], [ -73.796637, 40.704079 ], [ -73.797007, 40.704611 ], [ -73.796799, 40.704697 ], [ -73.798258, 40.707016 ], [ -73.799304, 40.708698 ], [ -73.800222, 40.708446 ], [ -73.800658, 40.709156 ], [ -73.801069, 40.709818 ], [ -73.801424, 40.710391 ], [ -73.801611, 40.710701 ] ] ] } },
{ "type": "Feature", "properties": { "STATEFP": "36", "SLDLST": "030", "GEOID": "36030", "GEOIDFQ": "620L800US36030", "NAMELSAD": "Assembly District 30", "LSAD": "L3", "LSY": "2022", "MTFCC": "G5220", "FUNCSTAT": "N", "ALAND": 7738877, "AWATER": 0, "INTPTLAT": "+40.7393070", "INTPTLON": "-073.8930515", "ad_num": 30, "AssemDist": 30 }, "geometry": { "type": "Polygon", "coordinates": [ [ [ -73.912286, 40.759066 ], [ -73.910874, 40.760788 ], [ -73.910192, 40.761638 ], [ -73.908908, 40.763229 ], [ -73.908113, 40.762857 ], [ -73.907311, 40.762483 ], [ -73.90651, 40.762109 ], [ -73.905728, 40.761739 ], [ -73.905511, 40.761637 ], [ -73.904728, 40.761279 ], [ -73.905439, 40.759588 ], [ -73.905231, 40.759543 ], [ -73.905101, 40.759515 ], [ -73.904561, 40.759485 ], [ -73.904772, 40.758083 ], [ -73.904847, 40.757255 ], [ -73.904665, 40.757274 ], [ -73.903678, 40.757377 ], [ -73.902786, 40.757472 ], [ -73.901899, 40.757564 ], [ -73.901348, 40.757622 ], [ -73.901019, 40.757657 ], [ -73.900815, 40.757679 ], [ -73.900519, 40.757708 ], [ -73.899967, 40.757768 ], [ -73.8999, 40.757772 ], [ -73.899832, 40.757783 ], [ -73.899703, 40.757783 ], [ -73.89946, 40.757814 ], [ -73.899212, 40.757848 ], [ -73.898192, 40.757955 ], [ -73.897191, 40.75806 ], [ -73.896262, 40.758159 ], [ -73.895976, 40.756608 ], [ -73.895052, 40.756711 ], [ -73.894124, 40.756795 ], [ -73.893188, 40.756898 ], [ -73.892261, 40.75699 ], [ -73.891881, 40.754873 ], [ -73.892803, 40.754778 ], [ -73.892473, 40.752948 ], [ -73.893398, 40.752852 ], [ -73.893048, 40.750908 ], [ -73.892708, 40.748863 ], [ -73.891799, 40.74896 ], [ -73.891831, 40.748887 ], [ -73.891505, 40.747238 ], [ -73.891431, 40.746845 ], [ -73.891393, 40.746648 ], [ -73.890366, 40.746231 ], [ -73.889331, 40.745786 ], [ -73.888606, 40.745483 ], [ -73.888368, 40.745506 ], [ -73.888332, 40.745365 ], [ -73.887338, 40.744941 ], [ -73.886233, 40.744465 ], [ -73.885095, 40.743974 ], [ -73.88471, 40.743794 ], [ -73.883874, 40.7434 ], [ -73.882831, 40.742888 ], [ -73.882633, 40.742787 ], [ -73.88188, 40.742377 ], [ -73.881004, 40.741841 ], [ -73.880337, 40.742534 ], [ -73.879175, 40.741625 ], [ -73.87886, 40.741746 ], [ -73.878479, 40.742151 ], [ -73.878222, 40.74191 ], [ -73.878041, 40.741839 ], [ -73.877966, 40.74181 ], [ -73.877858, 40.741745 ], [ -73.877614, 40.741551 ], [ -73.876959, 40.74103 ], [ -73.875623, 40.741985 ], [ -73.875019, 40.741494 ], [ -73.874796, 40.741288 ], [ -73.874361, 40.74016 ], [ -73.874103, 40.739488 ], [ -73.873835, 40.738803 ], [ -73.873567, 40.738117 ], [ -73.873297, 40.737434 ], [ -73.873037, 40.736748 ], [ -73.872772, 40.736046 ], [ -73.872656, 40.735743 ], [ -73.872257, 40.734737 ], [ -73.872105, 40.734291 ], [ -73.872085, 40.734221 ], [ -73.87194, 40.733717 ], [ -73.87048, 40.733294 ], [ -73.87059, 40.733143 ], [ -73.870796, 40.73271 ], [ -73.870838, 40.732659 ], [ -73.871211, 40.732096 ], [ -73.871294, 40.73188 ], [ -73.871363, 40.731705 ], [ -73.87142, 40.731562 ], [ -73.871533, 40.731342 ], [ -73.871595, 40.731183 ], [ -73.871646, 40.731017 ], [ -73.871642, 40.730886 ], [ -73.87164, 40.730864 ], [ -73.871629, 40.730751 ], [ -73.871566, 40.730078 ], [ -73.871489, 40.729485 ], [ -73.871429, 40.729248 ], [ -73.872335, 40.729633 ], [ -73.872409, 40.729664 ], [ -73.874081, 40.73029 ], [ -73.874233, 40.730355 ], [ -73.874755, 40.730542 ], [ -73.874956, 40.730617 ], [ -73.875237, 40.730724 ], [ -73.875589, 40.730628 ], [ -73.875711, 40.730595 ], [ -73.876343, 40.730399 ], [ -73.877075, 40.73014 ], [ -73.877308, 40.730047 ], [ -73.87754, 40.729955 ], [ -73.877965, 40.72977 ], [ -73.878433, 40.729588 ], [ -73.878979, 40.729375 ], [ -73.879723, 40.729089 ], [ -73.880053, 40.728991 ], [ -73.88039, 40.728905 ], [ -73.880733, 40.728833 ], [ -73.88093, 40.7288 ], [ -73.881081, 40.728774 ], [ -73.881433, 40.728729 ], [ -73.881786, 40.728698 ], [ -73.88214, 40.72868 ], [ -73.882032, 40.728539 ], [ -73.881955, 40.728438 ], [ -73.881925, 40.728399 ], [ -73.881854, 40.728322 ], [ -73.882855, 40.728245 ], [ -73.883433, 40.728193 ], [ -73.88372, 40.728146 ], [ -73.883875, 40.728074 ], [ -73.883668, 40.728294 ], [ -73.883914, 40.7284 ], [ -73.884599, 40.728346 ], [ -73.88466, 40.728341 ], [ -73.885031, 40.728297 ], [ -73.885576, 40.728207 ], [ -73.885554, 40.72813 ], [ -73.885534, 40.728049 ], [ -73.884933, 40.724786 ], [ -73.884136, 40.724882 ], [ -73.883583, 40.724949 ], [ -73.882954, 40.724152 ], [ -73.88249, 40.723578 ], [ -73.882435, 40.723509 ], [ -73.88092, 40.721603 ], [ -73.881307, 40.721416 ], [ -73.881845, 40.721379 ], [ -73.882888, 40.721319 ], [ -73.883931, 40.721034 ], [ -73.884835, 40.720818 ], [ -73.885318, 40.718909 ], [ -73.885396, 40.719102 ], [ -73.885569, 40.719097 ], [ -73.886362, 40.717429 ], [ -73.886387, 40.717343 ], [ -73.886662, 40.716396 ], [ -73.887916, 40.715806 ], [ -73.888441, 40.716437 ], [ -73.888985, 40.71702 ], [ -73.889534, 40.717616 ], [ -73.890089, 40.718207 ], [ -73.890535, 40.718702 ], [ -73.890635, 40.718813 ], [ -73.89116, 40.71946 ], [ -73.891271, 40.719598 ], [ -73.891423, 40.719785 ], [ -73.891768, 40.720212 ], [ -73.892254, 40.720822 ], [ -73.89274, 40.721432 ], [ -73.893213, 40.72203 ], [ -73.893669, 40.722625 ], [ -73.892182, 40.723299 ], [ -73.892656, 40.723888 ], [ -73.893127, 40.724464 ], [ -73.893538, 40.724984 ], [ -73.893771, 40.724979 ], [ -73.894678, 40.724999 ], [ -73.89485, 40.725226 ], [ -73.896337, 40.725364 ], [ -73.896073, 40.725512 ], [ -73.898613, 40.72574 ], [ -73.898619, 40.72601 ], [ -73.898652, 40.726709 ], [ -73.89869, 40.727519 ], [ -73.898715, 40.728089 ], [ -73.898728, 40.728377 ], [ -73.899246, 40.72905 ], [ -73.900242, 40.729019 ], [ -73.900375, 40.728896 ], [ -73.900531, 40.728796 ], [ -73.90069, 40.728724 ], [ -73.90081, 40.728685 ], [ -73.900955, 40.728653 ], [ -73.901081, 40.728637 ], [ -73.901226, 40.728632 ], [ -73.90138, 40.728651 ], [ -73.901532, 40.728685 ], [ -73.901678, 40.728735 ], [ -73.901815, 40.7288 ], [ -73.901939, 40.728878 ], [ -73.902047, 40.728966 ], [ -73.902137, 40.729062 ], [ -73.902618, 40.729343 ], [ -73.903413, 40.729719 ], [ -73.903982, 40.729993 ], [ -73.904218, 40.730127 ], [ -73.904023, 40.730365 ], [ -73.902597, 40.732104 ], [ -73.901298, 40.73364 ], [ -73.901231, 40.73372 ], [ -73.90108, 40.733908 ], [ -73.901943, 40.73434 ], [ -73.902866, 40.734767 ], [ -73.903787, 40.735217 ], [ -73.904703, 40.73568 ], [ -73.90517, 40.73586 ], [ -73.905661, 40.736102 ], [ -73.905614, 40.737162 ], [ -73.905606, 40.737225 ], [ -73.905566, 40.737336 ], [ -73.904819, 40.737671 ], [ -73.904639, 40.737753 ], [ -73.904614, 40.73791 ], [ -73.904586, 40.738092 ], [ -73.904579, 40.738551 ], [ -73.90453, 40.739925 ], [ -73.905474, 40.740176 ], [ -73.906391, 40.740409 ], [ -73.907345, 40.740642 ], [ -73.907784, 40.740745 ], [ -73.907556, 40.741659 ], [ -73.908339, 40.741757 ], [ -73.90929, 40.741867 ], [ -73.910192, 40.741972 ], [ -73.910115, 40.742352 ], [ -73.909587, 40.744941 ], [ -73.908632, 40.745112 ], [ -73.908405, 40.745151 ], [ -73.907645, 40.745287 ], [ -73.907522, 40.745309 ], [ -73.907348, 40.745347 ], [ -73.907148, 40.745377 ], [ -73.906998, 40.745391 ], [ -73.906741, 40.745398 ], [ -73.906613, 40.745393 ], [ -73.906419, 40.745635 ], [ -73.905349, 40.747893 ], [ -73.906242, 40.748128 ], [ -73.906043, 40.748569 ], [ -73.905913, 40.748859 ], [ -73.906698, 40.749337 ], [ -73.907509, 40.749767 ], [ -73.908319, 40.750119 ], [ -73.909483, 40.750561 ], [ -73.909452, 40.750656 ], [ -73.909443, 40.750755 ], [ -73.909459, 40.750855 ], [ -73.909497, 40.750951 ], [ -73.909556, 40.751037 ], [ -73.909847, 40.751637 ], [ -73.910451, 40.752961 ], [ -73.910231, 40.752977 ], [ -73.909954, 40.753218 ], [ -73.909693, 40.75347 ], [ -73.909449, 40.753731 ], [ -73.909238, 40.753981 ], [ -73.909175, 40.754064 ], [ -73.909013, 40.75428 ], [ -73.908655, 40.754939 ], [ -73.908465, 40.755292 ], [ -73.90836, 40.755573 ], [ -73.907828, 40.756999 ], [ -73.908269, 40.757194 ], [ -73.908389, 40.757249 ], [ -73.909066, 40.757565 ], [ -73.909885, 40.757946 ], [ -73.910684, 40.758319 ], [ -73.91149, 40.758693 ], [ -73.912286, 40.759066 ] ] ] } },
{ "type": "Feature", "properties": { "STATEFP": "36", "SLDLST": "031", "GEOID": "36031", "GEOIDFQ": "620L800US36031", "NAMELSAD": "Assembly District 31", "LSAD": "L3", "LSY": "2022", "MTFCC": "G5220", "FUNCSTAT": "N", "ALAND": 38862132, "AWATER": 13237199, "INTPTLAT": "+40.6425369", "INTPTLON": "-073.7817174", "ad_num": 31, "AssemDist": 31 }, "geometry": { "type": "Polygon", "coordinates": [ [ [ -73.833502, 40.679035 ], [ -73.832624, 40.679287 ], [ -73.832161, 40.679418 ], [ -73.831966, 40.679474 ], [ -73.831746, 40.679537 ], [ -73.830867, 40.679786 ], [ -73.829988, 40.680036 ], [ -73.828972, 40.680327 ], [ -73.828052, 40.680588 ], [ -73.827183, 40.680829 ], [ -73.826365, 40.681064 ], [ -73.825555, 40.681294 ], [ -73.824726, 40.681525 ], [ -73.823901, 40.68176 ], [ -73.823073, 40.681996 ], [ -73.822211, 40.682244 ], [ -73.821304, 40.682503 ], [ -73.820421, 40.682755 ], [ -73.819544, 40.683002 ], [ -73.818676, 40.683249 ], [ -73.818001, 40.68344 ], [ -73.817811, 40.683495 ], [ -73.817781, 40.683504 ], [ -73.817163, 40.683684 ], [ -73.816913, 40.683753 ], [ -73.816335, 40.683918 ], [ -73.816028, 40.684004 ], [ -73.815619, 40.684121 ], [ -73.815138, 40.684258 ], [ -73.814773, 40.684361 ], [ -73.814268, 40.684503 ], [ -73.813937, 40.684598 ], [ -73.813592, 40.68471 ], [ -73.813367, 40.684847 ], [ -73.812437, 40.685287 ], [ -73.812415, 40.685393 ], [ -73.812523, 40.685609 ], [ -73.813315, 40.687199 ], [ -73.813452, 40.687155 ], [ -73.813458, 40.687535 ], [ -73.814703, 40.690002 ], [ -73.814805, 40.690047 ], [ -73.814915, 40.690095 ], [ -73.815228, 40.690733 ], [ -73.816075, 40.690492 ], [ -73.817069, 40.692502 ], [ -73.817233, 40.692457 ], [ -73.817823, 40.693669 ], [ -73.818413, 40.694863 ], [ -73.817396, 40.695155 ], [ -73.816552, 40.695399 ], [ -73.815709, 40.695638 ], [ -73.814862, 40.695878 ], [ -73.814275, 40.69468 ], [ -73.813675, 40.693452 ], [ -73.81334, 40.692772 ], [ -73.812737, 40.691545 ], [ -73.812718, 40.691408 ], [ -73.811863, 40.69163 ], [ -73.810988, 40.691855 ], [ -73.810749, 40.691917 ], [ -73.809819, 40.690256 ], [ -73.809158, 40.689058 ], [ -73.809088, 40.688929 ], [ -73.808752, 40.688329 ], [ -73.808017, 40.68706 ], [ -73.807703, 40.686516 ], [ -73.807401, 40.685946 ], [ -73.80727, 40.685699 ], [ -73.806748, 40.684683 ], [ -73.805891, 40.682897 ], [ -73.805031, 40.681146 ], [ -73.804579, 40.680129 ], [ -73.804235, 40.679416 ], [ -73.803356, 40.677644 ], [ -73.803089, 40.677037 ], [ -73.801793, 40.674394 ], [ -73.801593, 40.674376 ], [ -73.801216, 40.674344 ], [ -73.800632, 40.674307 ], [ -73.799879, 40.674224 ], [ -73.79893, 40.67414 ], [ -73.798365, 40.674087 ], [ -73.798483, 40.673349 ], [ -73.798376, 40.672531 ], [ -73.798293, 40.671937 ], [ -73.798218, 40.671327 ], [ -73.798087, 40.670442 ], [ -73.797678, 40.669387 ], [ -73.797201, 40.668157 ], [ -73.796262, 40.668328 ], [ -73.796054, 40.66833 ], [ -73.795873, 40.66832 ], [ -73.795697, 40.668273 ], [ -73.795449, 40.668185 ], [ -73.795025, 40.66802 ], [ -73.794733, 40.667908 ], [ -73.794495, 40.667822 ], [ -73.794319, 40.667744 ], [ -73.794145, 40.667653 ], [ -73.793867, 40.667472 ], [ -73.79323, 40.667074 ], [ -73.793062, 40.667087 ], [ -73.792174, 40.66704 ], [ -73.791299, 40.66697 ], [ -73.79047, 40.666895 ], [ -73.790395, 40.666888 ], [ -73.78941, 40.666841 ], [ -73.78697, 40.667085 ], [ -73.785664, 40.667188 ], [ -73.785025, 40.66723 ], [ -73.7833, 40.667315 ], [ -73.782654, 40.667369 ], [ -73.781796, 40.667421 ], [ -73.78062, 40.667526 ], [ -73.779705, 40.66759 ], [ -73.777913, 40.667715 ], [ -73.777013, 40.667776 ], [ -73.776164, 40.667867 ], [ -73.775224, 40.667915 ], [ -73.774311, 40.667982 ], [ -73.773425, 40.668028 ], [ -73.771545, 40.667963 ], [ -73.766754, 40.667433 ], [ -73.766559, 40.66786 ], [ -73.766249, 40.66851 ], [ -73.765899, 40.669146 ], [ -73.765605, 40.669666 ], [ -73.763881, 40.669378 ], [ -73.763138, 40.669252 ], [ -73.762938, 40.669219 ], [ -73.762428, 40.669135 ], [ -73.762045, 40.669071 ], [ -73.761543, 40.668986 ], [ -73.760627, 40.668835 ], [ -73.759717, 40.668682 ], [ -73.760056, 40.667505 ], [ -73.759121, 40.667352 ], [ -73.757317, 40.66704 ], [ -73.757631, 40.666451 ], [ -73.755925, 40.666388 ], [ -73.755511, 40.666399 ], [ -73.755262, 40.666395 ], [ -73.753271, 40.666401 ], [ -73.751759, 40.666395 ], [ -73.750714, 40.666427 ], [ -73.749784, 40.666418 ], [ -73.748762, 40.666423 ], [ -73.746086, 40.6664 ], [ -73.745366, 40.666404 ], [ -73.741792, 40.666403 ], [ -73.741178, 40.666403 ], [ -73.740432, 40.666401 ], [ -73.740221, 40.666401 ], [ -73.739929, 40.666401 ], [ -73.740698, 40.665928 ], [ -73.74097, 40.665795 ], [ -73.740395, 40.665703 ], [ -73.739371, 40.665452 ], [ -73.73955, 40.665256 ], [ -73.739125, 40.66525 ], [ -73.737985, 40.664677 ], [ -73.738452, 40.664059 ], [ -73.73892, 40.66344 ], [ -73.73939, 40.662822 ], [ -73.739857, 40.662204 ], [ -73.738405, 40.661566 ], [ -73.737079, 40.660982 ], [ -73.736266, 40.660626 ], [ -73.736734, 40.660008 ], [ -73.737203, 40.659389 ], [ -73.737672, 40.658771 ], [ -73.738142, 40.658154 ], [ -73.73861, 40.657535 ], [ -73.738705, 40.65732 ], [ -73.740488, 40.657384 ], [ -73.741532, 40.657359 ], [ -73.741044, 40.656676 ], [ -73.740608, 40.655967 ], [ -73.740193, 40.655257 ], [ -73.739785, 40.654526 ], [ -73.739376, 40.653796 ], [ -73.738942, 40.653026 ], [ -73.738565, 40.652355 ], [ -73.738437, 40.652134 ], [ -73.738145, 40.651628 ], [ -73.737381, 40.650264 ], [ -73.737014, 40.649583 ], [ -73.736838, 40.649264 ], [ -73.736735, 40.6491 ], [ -73.736979, 40.649005 ], [ -73.73746, 40.648818 ], [ -73.737626, 40.648753 ], [ -73.738799, 40.648297 ], [ -73.739045, 40.648201 ], [ -73.73919, 40.648122 ], [ -73.741437, 40.646889 ], [ -73.741439, 40.646345 ], [ -73.74144, 40.646086 ], [ -73.741448, 40.645942 ], [ -73.741468, 40.645564 ], [ -73.741485, 40.645248 ], [ -73.741623, 40.642716 ], [ -73.741632, 40.642586 ], [ -73.741643, 40.64244 ], [ -73.741661, 40.642198 ], [ -73.741759, 40.642016 ], [ -73.741873, 40.641804 ], [ -73.742051, 40.641474 ], [ -73.741428, 40.640502 ], [ -73.742283, 40.640121 ], [ -73.741534, 40.63923 ], [ -73.741263, 40.638905 ], [ -73.741224, 40.638828 ], [ -73.741126, 40.638656 ], [ -73.741032, 40.638476 ], [ -73.740662, 40.637833 ], [ -73.740284, 40.637175 ], [ -73.739558, 40.635863 ], [ -73.739471, 40.635706 ], [ -73.73996, 40.635144 ], [ -73.740141, 40.63511 ], [ -73.740802, 40.634986 ], [ -73.741095, 40.634931 ], [ -73.741678, 40.634838 ], [ -73.742237, 40.634851 ], [ -73.74265, 40.635045 ], [ -73.742673, 40.635408 ], [ -73.742629, 40.635537 ], [ -73.74258, 40.635648 ], [ -73.742531, 40.635715 ], [ -73.742081, 40.636381 ], [ -73.74127, 40.637257 ], [ -73.741187, 40.637412 ], [ -73.741201, 40.63759 ], [ -73.741501, 40.63785 ], [ -73.742361, 40.638093 ], [ -73.743295, 40.638048 ], [ -73.743651, 40.637769 ], [ -73.743941, 40.637541 ], [ -73.744177, 40.637356 ], [ -73.746022, 40.635212 ], [ -73.748001, 40.634631 ], [ -73.767425, 40.626606 ], [ -73.767507, 40.626469 ], [ -73.767708, 40.626208 ], [ -73.767758, 40.626113 ], [ -73.767772, 40.625996 ], [ -73.767782, 40.625912 ], [ -73.767933, 40.625755 ], [ -73.768142, 40.625463 ], [ -73.768154, 40.625449 ], [ -73.76825, 40.625398 ], [ -73.768269, 40.625295 ], [ -73.768293, 40.625236 ], [ -73.768326, 40.625097 ], [ -73.768418, 40.624989 ], [ -73.7685, 40.624897 ], [ -73.768563, 40.624801 ], [ -73.768604, 40.624733 ], [ -73.768624, 40.624585 ], [ -73.768649, 40.624466 ], [ -73.768709, 40.624386 ], [ -73.768761, 40.624352 ], [ -73.768784, 40.624289 ], [ -73.768777, 40.624195 ], [ -73.76883, 40.6241 ], [ -73.768805, 40.624027 ], [ -73.768838, 40.623952 ], [ -73.768757, 40.62382 ], [ -73.768762, 40.623761 ], [ -73.768668, 40.623589 ], [ -73.768643, 40.623492 ], [ -73.768643, 40.623431 ], [ -73.76861, 40.623373 ], [ -73.768584, 40.623313 ], [ -73.768553, 40.623155 ], [ -73.767571, 40.621477 ], [ -73.767459, 40.620511 ], [ -73.766757, 40.615284 ], [ -73.766719, 40.615004 ], [ -73.765244, 40.614942 ], [ -73.764349, 40.614316 ], [ -73.763476, 40.613706 ], [ -73.763454, 40.61369 ], [ -73.762084, 40.612732 ], [ -73.760021, 40.611349 ], [ -73.759631, 40.611297 ], [ -73.759334, 40.611258 ], [ -73.75891, 40.611206 ], [ -73.757546, 40.611037 ], [ -73.757235, 40.610993 ], [ -73.755197, 40.610594 ], [ -73.754947, 40.610497 ], [ -73.754732, 40.610405 ], [ -73.753458, 40.61052 ], [ -73.750652, 40.611453 ], [ -73.750088, 40.611641 ], [ -73.74912, 40.611794 ], [ -73.748216, 40.612011 ], [ -73.747993, 40.61231 ], [ -73.747614, 40.611998 ], [ -73.747495, 40.611888 ], [ -73.747194, 40.611998 ], [ -73.747119, 40.612036 ], [ -73.746942, 40.611775 ], [ -73.746855, 40.611574 ], [ -73.746747, 40.611403 ], [ -73.746387, 40.61154 ], [ -73.746075, 40.611661 ], [ -73.745793, 40.611769 ], [ -73.74553, 40.611871 ], [ -73.745492, 40.611805 ], [ -73.745633, 40.611756 ], [ -73.747198, 40.611137 ], [ -73.748096, 40.610743 ], [ -73.748995, 40.610315 ], [ -73.749872, 40.609734 ], [ -73.750418, 40.609299 ], [ -73.750916, 40.608801 ], [ -73.751262, 40.608421 ], [ -73.750629, 40.608092 ], [ -73.749962, 40.608769 ], [ -73.749244, 40.608256 ], [ -73.748691, 40.607874 ], [ -73.749592, 40.607147 ], [ -73.750254, 40.606599 ], [ -73.751131, 40.605869 ], [ -73.751837, 40.605285 ], [ -73.75285, 40.60426 ], [ -73.753356, 40.602274 ], [ -73.753754, 40.600712 ], [ -73.75391, 40.600112 ], [ -73.754068, 40.599502 ], [ -73.754237, 40.598882 ], [ -73.754251, 40.598238 ], [ -73.754262, 40.597316 ], [ -73.754479, 40.597316 ], [ -73.754698, 40.597334 ], [ -73.754916, 40.597368 ], [ -73.755131, 40.59742 ], [ -73.755338, 40.597488 ], [ -73.755534, 40.597573 ], [ -73.755716, 40.597671 ], [ -73.755882, 40.597782 ], [ -73.756029, 40.597902 ], [ -73.756155, 40.597808 ], [ -73.756292, 40.597724 ], [ -73.756439, 40.597649 ], [ -73.756596, 40.597586 ], [ -73.756758, 40.597535 ], [ -73.757109, 40.597194 ], [ -73.757684, 40.597036 ], [ -73.757794, 40.597027 ], [ -73.757995, 40.59701 ], [ -73.758198, 40.596977 ], [ -73.758397, 40.596928 ], [ -73.758588, 40.596865 ], [ -73.758768, 40.596789 ], [ -73.758407, 40.596376 ], [ -73.759392, 40.595841 ], [ -73.75962, 40.595935 ], [ -73.760409, 40.596103 ], [ -73.761302, 40.596151 ], [ -73.762156, 40.596085 ], [ -73.762357, 40.597229 ], [ -73.7632, 40.597145 ], [ -73.763335, 40.597823 ], [ -73.76387, 40.597414 ], [ -73.764645, 40.597621 ], [ -73.764968, 40.59738 ], [ -73.76547, 40.598012 ], [ -73.765997, 40.598721 ], [ -73.766542, 40.599434 ], [ -73.767071, 40.599953 ], [ -73.767341, 40.600079 ], [ -73.76746, 40.600137 ], [ -73.767569, 40.600208 ], [ -73.767663, 40.600288 ], [ -73.767742, 40.600376 ], [ -73.767803, 40.60047 ], [ -73.766678, 40.601006 ], [ -73.76609, 40.601287 ], [ -73.765284, 40.601671 ], [ -73.764927, 40.60103 ], [ -73.764446, 40.600435 ], [ -73.762567, 40.601335 ], [ -73.76108, 40.601801 ], [ -73.760598, 40.60181 ], [ -73.760532, 40.601852 ], [ -73.76046, 40.602021 ], [ -73.760431, 40.602184 ], [ -73.760401, 40.602433 ], [ -73.760652, 40.604037 ], [ -73.760742, 40.604666 ], [ -73.760838, 40.605272 ], [ -73.760874, 40.605521 ], [ -73.760953, 40.606452 ], [ -73.759824, 40.609647 ], [ -73.759736, 40.610155 ], [ -73.759491, 40.610816 ], [ -73.75998, 40.610869 ], [ -73.761544, 40.609039 ], [ -73.761782, 40.609152 ], [ -73.761173, 40.609839 ], [ -73.76087, 40.610198 ], [ -73.760767, 40.610185 ], [ -73.760236, 40.610821 ], [ -73.761724, 40.611847 ], [ -73.762299, 40.611359 ], [ -73.762396, 40.611375 ], [ -73.762541, 40.611407 ], [ -73.762686, 40.611458 ], [ -73.762897, 40.611553 ], [ -73.763026, 40.611609 ], [ -73.763163, 40.611636 ], [ -73.763273, 40.61169 ], [ -73.763425, 40.611714 ], [ -73.763517, 40.611694 ], [ -73.763613, 40.611751 ], [ -73.763722, 40.611757 ], [ -73.763842, 40.611758 ], [ -73.763998, 40.611761 ], [ -73.764199, 40.611797 ], [ -73.764354, 40.611801 ], [ -73.764595, 40.611846 ], [ -73.764811, 40.611924 ], [ -73.764987, 40.612002 ], [ -73.76506, 40.612035 ], [ -73.765087, 40.61206 ], [ -73.765119, 40.612118 ], [ -73.765104, 40.612172 ], [ -73.765053, 40.612251 ], [ -73.764994, 40.612294 ], [ -73.764982, 40.612343 ], [ -73.765044, 40.612402 ], [ -73.765109, 40.612457 ], [ -73.765118, 40.612523 ], [ -73.765108, 40.612645 ], [ -73.765121, 40.612788 ], [ -73.765146, 40.612899 ], [ -73.765157, 40.612987 ], [ -73.765153, 40.613109 ], [ -73.765146, 40.613207 ], [ -73.765121, 40.613323 ], [ -73.765053, 40.613363 ], [ -73.765028, 40.613402 ], [ -73.765016, 40.613458 ], [ -73.765026, 40.613521 ], [ -73.76506, 40.613589 ], [ -73.765149, 40.613733 ], [ -73.76521, 40.613784 ], [ -73.765525, 40.613889 ], [ -73.765972, 40.613921 ], [ -73.766195, 40.614071 ], [ -73.766409, 40.614204 ], [ -73.766599, 40.614257 ], [ -73.766819, 40.614291 ], [ -73.767172, 40.614249 ], [ -73.767684, 40.614164 ], [ -73.768031, 40.6142 ], [ -73.768259, 40.614221 ], [ -73.768371, 40.614224 ], [ -73.768858, 40.614069 ], [ -73.769067, 40.614052 ], [ -73.769331, 40.613975 ], [ -73.769809, 40.613992 ], [ -73.770069, 40.614062 ], [ -73.77039, 40.614045 ], [ -73.770807, 40.61401 ], [ -73.77108, 40.613995 ], [ -73.771213, 40.613941 ], [ -73.771566, 40.613972 ], [ -73.771702, 40.613965 ], [ -73.772166, 40.613845 ], [ -73.772416, 40.61376 ], [ -73.772663, 40.613668 ], [ -73.772999, 40.61356 ], [ -73.773315, 40.613688 ], [ -73.773448, 40.613646 ], [ -73.773567, 40.613465 ], [ -73.773621, 40.613277 ], [ -73.773688, 40.61321 ], [ -73.773726, 40.61312 ], [ -73.773817, 40.612954 ], [ -73.773855, 40.612887 ], [ -73.773901, 40.61274 ], [ -73.773935, 40.612644 ], [ -73.773977, 40.612508 ], [ -73.774014, 40.612349 ], [ -73.774033, 40.612238 ], [ -73.774043, 40.61211 ], [ -73.774092, 40.612024 ], [ -73.774132, 40.611943 ], [ -73.774172, 40.611831 ], [ -73.774131, 40.611816 ], [ -73.774081, 40.611926 ], [ -73.774018, 40.612028 ], [ -73.773971, 40.612113 ], [ -73.773914, 40.61206 ], [ -73.773886, 40.611937 ], [ -73.773855, 40.611779 ], [ -73.773811, 40.611612 ], [ -73.773807, 40.611408 ], [ -73.773781, 40.611284 ], [ -73.773724, 40.611195 ], [ -73.773605, 40.61107 ], [ -73.773492, 40.610917 ], [ -73.77341, 40.610783 ], [ -73.773066, 40.610297 ], [ -73.773, 40.610199 ], [ -73.772963, 40.610153 ], [ -73.772888, 40.610159 ], [ -73.772885, 40.610201 ], [ -73.772957, 40.610331 ], [ -73.773066, 40.610494 ], [ -73.773236, 40.610786 ], [ -73.773382, 40.610987 ], [ -73.773404, 40.61109 ], [ -73.773263, 40.611212 ], [ -73.773021, 40.61131 ], [ -73.772693, 40.611424 ], [ -73.772386, 40.6115 ], [ -73.77228, 40.611506 ], [ -73.772125, 40.611454 ], [ -73.772053, 40.611349 ], [ -73.77199, 40.611254 ], [ -73.771964, 40.611129 ], [ -73.771928, 40.611011 ], [ -73.771895, 40.610931 ], [ -73.771847, 40.610824 ], [ -73.771739, 40.61073 ], [ -73.771624, 40.61062 ], [ -73.771516, 40.610585 ], [ -73.771367, 40.610527 ], [ -73.771263, 40.610398 ], [ -73.771126, 40.610362 ], [ -73.770968, 40.610367 ], [ -73.770822, 40.61034 ], [ -73.770735, 40.610273 ], [ -73.77059, 40.610161 ], [ -73.770533, 40.610191 ], [ -73.770369, 40.610195 ], [ -73.770242, 40.61025 ], [ -73.770015, 40.610169 ], [ -73.769954, 40.610146 ], [ -73.769661, 40.610006 ], [ -73.769501, 40.609896 ], [ -73.769309, 40.609784 ], [ -73.769216, 40.609727 ], [ -73.769088, 40.609578 ], [ -73.769001, 40.609392 ], [ -73.768968, 40.60926 ], [ -73.768935, 40.609157 ], [ -73.769014, 40.608971 ], [ -73.769085, 40.608786 ], [ -73.769146, 40.608664 ], [ -73.769212, 40.608474 ], [ -73.769293, 40.608373 ], [ -73.769497, 40.608293 ], [ -73.769572, 40.608157 ], [ -73.76966, 40.608039 ], [ -73.769775, 40.607933 ], [ -73.769846, 40.607788 ], [ -73.769825, 40.607661 ], [ -73.769803, 40.607529 ], [ -73.769865, 40.607414 ], [ -73.769967, 40.607225 ], [ -73.770017, 40.607097 ], [ -73.770002, 40.606904 ], [ -73.76992, 40.606596 ], [ -73.769861, 40.606461 ], [ -73.769836, 40.606278 ], [ -73.769852, 40.606123 ], [ -73.770026, 40.605787 ], [ -73.770068, 40.605602 ], [ -73.770005, 40.605392 ], [ -73.770088, 40.605312 ], [ -73.77015, 40.60515 ], [ -73.770279, 40.605082 ], [ -73.77049, 40.604952 ], [ -73.770565, 40.60484 ], [ -73.77054, 40.604675 ], [ -73.770465, 40.604533 ], [ -73.770468, 40.604379 ], [ -73.770444, 40.604098 ], [ -73.770474, 40.603951 ], [ -73.770403, 40.603693 ], [ -73.770339, 40.603402 ], [ -73.770297, 40.603308 ], [ -73.770272, 40.603244 ], [ -73.770135, 40.60312 ], [ -73.770253, 40.603079 ], [ -73.770358, 40.603031 ], [ -73.770397, 40.602968 ], [ -73.770289, 40.602815 ], [ -73.770186, 40.602749 ], [ -73.770233, 40.602619 ], [ -73.770275, 40.602489 ], [ -73.770344, 40.602358 ], [ -73.770397, 40.602282 ], [ -73.770474, 40.602108 ], [ -73.770652, 40.601855 ], [ -73.770781, 40.601923 ], [ -73.770881, 40.60182 ], [ -73.770847, 40.601725 ], [ -73.770803, 40.601675 ], [ -73.770753, 40.601626 ], [ -73.770738, 40.601546 ], [ -73.770817, 40.60128 ], [ -73.770944, 40.601151 ], [ -73.771041, 40.600789 ], [ -73.7711, 40.600588 ], [ -73.771177, 40.600405 ], [ -73.771112, 40.600276 ], [ -73.771139, 40.600165 ], [ -73.771103, 40.599971 ], [ -73.771087, 40.599792 ], [ -73.771094, 40.59964 ], [ -73.771147, 40.599512 ], [ -73.771158, 40.599393 ], [ -73.771137, 40.599328 ], [ -73.771063, 40.599221 ], [ -73.771065, 40.59911 ], [ -73.771062, 40.599075 ], [ -73.77105, 40.599022 ], [ -73.771037, 40.598982 ], [ -73.771011, 40.59893 ], [ -73.770982, 40.598894 ], [ -73.770914, 40.598849 ], [ -73.770824, 40.598818 ], [ -73.770725, 40.598813 ], [ -73.770673, 40.598829 ], [ -73.770555, 40.598897 ], [ -73.770512, 40.598937 ], [ -73.770477, 40.598974 ], [ -73.770407, 40.598988 ], [ -73.770346, 40.598986 ], [ -73.770274, 40.59896 ], [ -73.770177, 40.598897 ], [ -73.770118, 40.598855 ], [ -73.770066, 40.598816 ], [ -73.770016, 40.598784 ], [ -73.769944, 40.598751 ], [ -73.769828, 40.598707 ], [ -73.769788, 40.598686 ], [ -73.769736, 40.598656 ], [ -73.769674, 40.598633 ], [ -73.7696, 40.598618 ], [ -73.769424, 40.598564 ], [ -73.769309, 40.598529 ], [ -73.769251, 40.598504 ], [ -73.769189, 40.598509 ], [ -73.769104, 40.598514 ], [ -73.76905, 40.59851 ], [ -73.769021, 40.598487 ], [ -73.76898, 40.598453 ], [ -73.768931, 40.598468 ], [ -73.768903, 40.59845 ], [ -73.768905, 40.598397 ], [ -73.768797, 40.598389 ], [ -73.768701, 40.598385 ], [ -73.768633, 40.598377 ], [ -73.768554, 40.598359 ], [ -73.768474, 40.598362 ], [ -73.768397, 40.598357 ], [ -73.768293, 40.598329 ], [ -73.76824, 40.598322 ], [ -73.768205, 40.598303 ], [ -73.768172, 40.598265 ], [ -73.768141, 40.598236 ], [ -73.768123, 40.598228 ], [ -73.768044, 40.598197 ], [ -73.768023, 40.598189 ], [ -73.76796, 40.598154 ], [ -73.767935, 40.598136 ], [ -73.76795, 40.5981 ], [ -73.767975, 40.598071 ], [ -73.768008, 40.598045 ], [ -73.768037, 40.597983 ], [ -73.768067, 40.597911 ], [ -73.767718, 40.596261 ], [ -73.767669, 40.596024 ], [ -73.767604, 40.595803 ], [ -73.770268, 40.594192 ], [ -73.770231, 40.593975 ], [ -73.771094, 40.593536 ], [ -73.771496, 40.593405 ], [ -73.771844, 40.593292 ], [ -73.772701, 40.593123 ], [ -73.772713, 40.593321 ], [ -73.772808, 40.594074 ], [ -73.773675, 40.593893 ], [ -73.774542, 40.59375 ], [ -73.775377, 40.593683 ], [ -73.775489, 40.593676 ], [ -73.776318, 40.593623 ], [ -73.777154, 40.593545 ], [ -73.777979, 40.593461 ], [ -73.778801, 40.593387 ], [ -73.779036, 40.595444 ], [ -73.779939, 40.595382 ], [ -73.780916, 40.595325 ], [ -73.781836, 40.595267 ], [ -73.783612, 40.595145 ], [ -73.783375, 40.592722 ], [ -73.784291, 40.592446 ], [ -73.785062, 40.5922 ], [ -73.785708, 40.592083 ], [ -73.786388, 40.592084 ], [ -73.786257, 40.591938 ], [ -73.786175, 40.591328 ], [ -73.785994, 40.589972 ], [ -73.785959, 40.589713 ], [ -73.787301, 40.589295 ], [ -73.788582, 40.588896 ], [ -73.789284, 40.588677 ], [ -73.79016, 40.588404 ], [ -73.791019, 40.588191 ], [ -73.791047, 40.588499 ], [ -73.79107, 40.588747 ], [ -73.791172, 40.58986 ], [ -73.791191, 40.590055 ], [ -73.791207, 40.590233 ], [ -73.791256, 40.590755 ], [ -73.791303, 40.591202 ], [ -73.791349, 40.591926 ], [ -73.792325, 40.591697 ], [ -73.793151, 40.591487 ], [ -73.793971, 40.591266 ], [ -73.794068, 40.591242 ], [ -73.79444, 40.591148 ], [ -73.794972, 40.591018 ], [ -73.795138, 40.59097 ], [ -73.795899, 40.590751 ], [ -73.795992, 40.590724 ], [ -73.796883, 40.590486 ], [ -73.797861, 40.590167 ], [ -73.798472, 40.58996 ], [ -73.798814, 40.589836 ], [ -73.799339, 40.589664 ], [ -73.799587, 40.589589 ], [ -73.800168, 40.589378 ], [ -73.800343, 40.589321 ], [ -73.801005, 40.589108 ], [ -73.801991, 40.588869 ], [ -73.802749, 40.588668 ], [ -73.803497, 40.588489 ], [ -73.803512, 40.588486 ], [ -73.804305, 40.588327 ], [ -73.804735, 40.588269 ], [ -73.805144, 40.588215 ], [ -73.806346, 40.58808 ], [ -73.807283, 40.588001 ], [ -73.809865, 40.587742 ], [ -73.809789, 40.586989 ], [ -73.810338, 40.586951 ], [ -73.810638, 40.586875 ], [ -73.812088, 40.586514 ], [ -73.813197, 40.586238 ], [ -73.813846, 40.587075 ], [ -73.81439, 40.587782 ], [ -73.813141, 40.588268 ], [ -73.812273, 40.588621 ], [ -73.812208, 40.587955 ], [ -73.812157, 40.587445 ], [ -73.811252, 40.587567 ], [ -73.811448, 40.589017 ], [ -73.81093, 40.589297 ], [ -73.810951, 40.5895 ], [ -73.811054, 40.590451 ], [ -73.81161, 40.590475 ], [ -73.811674, 40.591299 ], [ -73.811703, 40.591594 ], [ -73.811569, 40.591694 ], [ -73.811513, 40.591783 ], [ -73.811513, 40.591958 ], [ -73.811535, 40.592089 ], [ -73.811567, 40.592149 ], [ -73.811504, 40.592191 ], [ -73.811532, 40.592259 ], [ -73.811517, 40.592315 ], [ -73.811529, 40.592493 ], [ -73.811561, 40.592728 ], [ -73.811574, 40.592829 ], [ -73.811562, 40.59285 ], [ -73.811507, 40.592894 ], [ -73.811478, 40.592916 ], [ -73.811473, 40.592854 ], [ -73.811479, 40.592742 ], [ -73.811466, 40.592628 ], [ -73.811436, 40.592508 ], [ -73.81143, 40.592255 ], [ -73.811399, 40.592101 ], [ -73.811361, 40.591981 ], [ -73.811326, 40.591746 ], [ -73.811149, 40.591758 ], [ -73.811008, 40.591768 ], [ -73.810945, 40.591824 ], [ -73.81089, 40.591957 ], [ -73.810879, 40.592011 ], [ -73.810896, 40.592062 ], [ -73.810825, 40.592088 ], [ -73.810954, 40.592489 ], [ -73.811107, 40.592476 ], [ -73.811386, 40.592442 ], [ -73.811408, 40.592871 ], [ -73.811073, 40.593022 ], [ -73.811028, 40.592987 ], [ -73.811374, 40.592861 ], [ -73.811373, 40.592703 ], [ -73.810757, 40.592811 ], [ -73.81075, 40.592792 ], [ -73.811373, 40.592684 ], [ -73.811358, 40.592463 ], [ -73.81094, 40.592547 ], [ -73.810795, 40.592094 ], [ -73.81059, 40.592137 ], [ -73.810202, 40.592226 ], [ -73.810031, 40.592185 ], [ -73.809803, 40.592058 ], [ -73.809778, 40.592399 ], [ -73.809731, 40.592404 ], [ -73.809764, 40.592646 ], [ -73.809795, 40.592658 ], [ -73.809799, 40.59272 ], [ -73.809743, 40.592695 ], [ -73.809691, 40.592454 ], [ -73.809668, 40.59247 ], [ -73.809634, 40.592495 ], [ -73.809616, 40.592537 ], [ -73.809506, 40.592775 ], [ -73.809503, 40.592876 ], [ -73.809528, 40.593009 ], [ -73.809701, 40.593534 ], [ -73.809661, 40.593561 ], [ -73.809955, 40.594332 ], [ -73.810285, 40.595073 ], [ -73.810843, 40.59635 ], [ -73.811576, 40.598141 ], [ -73.81149, 40.598371 ], [ -73.811375, 40.598559 ], [ -73.811186, 40.598579 ], [ -73.810962, 40.598557 ], [ -73.810859, 40.59864 ], [ -73.810686, 40.598699 ], [ -73.810551, 40.59876 ], [ -73.810416, 40.598883 ], [ -73.810331, 40.59895 ], [ -73.810331, 40.599127 ], [ -73.810357, 40.599262 ], [ -73.810293, 40.599342 ], [ -73.810255, 40.599505 ], [ -73.810302, 40.599604 ], [ -73.81024, 40.599772 ], [ -73.810189, 40.59986 ], [ -73.810101, 40.599845 ], [ -73.809988, 40.599883 ], [ -73.810144, 40.600055 ], [ -73.810001, 40.600029 ], [ -73.810015, 40.600109 ], [ -73.810001, 40.600184 ], [ -73.809939, 40.600254 ], [ -73.809851, 40.600366 ], [ -73.809861, 40.600477 ], [ -73.809928, 40.600625 ], [ -73.809979, 40.600781 ], [ -73.810026, 40.600861 ], [ -73.810036, 40.60103 ], [ -73.810039, 40.60109 ], [ -73.809995, 40.601201 ], [ -73.809943, 40.601263 ], [ -73.80995, 40.601385 ], [ -73.810024, 40.601466 ], [ -73.810034, 40.601611 ], [ -73.809997, 40.601696 ], [ -73.809951, 40.601807 ], [ -73.809863, 40.601896 ], [ -73.810511, 40.602533 ], [ -73.810787, 40.603287 ], [ -73.811776, 40.603171 ], [ -73.813397, 40.604364 ], [ -73.814292, 40.604457 ], [ -73.814652, 40.605252 ], [ -73.809753, 40.614276 ], [ -73.811435, 40.615831 ], [ -73.816527, 40.614947 ], [ -73.817119, 40.615282 ], [ -73.817168, 40.615843 ], [ -73.817477, 40.616333 ], [ -73.817587, 40.616878 ], [ -73.817757, 40.617307 ], [ -73.817774, 40.617501 ], [ -73.817647, 40.617612 ], [ -73.817446, 40.618111 ], [ -73.817444, 40.618912 ], [ -73.817181, 40.619267 ], [ -73.816825, 40.619462 ], [ -73.816391, 40.619622 ], [ -73.815432, 40.620117 ], [ -73.815715, 40.62149 ], [ -73.815939, 40.621631 ], [ -73.816531, 40.622003 ], [ -73.816911, 40.62187 ], [ -73.81697, 40.621492 ], [ -73.817787, 40.621672 ], [ -73.817786, 40.621938 ], [ -73.818253, 40.622094 ], [ -73.818813, 40.622562 ], [ -73.818917, 40.62309 ], [ -73.817953, 40.624093 ], [ -73.81673, 40.623872 ], [ -73.816086, 40.624315 ], [ -73.816115, 40.624605 ], [ -73.817085, 40.625279 ], [ -73.817698, 40.625962 ], [ -73.818008, 40.626476 ], [ -73.817964, 40.627106 ], [ -73.819478, 40.627629 ], [ -73.819734, 40.627712 ], [ -73.819849, 40.627796 ], [ -73.819989, 40.628032 ], [ -73.820052, 40.628185 ], [ -73.820159, 40.62836 ], [ -73.820591, 40.628924 ], [ -73.820814, 40.62939 ], [ -73.821075, 40.629734 ], [ -73.821846, 40.63204 ], [ -73.821841, 40.632424 ], [ -73.82189, 40.633095 ], [ -73.822093, 40.633756 ], [ -73.822218, 40.634427 ], [ -73.822538, 40.635158 ], [ -73.822771, 40.635577 ], [ -73.823376, 40.638988 ], [ -73.824193, 40.639954 ], [ -73.825337, 40.644248 ], [ -73.825531, 40.645018 ], [ -73.82641, 40.648261 ], [ -73.82678, 40.649772 ], [ -73.826848, 40.650074 ], [ -73.826907, 40.650294 ], [ -73.828392, 40.65603 ], [ -73.828712, 40.65706 ], [ -73.829801, 40.659511 ], [ -73.82987, 40.659967 ], [ -73.830222, 40.660526 ], [ -73.830964, 40.6621 ], [ -73.831781, 40.663674 ], [ -73.831742, 40.665182 ], [ -73.832705, 40.665406 ], [ -73.832884, 40.66576 ], [ -73.83294, 40.665892 ], [ -73.833312, 40.666759 ], [ -73.83254, 40.666539 ], [ -73.831567, 40.666312 ], [ -73.831021, 40.666209 ], [ -73.83025, 40.66612 ], [ -73.829333, 40.666101 ], [ -73.828079, 40.66609 ], [ -73.827518, 40.667898 ], [ -73.826953, 40.669718 ], [ -73.826385, 40.671533 ], [ -73.825818, 40.673353 ], [ -73.825252, 40.675168 ], [ -73.824673, 40.677031 ], [ -73.825406, 40.677147 ], [ -73.825781, 40.677207 ], [ -73.826447, 40.67732 ], [ -73.827595, 40.677501 ], [ -73.828837, 40.677692 ], [ -73.829947, 40.677904 ], [ -73.83094, 40.67812 ], [ -73.831083, 40.678151 ], [ -73.831624, 40.678275 ], [ -73.83211, 40.678386 ], [ -73.832206, 40.678408 ], [ -73.833015, 40.678589 ], [ -73.833325, 40.678657 ], [ -73.834109, 40.678853 ], [ -73.833502, 40.679035 ] ] ] } },
{ "type": "Feature", "properties": { "STATEFP": "36", "SLDLST": "032", "GEOID": "36032", "GEOIDFQ": "620L800US36032", "NAMELSAD": "Assembly District 32", "LSAD": "L3", "LSY": "2022", "MTFCC": "G5220", "FUNCSTAT": "N", "ALAND": 11593508, "AWATER": 106288, "INTPTLAT": "+40.6857798", "INTPTLON": "-073.7896443", "ad_num": 32, "AssemDist": 32 }, "geometry": { "type": "Polygon", "coordinates": [ [ [ -73.815316, 40.696822 ], [ -73.814853, 40.696962 ], [ -73.814572, 40.697044 ], [ -73.814407, 40.697087 ], [ -73.814285, 40.697114 ], [ -73.814173, 40.697135 ], [ -73.813943, 40.697147 ], [ -73.814006, 40.69726 ], [ -73.814334, 40.697866 ], [ -73.814201, 40.697911 ], [ -73.814429, 40.698335 ], [ -73.81423, 40.698332 ], [ -73.81404, 40.69833 ], [ -73.814194, 40.69858 ], [ -73.813187, 40.698864 ], [ -73.812325, 40.69911 ], [ -73.812782, 40.700032 ], [ -73.813361, 40.701215 ], [ -73.812505, 40.701458 ], [ -73.811638, 40.70171 ], [ -73.811905, 40.702337 ], [ -73.811529, 40.702273 ], [ -73.811632, 40.703052 ], [ -73.811713, 40.703662 ], [ -73.811773, 40.704181 ], [ -73.811802, 40.704366 ], [ -73.811904, 40.705124 ], [ -73.812012, 40.705945 ], [ -73.812111, 40.706698 ], [ -73.809689, 40.707377 ], [ -73.807288, 40.708062 ], [ -73.804268, 40.708925 ], [ -73.804131, 40.708848 ], [ -73.804007, 40.708756 ], [ -73.803898, 40.708652 ], [ -73.803807, 40.708538 ], [ -73.803738, 40.708417 ], [ -73.803691, 40.708292 ], [ -73.803276, 40.708412 ], [ -73.803024, 40.70814 ], [ -73.802782, 40.708273 ], [ -73.802551, 40.708417 ], [ -73.802331, 40.708572 ], [ -73.802125, 40.708738 ], [ -73.801933, 40.708912 ], [ -73.801596, 40.709548 ], [ -73.801511, 40.709622 ], [ -73.801414, 40.709687 ], [ -73.801306, 40.709742 ], [ -73.80119, 40.709786 ], [ -73.801069, 40.709818 ], [ -73.800658, 40.709156 ], [ -73.800222, 40.708446 ], [ -73.799304, 40.708698 ], [ -73.798258, 40.707016 ], [ -73.796799, 40.704697 ], [ -73.797007, 40.704611 ], [ -73.796637, 40.704079 ], [ -73.79609, 40.703294 ], [ -73.795939, 40.703061 ], [ -73.794639, 40.701237 ], [ -73.793577, 40.699756 ], [ -73.792844, 40.700244 ], [ -73.792605, 40.700432 ], [ -73.791944, 40.701272 ], [ -73.791869, 40.701366 ], [ -73.790498, 40.701791 ], [ -73.790268, 40.701561 ], [ -73.789539, 40.700822 ], [ -73.789028, 40.700328 ], [ -73.788717, 40.700033 ], [ -73.788387, 40.69972 ], [ -73.787624, 40.698999 ], [ -73.786901, 40.698386 ], [ -73.787009, 40.698342 ], [ -73.786422, 40.697802 ], [ -73.786326, 40.697757 ], [ -73.786219, 40.697723 ], [ -73.786106, 40.697703 ], [ -73.785991, 40.697699 ], [ -73.785865, 40.69774 ], [ -73.785438, 40.697211 ], [ -73.784891, 40.696626 ], [ -73.784392, 40.696091 ], [ -73.783923, 40.695588 ], [ -73.783933, 40.695494 ], [ -73.783937, 40.695409 ], [ -73.783428, 40.694702 ], [ -73.78211, 40.695237 ], [ -73.781464, 40.69447 ], [ -73.780921, 40.69384 ], [ -73.780237, 40.692972 ], [ -73.779198, 40.691651 ], [ -73.777893, 40.689918 ], [ -73.776619, 40.688364 ], [ -73.775755, 40.687691 ], [ -73.77486, 40.687013 ], [ -73.774479, 40.686732 ], [ -73.77381, 40.686272 ], [ -73.773149, 40.685806 ], [ -73.773822, 40.685252 ], [ -73.775012, 40.684276 ], [ -73.776708, 40.682886 ], [ -73.776179, 40.682565 ], [ -73.774138, 40.681339 ], [ -73.773565, 40.680964 ], [ -73.772995, 40.681209 ], [ -73.772322, 40.681491 ], [ -73.772203, 40.68161 ], [ -73.772042, 40.681727 ], [ -73.771104, 40.682405 ], [ -73.770901, 40.682553 ], [ -73.770143, 40.683111 ], [ -73.769742, 40.683778 ], [ -73.76858, 40.683143 ], [ -73.767163, 40.682371 ], [ -73.766293, 40.681973 ], [ -73.765567, 40.681627 ], [ -73.765328, 40.681491 ], [ -73.764818, 40.68125 ], [ -73.764078, 40.680894 ], [ -73.764056, 40.680885 ], [ -73.764031, 40.680867 ], [ -73.763928, 40.680823 ], [ -73.76329, 40.680525 ], [ -73.762812, 40.680296 ], [ -73.76177, 40.679818 ], [ -73.76161, 40.679738 ], [ -73.759825, 40.67897 ], [ -73.759682, 40.678654 ], [ -73.75924, 40.678041 ], [ -73.758787, 40.677415 ], [ -73.758338, 40.676786 ], [ -73.758004, 40.676281 ], [ -73.758008, 40.676081 ], [ -73.758675, 40.675799 ], [ -73.759509, 40.675447 ], [ -73.760315, 40.67511 ], [ -73.761149, 40.674764 ], [ -73.762486, 40.674195 ], [ -73.76339, 40.674681 ], [ -73.763677, 40.674746 ], [ -73.763718, 40.674316 ], [ -73.763725, 40.674274 ], [ -73.763787, 40.673883 ], [ -73.763805, 40.67377 ], [ -73.763831, 40.67364 ], [ -73.764047, 40.672847 ], [ -73.764137, 40.672554 ], [ -73.764353, 40.671853 ], [ -73.764546, 40.671512 ], [ -73.76466, 40.671318 ], [ -73.765085, 40.670588 ], [ -73.765257, 40.670279 ], [ -73.765605, 40.669666 ], [ -73.765899, 40.669146 ], [ -73.766249, 40.66851 ], [ -73.766559, 40.66786 ], [ -73.766754, 40.667433 ], [ -73.771545, 40.667963 ], [ -73.773425, 40.668028 ], [ -73.774311, 40.667982 ], [ -73.775224, 40.667915 ], [ -73.776164, 40.667867 ], [ -73.777013, 40.667776 ], [ -73.777913, 40.667715 ], [ -73.779705, 40.66759 ], [ -73.78062, 40.667526 ], [ -73.781796, 40.667421 ], [ -73.782654, 40.667369 ], [ -73.7833, 40.667315 ], [ -73.785025, 40.66723 ], [ -73.785664, 40.667188 ], [ -73.78697, 40.667085 ], [ -73.78941, 40.666841 ], [ -73.790395, 40.666888 ], [ -73.79047, 40.666895 ], [ -73.791299, 40.66697 ], [ -73.792174, 40.66704 ], [ -73.793062, 40.667087 ], [ -73.79323, 40.667074 ], [ -73.793867, 40.667472 ], [ -73.794145, 40.667653 ], [ -73.794319, 40.667744 ], [ -73.794495, 40.667822 ], [ -73.794733, 40.667908 ], [ -73.795025, 40.66802 ], [ -73.795449, 40.668185 ], [ -73.795697, 40.668273 ], [ -73.795873, 40.66832 ], [ -73.796054, 40.66833 ], [ -73.796262, 40.668328 ], [ -73.797201, 40.668157 ], [ -73.797678, 40.669387 ], [ -73.798087, 40.670442 ], [ -73.798218, 40.671327 ], [ -73.798293, 40.671937 ], [ -73.798376, 40.672531 ], [ -73.798483, 40.673349 ], [ -73.798365, 40.674087 ], [ -73.79893, 40.67414 ], [ -73.799879, 40.674224 ], [ -73.800632, 40.674307 ], [ -73.801216, 40.674344 ], [ -73.801593, 40.674376 ], [ -73.801793, 40.674394 ], [ -73.803089, 40.677037 ], [ -73.803356, 40.677644 ], [ -73.804235, 40.679416 ], [ -73.804579, 40.680129 ], [ -73.805031, 40.681146 ], [ -73.805891, 40.682897 ], [ -73.806748, 40.684683 ], [ -73.80727, 40.685699 ], [ -73.807401, 40.685946 ], [ -73.807703, 40.686516 ], [ -73.808017, 40.68706 ], [ -73.808752, 40.688329 ], [ -73.809088, 40.688929 ], [ -73.809158, 40.689058 ], [ -73.809819, 40.690256 ], [ -73.810749, 40.691917 ], [ -73.810988, 40.691855 ], [ -73.811863, 40.69163 ], [ -73.812718, 40.691408 ], [ -73.812737, 40.691545 ], [ -73.81334, 40.692772 ], [ -73.813675, 40.693452 ], [ -73.814275, 40.69468 ], [ -73.814862, 40.695878 ], [ -73.815316, 40.696822 ] ] ] } },
{ "type": "Feature", "properties": { "STATEFP": "36", "SLDLST": "033", "GEOID": "36033", "GEOIDFQ": "620L800US36033", "NAMELSAD": "Assembly District 33", "LSAD": "L3", "LSY": "2022", "MTFCC": "G5220", "FUNCSTAT": "N", "ALAND": 16442529, "AWATER": 0, "INTPTLAT": "+40.7121786", "INTPTLON": "-073.7389567", "ad_num": 33, "AssemDist": 33 }, "geometry": { "type": "Polygon", "coordinates": [ [ [ -73.775176, 40.705978 ], [ -73.774892, 40.706527 ], [ -73.774438, 40.706998 ], [ -73.773486, 40.707626 ], [ -73.771939, 40.708091 ], [ -73.769008, 40.709083 ], [ -73.76826, 40.709526 ], [ -73.767807, 40.709632 ], [ -73.766155, 40.71005 ], [ -73.765228, 40.710273 ], [ -73.764353, 40.710495 ], [ -73.763446, 40.710707 ], [ -73.762549, 40.710916 ], [ -73.761653, 40.711133 ], [ -73.760766, 40.711349 ], [ -73.759864, 40.71157 ], [ -73.75897, 40.711783 ], [ -73.758102, 40.712005 ], [ -73.758246, 40.712225 ], [ -73.759377, 40.712141 ], [ -73.758748, 40.712876 ], [ -73.759222, 40.713473 ], [ -73.758205, 40.713498 ], [ -73.757137, 40.713498 ], [ -73.756242, 40.713502 ], [ -73.756068, 40.713504 ], [ -73.756404, 40.713986 ], [ -73.757582, 40.715565 ], [ -73.758952, 40.717404 ], [ -73.76003, 40.718847 ], [ -73.761138, 40.720329 ], [ -73.7603, 40.72066 ], [ -73.759772, 40.720907 ], [ -73.759441, 40.721063 ], [ -73.758676, 40.7216 ], [ -73.757974, 40.722091 ], [ -73.757286, 40.72257 ], [ -73.756547, 40.723088 ], [ -73.755771, 40.72364 ], [ -73.755034, 40.724118 ], [ -73.754969, 40.72416 ], [ -73.754087, 40.724695 ], [ -73.753354, 40.725144 ], [ -73.752608, 40.725581 ], [ -73.751721, 40.726006 ], [ -73.750831, 40.726431 ], [ -73.750034, 40.72681 ], [ -73.749212, 40.727201 ], [ -73.748423, 40.727578 ], [ -73.747635, 40.728027 ], [ -73.747186, 40.7283 ], [ -73.747094, 40.728312 ], [ -73.746846, 40.728443 ], [ -73.746399, 40.728653 ], [ -73.746041, 40.728822 ], [ -73.745294, 40.729281 ], [ -73.744591, 40.729726 ], [ -73.743764, 40.730227 ], [ -73.742421, 40.729919 ], [ -73.740702, 40.729533 ], [ -73.739403, 40.729243 ], [ -73.739049, 40.729165 ], [ -73.738715, 40.729086 ], [ -73.738402, 40.729012 ], [ -73.738156, 40.728957 ], [ -73.737971, 40.728915 ], [ -73.737155, 40.728732 ], [ -73.737138, 40.728969 ], [ -73.736594, 40.730356 ], [ -73.736481, 40.730657 ], [ -73.736317, 40.731043 ], [ -73.735139, 40.731012 ], [ -73.734023, 40.730983 ], [ -73.732911, 40.730952 ], [ -73.732186, 40.732867 ], [ -73.731277, 40.732714 ], [ -73.730985, 40.732665 ], [ -73.730721, 40.732654 ], [ -73.730456, 40.732656 ], [ -73.730191, 40.732671 ], [ -73.729928, 40.732701 ], [ -73.729637, 40.73275 ], [ -73.729416, 40.732799 ], [ -73.728212, 40.733057 ], [ -73.726991, 40.73332 ], [ -73.726366, 40.733455 ], [ -73.726105, 40.73351 ], [ -73.725464, 40.73365 ], [ -73.725246, 40.733696 ], [ -73.724555, 40.733845 ], [ -73.724044, 40.73394 ], [ -73.72365, 40.734032 ], [ -73.723264, 40.734122 ], [ -73.722825, 40.734215 ], [ -73.722675, 40.734247 ], [ -73.722691, 40.734556 ], [ -73.722698, 40.734775 ], [ -73.722764, 40.735182 ], [ -73.722852, 40.7356 ], [ -73.722954, 40.735941 ], [ -73.722974, 40.736001 ], [ -73.723059, 40.736253 ], [ -73.723128, 40.736416 ], [ -73.723256, 40.736701 ], [ -73.723865, 40.738135 ], [ -73.723898, 40.738296 ], [ -73.724188, 40.7387 ], [ -73.723374, 40.738261 ], [ -73.722485, 40.738452 ], [ -73.721581, 40.738647 ], [ -73.720677, 40.738841 ], [ -73.719776, 40.739035 ], [ -73.718873, 40.739229 ], [ -73.71797, 40.739423 ], [ -73.717069, 40.739617 ], [ -73.71589, 40.73987 ], [ -73.715783, 40.739894 ], [ -73.715169, 40.740027 ], [ -73.714265, 40.740221 ], [ -73.713363, 40.740416 ], [ -73.71246, 40.740609 ], [ -73.711557, 40.740802 ], [ -73.710653, 40.740996 ], [ -73.709749, 40.74119 ], [ -73.708846, 40.741384 ], [ -73.707947, 40.741578 ], [ -73.70701, 40.741779 ], [ -73.706073, 40.74198 ], [ -73.705169, 40.742175 ], [ -73.704266, 40.742369 ], [ -73.703346, 40.742568 ], [ -73.702424, 40.742763 ], [ -73.702151, 40.742825 ], [ -73.701074, 40.74307 ], [ -73.700582, 40.743184 ], [ -73.70036, 40.741031 ], [ -73.700169, 40.73954 ], [ -73.700384, 40.73919 ], [ -73.700506, 40.739061 ], [ -73.700531, 40.738992 ], [ -73.700639, 40.738828 ], [ -73.700715, 40.738711 ], [ -73.700848, 40.738534 ], [ -73.70095, 40.738391 ], [ -73.701032, 40.738264 ], [ -73.701267, 40.737905 ], [ -73.701487, 40.737555 ], [ -73.701586, 40.737403 ], [ -73.701829, 40.737022 ], [ -73.702069, 40.73667 ], [ -73.702102, 40.736619 ], [ -73.702202, 40.736464 ], [ -73.702235, 40.736415 ], [ -73.702334, 40.736266 ], [ -73.702699, 40.735723 ], [ -73.702738, 40.735665 ], [ -73.703028, 40.735226 ], [ -73.703116, 40.735087 ], [ -73.70337, 40.734711 ], [ -73.703461, 40.734566 ], [ -73.703512, 40.734489 ], [ -73.703725, 40.734165 ], [ -73.704021, 40.733732 ], [ -73.704565, 40.732897 ], [ -73.704674, 40.732714 ], [ -73.705179, 40.73193 ], [ -73.705304, 40.731756 ], [ -73.70586, 40.730917 ], [ -73.706543, 40.729883 ], [ -73.706691, 40.729666 ], [ -73.707165, 40.728933 ], [ -73.707747, 40.72805 ], [ -73.707902, 40.727837 ], [ -73.707939, 40.727771 ], [ -73.708575, 40.727635 ], [ -73.70912, 40.727519 ], [ -73.709679, 40.7274 ], [ -73.70976, 40.727382 ], [ -73.709941, 40.727345 ], [ -73.710311, 40.727266 ], [ -73.710485, 40.72723 ], [ -73.710499, 40.727227 ], [ -73.710913, 40.727173 ], [ -73.71178, 40.727059 ], [ -73.712403, 40.726978 ], [ -73.712764, 40.726931 ], [ -73.713446, 40.726842 ], [ -73.714075, 40.72676 ], [ -73.714141, 40.726751 ], [ -73.714879, 40.726658 ], [ -73.714972, 40.726647 ], [ -73.715865, 40.726541 ], [ -73.715947, 40.72653 ], [ -73.716494, 40.726454 ], [ -73.716899, 40.726387 ], [ -73.717267, 40.726301 ], [ -73.717527, 40.726242 ], [ -73.717854, 40.726157 ], [ -73.718288, 40.726043 ], [ -73.719988, 40.725597 ], [ -73.720387, 40.725487 ], [ -73.720919, 40.725341 ], [ -73.721196, 40.725265 ], [ -73.721341, 40.725225 ], [ -73.722051, 40.725026 ], [ -73.7225, 40.7249 ], [ -73.722576, 40.724879 ], [ -73.722909, 40.72479 ], [ -73.722929, 40.724784 ], [ -73.723431, 40.724649 ], [ -73.723745, 40.724575 ], [ -73.724026, 40.724501 ], [ -73.724141, 40.724469 ], [ -73.724404, 40.724395 ], [ -73.724551, 40.72435 ], [ -73.72472, 40.724298 ], [ -73.724848, 40.724259 ], [ -73.72508, 40.724196 ], [ -73.725526, 40.724076 ], [ -73.725683, 40.724025 ], [ -73.726032, 40.723912 ], [ -73.726453, 40.723756 ], [ -73.726465, 40.723751 ], [ -73.726932, 40.723569 ], [ -73.727213, 40.723453 ], [ -73.727331, 40.723407 ], [ -73.727497, 40.723343 ], [ -73.727985, 40.723159 ], [ -73.728066, 40.723129 ], [ -73.728175, 40.723092 ], [ -73.728261, 40.723063 ], [ -73.728783, 40.722876 ], [ -73.729234, 40.722705 ], [ -73.729503, 40.722595 ], [ -73.729648, 40.722518 ], [ -73.729885, 40.722393 ], [ -73.730326, 40.722157 ], [ -73.729695, 40.720571 ], [ -73.729661, 40.720483 ], [ -73.729433, 40.719865 ], [ -73.729255, 40.719381 ], [ -73.729176, 40.719167 ], [ -73.72894, 40.718306 ], [ -73.728576, 40.71698 ], [ -73.728554, 40.716898 ], [ -73.728501, 40.716706 ], [ -73.728418, 40.716391 ], [ -73.728313, 40.715998 ], [ -73.728188, 40.715524 ], [ -73.728064, 40.715051 ], [ -73.727698, 40.713662 ], [ -73.727511, 40.712951 ], [ -73.727364, 40.712392 ], [ -73.727332, 40.712272 ], [ -73.727317, 40.712216 ], [ -73.727165, 40.711588 ], [ -73.727094, 40.711293 ], [ -73.727086, 40.711259 ], [ -73.726971, 40.710715 ], [ -73.7269, 40.709997 ], [ -73.726896, 40.709976 ], [ -73.727047, 40.709497 ], [ -73.726895, 40.7058 ], [ -73.726871, 40.705237 ], [ -73.726835, 40.704406 ], [ -73.726781, 40.703145 ], [ -73.726779, 40.703082 ], [ -73.726772, 40.702954 ], [ -73.726767, 40.702872 ], [ -73.726762, 40.702768 ], [ -73.726746, 40.702473 ], [ -73.726728, 40.702146 ], [ -73.726751, 40.70208 ], [ -73.726783, 40.701987 ], [ -73.726738, 40.701588 ], [ -73.726713, 40.701448 ], [ -73.726654, 40.701112 ], [ -73.726544, 40.698983 ], [ -73.726525, 40.698258 ], [ -73.726511, 40.697781 ], [ -73.726509, 40.697522 ], [ -73.726503, 40.696886 ], [ -73.726263, 40.690773 ], [ -73.726258, 40.690611 ], [ -73.726259, 40.690269 ], [ -73.726239, 40.689815 ], [ -73.726231, 40.68966 ], [ -73.726217, 40.689306 ], [ -73.7262, 40.688984 ], [ -73.726175, 40.68865 ], [ -73.726158, 40.68847 ], [ -73.726089, 40.687774 ], [ -73.725996, 40.686932 ], [ -73.725941, 40.686399 ], [ -73.725926, 40.686225 ], [ -73.725918, 40.686099 ], [ -73.725911, 40.686085 ], [ -73.725878, 40.685514 ], [ -73.725798, 40.684354 ], [ -73.725821, 40.68395 ], [ -73.725843, 40.683575 ], [ -73.725861, 40.683223 ], [ -73.726583, 40.683418 ], [ -73.726754, 40.683464 ], [ -73.727183, 40.683597 ], [ -73.727852, 40.6838 ], [ -73.728721, 40.684062 ], [ -73.729591, 40.684325 ], [ -73.730458, 40.684587 ], [ -73.731327, 40.684851 ], [ -73.73222, 40.685121 ], [ -73.733085, 40.685383 ], [ -73.73323, 40.685424 ], [ -73.7336, 40.685529 ], [ -73.73396, 40.685639 ], [ -73.734649, 40.68585 ], [ -73.73483, 40.685906 ], [ -73.7357, 40.686173 ], [ -73.736578, 40.686438 ], [ -73.737442, 40.686701 ], [ -73.738314, 40.686965 ], [ -73.739186, 40.687228 ], [ -73.740061, 40.687491 ], [ -73.741041, 40.68779 ], [ -73.741779, 40.688044 ], [ -73.744434, 40.688841 ], [ -73.745303, 40.689104 ], [ -73.746174, 40.689369 ], [ -73.746694, 40.689541 ], [ -73.746984, 40.689637 ], [ -73.74722, 40.689715 ], [ -73.747342, 40.68977 ], [ -73.74766, 40.689913 ], [ -73.747719, 40.68994 ], [ -73.748123, 40.690131 ], [ -73.748687, 40.689281 ], [ -73.749213, 40.688545 ], [ -73.750384, 40.690382 ], [ -73.750597, 40.690307 ], [ -73.751199, 40.690087 ], [ -73.751323, 40.690045 ], [ -73.75158, 40.690346 ], [ -73.752105, 40.691447 ], [ -73.752908, 40.693125 ], [ -73.753752, 40.692889 ], [ -73.75423, 40.693897 ], [ -73.753958, 40.693971 ], [ -73.754645, 40.695489 ], [ -73.755532, 40.695257 ], [ -73.75484, 40.693728 ], [ -73.755082, 40.69366 ], [ -73.756016, 40.693404 ], [ -73.756869, 40.693172 ], [ -73.757727, 40.692938 ], [ -73.758565, 40.692706 ], [ -73.759411, 40.69247 ], [ -73.76026, 40.692232 ], [ -73.761103, 40.691994 ], [ -73.762385, 40.691668 ], [ -73.763742, 40.691803 ], [ -73.764117, 40.691882 ], [ -73.765394, 40.692065 ], [ -73.765214, 40.692789 ], [ -73.766425, 40.693853 ], [ -73.767011, 40.694409 ], [ -73.767586, 40.694975 ], [ -73.768797, 40.696164 ], [ -73.769294, 40.69665 ], [ -73.768834, 40.696904 ], [ -73.768576, 40.697031 ], [ -73.76728, 40.697217 ], [ -73.76681, 40.697297 ], [ -73.766062, 40.697412 ], [ -73.764805, 40.697614 ], [ -73.764093, 40.697727 ], [ -73.763978, 40.697748 ], [ -73.763539, 40.697814 ], [ -73.76282, 40.698719 ], [ -73.762615, 40.698697 ], [ -73.762708, 40.698859 ], [ -73.763005, 40.699338 ], [ -73.763192, 40.6996 ], [ -73.763506, 40.699969 ], [ -73.763774, 40.700259 ], [ -73.764101, 40.700568 ], [ -73.764412, 40.700844 ], [ -73.764763, 40.701157 ], [ -73.765083, 40.701428 ], [ -73.765439, 40.701743 ], [ -73.765745, 40.702003 ], [ -73.766125, 40.702334 ], [ -73.766369, 40.702563 ], [ -73.766573, 40.702752 ], [ -73.766991, 40.703141 ], [ -73.767211, 40.703367 ], [ -73.767498, 40.703494 ], [ -73.767717, 40.70358 ], [ -73.767852, 40.703621 ], [ -73.768483, 40.703769 ], [ -73.768806, 40.70386 ], [ -73.769494, 40.704046 ], [ -73.769833, 40.70413 ], [ -73.770883, 40.704403 ], [ -73.771862, 40.704639 ], [ -73.772775, 40.70481 ], [ -73.772921, 40.705398 ], [ -73.773835, 40.70524 ], [ -73.774181, 40.705087 ], [ -73.775037, 40.705233 ], [ -73.775176, 40.705978 ] ] ] } },
{ "type": "Feature", "properties": { "STATEFP": "36", "SLDLST": "023", "GEOID": "36023", "GEOIDFQ": "620L800US36023", "NAMELSAD": "Assembly District 23", "LSAD": "L3", "LSY": "2022", "MTFCC": "G5220", "FUNCSTAT": "N", "ALAND": 30551299, "AWATER": 156127626, "INTPTLAT": "+40.5617315", "INTPTLON": "-073.8838692", "ad_num": 23, "AssemDist": 23 }, "geometry": { "type": "Polygon", "coordinates": [ [ [ -74.038131, 40.538294 ], [ -74.037494, 40.54279 ], [ -74.036672, 40.54837 ], [ -74.03667, 40.548384 ], [ -74.036551, 40.549194 ], [ -74.036549, 40.549209 ], [ -74.0363, 40.550905 ], [ -74.036298, 40.550948 ], [ -74.036297, 40.550969 ], [ -74.036293, 40.551042 ], [ -73.997087, 40.557283 ], [ -73.959715, 40.563013 ], [ -73.959281, 40.563079 ], [ -73.958844, 40.56315 ], [ -73.952309, 40.564208 ], [ -73.95167, 40.564312 ], [ -73.951409, 40.564343 ], [ -73.951195, 40.564368 ], [ -73.951009, 40.56439 ], [ -73.950703, 40.564427 ], [ -73.94988, 40.564555 ], [ -73.945004, 40.565313 ], [ -73.936525, 40.566436 ], [ -73.934894, 40.566652 ], [ -73.933448, 40.566914 ], [ -73.933363, 40.566929 ], [ -73.932716, 40.567034 ], [ -73.928717, 40.567681 ], [ -73.92807, 40.567786 ], [ -73.927424, 40.567887 ], [ -73.926236, 40.568072 ], [ -73.918487, 40.569284 ], [ -73.904908, 40.571407 ], [ -73.903871, 40.571619 ], [ -73.902874, 40.5717 ], [ -73.890518, 40.572705 ], [ -73.886292, 40.573505 ], [ -73.885069, 40.573749 ], [ -73.879222, 40.574656 ], [ -73.871613, 40.578438 ], [ -73.871418, 40.578535 ], [ -73.871212, 40.578611 ], [ -73.870239, 40.57897 ], [ -73.869232, 40.579342 ], [ -73.868425, 40.579757 ], [ -73.867661, 40.580151 ], [ -73.86751, 40.580229 ], [ -73.867374, 40.580299 ], [ -73.866005, 40.581001 ], [ -73.865607, 40.581205 ], [ -73.859492, 40.583938 ], [ -73.855106, 40.585899 ], [ -73.854937, 40.585974 ], [ -73.853522, 40.586592 ], [ -73.849852, 40.588669 ], [ -73.847386, 40.592028 ], [ -73.84668, 40.593209 ], [ -73.844437, 40.595855 ], [ -73.842017, 40.598313 ], [ -73.835876, 40.605637 ], [ -73.834463, 40.607193 ], [ -73.834283, 40.609186 ], [ -73.834054, 40.613455 ], [ -73.834008, 40.614425 ], [ -73.8337, 40.620922 ], [ -73.833452, 40.626149 ], [ -73.833422, 40.626782 ], [ -73.8334, 40.627449 ], [ -73.833393, 40.627674 ], [ -73.833041, 40.628261 ], [ -73.835376, 40.630315 ], [ -73.835769, 40.630678 ], [ -73.836238, 40.631111 ], [ -73.836595, 40.631548 ], [ -73.837091, 40.632155 ], [ -73.837379, 40.632506 ], [ -73.837652, 40.63284 ], [ -73.838111, 40.633298 ], [ -73.838298, 40.633485 ], [ -73.842955, 40.63814 ], [ -73.848338, 40.643521 ], [ -73.854938, 40.64265 ], [ -73.855021, 40.643098 ], [ -73.856148, 40.649198 ], [ -73.856537, 40.649916 ], [ -73.856652, 40.650129 ], [ -73.856962, 40.650584 ], [ -73.85898, 40.652675 ], [ -73.859755, 40.654104 ], [ -73.859907, 40.654229 ], [ -73.860422, 40.654612 ], [ -73.860483, 40.654659 ], [ -73.860567, 40.654751 ], [ -73.860594, 40.65478 ], [ -73.860635, 40.654824 ], [ -73.860676, 40.654868 ], [ -73.860964, 40.65518 ], [ -73.860988, 40.655212 ], [ -73.861658, 40.65611 ], [ -73.862193, 40.656829 ], [ -73.862438, 40.657258 ], [ -73.8627, 40.657623 ], [ -73.863171, 40.658277 ], [ -73.861508, 40.65905 ], [ -73.861222, 40.659221 ], [ -73.86036, 40.659646 ], [ -73.860138, 40.659676 ], [ -73.859387, 40.659773 ], [ -73.858514, 40.659899 ], [ -73.857615, 40.660119 ], [ -73.857922, 40.661319 ], [ -73.858025, 40.661721 ], [ -73.85837, 40.663182 ], [ -73.85843, 40.663453 ], [ -73.857536, 40.663598 ], [ -73.856591, 40.663747 ], [ -73.856117, 40.663808 ], [ -73.855685, 40.663867 ], [ -73.856063, 40.665511 ], [ -73.856115, 40.665729 ], [ -73.856425, 40.667033 ], [ -73.856459, 40.667159 ], [ -73.856847, 40.668603 ], [ -73.857226, 40.670094 ], [ -73.857252, 40.670198 ], [ -73.857282, 40.670312 ], [ -73.857309, 40.670419 ], [ -73.857633, 40.671656 ], [ -73.858555, 40.671533 ], [ -73.859391, 40.671394 ], [ -73.859474, 40.671381 ], [ -73.860389, 40.671269 ], [ -73.860775, 40.672806 ], [ -73.861077, 40.674021 ], [ -73.861064, 40.674343 ], [ -73.861318, 40.675021 ], [ -73.861373, 40.675236 ], [ -73.861397, 40.675335 ], [ -73.861554, 40.675973 ], [ -73.861712, 40.676611 ], [ -73.861915, 40.67743 ], [ -73.862028, 40.677886 ], [ -73.862346, 40.679165 ], [ -73.863282, 40.679073 ], [ -73.863316, 40.679214 ], [ -73.863349, 40.679352 ], [ -73.862296, 40.679632 ], [ -73.861564, 40.679839 ], [ -73.861423, 40.679879 ], [ -73.860659, 40.680099 ], [ -73.860531, 40.680135 ], [ -73.859779, 40.680349 ], [ -73.85966, 40.680383 ], [ -73.858786, 40.68063 ], [ -73.857907, 40.68088 ], [ -73.857043, 40.681127 ], [ -73.856198, 40.681367 ], [ -73.855353, 40.681607 ], [ -73.854496, 40.681851 ], [ -73.853664, 40.682088 ], [ -73.852819, 40.682331 ], [ -73.851979, 40.682564 ], [ -73.851129, 40.682809 ], [ -73.850284, 40.683049 ], [ -73.849422, 40.683295 ], [ -73.848543, 40.683544 ], [ -73.847662, 40.683794 ], [ -73.846784, 40.684045 ], [ -73.846265, 40.684192 ], [ -73.846151, 40.684224 ], [ -73.846036, 40.684257 ], [ -73.845926, 40.684288 ], [ -73.844918, 40.684576 ], [ -73.844215, 40.684775 ], [ -73.843352, 40.68502 ], [ -73.842476, 40.685269 ], [ -73.842231, 40.685338 ], [ -73.842175, 40.685354 ], [ -73.841196, 40.683351 ], [ -73.840516, 40.681856 ], [ -73.84022, 40.68121 ], [ -73.840188, 40.681136 ], [ -73.840129, 40.681147 ], [ -73.840046, 40.681163 ], [ -73.839963, 40.681179 ], [ -73.839922, 40.681187 ], [ -73.839521, 40.679962 ], [ -73.83883, 40.679862 ], [ -73.838455, 40.679811 ], [ -73.837806, 40.67972 ], [ -73.836781, 40.679571 ], [ -73.836391, 40.679473 ], [ -73.83565, 40.679273 ], [ -73.834462, 40.678944 ], [ -73.834185, 40.678874 ], [ -73.834109, 40.678853 ], [ -73.833325, 40.678657 ], [ -73.833015, 40.678589 ], [ -73.832206, 40.678408 ], [ -73.83211, 40.678386 ], [ -73.831624, 40.678275 ], [ -73.831083, 40.678151 ], [ -73.83094, 40.67812 ], [ -73.829947, 40.677904 ], [ -73.828837, 40.677692 ], [ -73.827595, 40.677501 ], [ -73.826447, 40.67732 ], [ -73.825781, 40.677207 ], [ -73.825406, 40.677147 ], [ -73.824673, 40.677031 ], [ -73.825252, 40.675168 ], [ -73.825818, 40.673353 ], [ -73.826385, 40.671533 ], [ -73.826953, 40.669718 ], [ -73.827518, 40.667898 ], [ -73.828079, 40.66609 ], [ -73.829333, 40.666101 ], [ -73.83025, 40.66612 ], [ -73.831021, 40.666209 ], [ -73.831567, 40.666312 ], [ -73.83254, 40.666539 ], [ -73.833312, 40.666759 ], [ -73.83294, 40.665892 ], [ -73.832884, 40.66576 ], [ -73.832705, 40.665406 ], [ -73.831742, 40.665182 ], [ -73.831781, 40.663674 ], [ -73.830964, 40.6621 ], [ -73.830222, 40.660526 ], [ -73.82987, 40.659967 ], [ -73.829801, 40.659511 ], [ -73.828712, 40.65706 ], [ -73.828392, 40.65603 ], [ -73.826907, 40.650294 ], [ -73.826848, 40.650074 ], [ -73.82678, 40.649772 ], [ -73.82641, 40.648261 ], [ -73.825531, 40.645018 ], [ -73.825337, 40.644248 ], [ -73.824193, 40.639954 ], [ -73.823376, 40.638988 ], [ -73.822771, 40.635577 ], [ -73.822538, 40.635158 ], [ -73.822218, 40.634427 ], [ -73.822093, 40.633756 ], [ -73.82189, 40.633095 ], [ -73.821841, 40.632424 ], [ -73.821846, 40.63204 ], [ -73.821075, 40.629734 ], [ -73.820814, 40.62939 ], [ -73.820591, 40.628924 ], [ -73.820159, 40.62836 ], [ -73.820052, 40.628185 ], [ -73.819989, 40.628032 ], [ -73.819849, 40.627796 ], [ -73.819734, 40.627712 ], [ -73.819478, 40.627629 ], [ -73.817964, 40.627106 ], [ -73.818008, 40.626476 ], [ -73.817698, 40.625962 ], [ -73.817085, 40.625279 ], [ -73.816115, 40.624605 ], [ -73.816086, 40.624315 ], [ -73.81673, 40.623872 ], [ -73.817953, 40.624093 ], [ -73.818917, 40.62309 ], [ -73.818813, 40.622562 ], [ -73.818253, 40.622094 ], [ -73.817786, 40.621938 ], [ -73.817787, 40.621672 ], [ -73.81697, 40.621492 ], [ -73.816911, 40.62187 ], [ -73.816531, 40.622003 ], [ -73.815939, 40.621631 ], [ -73.815715, 40.62149 ], [ -73.815432, 40.620117 ], [ -73.816391, 40.619622 ], [ -73.816825, 40.619462 ], [ -73.817181, 40.619267 ], [ -73.817444, 40.618912 ], [ -73.817446, 40.618111 ], [ -73.817647, 40.617612 ], [ -73.817774, 40.617501 ], [ -73.817757, 40.617307 ], [ -73.817587, 40.616878 ], [ -73.817477, 40.616333 ], [ -73.817168, 40.615843 ], [ -73.817119, 40.615282 ], [ -73.816527, 40.614947 ], [ -73.811435, 40.615831 ], [ -73.809753, 40.614276 ], [ -73.814652, 40.605252 ], [ -73.814292, 40.604457 ], [ -73.813397, 40.604364 ], [ -73.811776, 40.603171 ], [ -73.810787, 40.603287 ], [ -73.810511, 40.602533 ], [ -73.809863, 40.601896 ], [ -73.809951, 40.601807 ], [ -73.809997, 40.601696 ], [ -73.810034, 40.601611 ], [ -73.810024, 40.601466 ], [ -73.80995, 40.601385 ], [ -73.809943, 40.601263 ], [ -73.809995, 40.601201 ], [ -73.810039, 40.60109 ], [ -73.810036, 40.60103 ], [ -73.810026, 40.600861 ], [ -73.809979, 40.600781 ], [ -73.809928, 40.600625 ], [ -73.809861, 40.600477 ], [ -73.809851, 40.600366 ], [ -73.809939, 40.600254 ], [ -73.810001, 40.600184 ], [ -73.810015, 40.600109 ], [ -73.810001, 40.600029 ], [ -73.810144, 40.600055 ], [ -73.809988, 40.599883 ], [ -73.810101, 40.599845 ], [ -73.810189, 40.59986 ], [ -73.81024, 40.599772 ], [ -73.810302, 40.599604 ], [ -73.810255, 40.599505 ], [ -73.810293, 40.599342 ], [ -73.810357, 40.599262 ], [ -73.810331, 40.599127 ], [ -73.810331, 40.59895 ], [ -73.810416, 40.598883 ], [ -73.810551, 40.59876 ], [ -73.810686, 40.598699 ], [ -73.810859, 40.59864 ], [ -73.810962, 40.598557 ], [ -73.811186, 40.598579 ], [ -73.811375, 40.598559 ], [ -73.81149, 40.598371 ], [ -73.811576, 40.598141 ], [ -73.810843, 40.59635 ], [ -73.810285, 40.595073 ], [ -73.809955, 40.594332 ], [ -73.809661, 40.593561 ], [ -73.809701, 40.593534 ], [ -73.809528, 40.593009 ], [ -73.809503, 40.592876 ], [ -73.809506, 40.592775 ], [ -73.809616, 40.592537 ], [ -73.809634, 40.592495 ], [ -73.809668, 40.59247 ], [ -73.809691, 40.592454 ], [ -73.809743, 40.592695 ], [ -73.809799, 40.59272 ], [ -73.809795, 40.592658 ], [ -73.809764, 40.592646 ], [ -73.809731, 40.592404 ], [ -73.809778, 40.592399 ], [ -73.809803, 40.592058 ], [ -73.810031, 40.592185 ], [ -73.810202, 40.592226 ], [ -73.81059, 40.592137 ], [ -73.810795, 40.592094 ], [ -73.81094, 40.592547 ], [ -73.811358, 40.592463 ], [ -73.811373, 40.592684 ], [ -73.81075, 40.592792 ], [ -73.810757, 40.592811 ], [ -73.811373, 40.592703 ], [ -73.811374, 40.592861 ], [ -73.811028, 40.592987 ], [ -73.811073, 40.593022 ], [ -73.811408, 40.592871 ], [ -73.811386, 40.592442 ], [ -73.811107, 40.592476 ], [ -73.810954, 40.592489 ], [ -73.810825, 40.592088 ], [ -73.810896, 40.592062 ], [ -73.810879, 40.592011 ], [ -73.81089, 40.591957 ], [ -73.810945, 40.591824 ], [ -73.811008, 40.591768 ], [ -73.811149, 40.591758 ], [ -73.811326, 40.591746 ], [ -73.811361, 40.591981 ], [ -73.811399, 40.592101 ], [ -73.81143, 40.592255 ], [ -73.811436, 40.592508 ], [ -73.811466, 40.592628 ], [ -73.811479, 40.592742 ], [ -73.811473, 40.592854 ], [ -73.811478, 40.592916 ], [ -73.811507, 40.592894 ], [ -73.811562, 40.59285 ], [ -73.811574, 40.592829 ], [ -73.811561, 40.592728 ], [ -73.811529, 40.592493 ], [ -73.811517, 40.592315 ], [ -73.811532, 40.592259 ], [ -73.811504, 40.592191 ], [ -73.811567, 40.592149 ], [ -73.811535, 40.592089 ], [ -73.811513, 40.591958 ], [ -73.811513, 40.591783 ], [ -73.811569, 40.591694 ], [ -73.811703, 40.591594 ], [ -73.811674, 40.591299 ], [ -73.81161, 40.590475 ], [ -73.811054, 40.590451 ], [ -73.810951, 40.5895 ], [ -73.81093, 40.589297 ], [ -73.811448, 40.589017 ], [ -73.811252, 40.587567 ], [ -73.812157, 40.587445 ], [ -73.812208, 40.587955 ], [ -73.812273, 40.588621 ], [ -73.813141, 40.588268 ], [ -73.81439, 40.587782 ], [ -73.813846, 40.587075 ], [ -73.813197, 40.586238 ], [ -73.812088, 40.586514 ], [ -73.810638, 40.586875 ], [ -73.810338, 40.586951 ], [ -73.809789, 40.586989 ], [ -73.809865, 40.587742 ], [ -73.807283, 40.588001 ], [ -73.806346, 40.58808 ], [ -73.805144, 40.588215 ], [ -73.804735, 40.588269 ], [ -73.804305, 40.588327 ], [ -73.803512, 40.588486 ], [ -73.803497, 40.588489 ], [ -73.802749, 40.588668 ], [ -73.801991, 40.588869 ], [ -73.801005, 40.589108 ], [ -73.800343, 40.589321 ], [ -73.800168, 40.589378 ], [ -73.799587, 40.589589 ], [ -73.799339, 40.589664 ], [ -73.798814, 40.589836 ], [ -73.798472, 40.58996 ], [ -73.797861, 40.590167 ], [ -73.796883, 40.590486 ], [ -73.795992, 40.590724 ], [ -73.795899, 40.590751 ], [ -73.795138, 40.59097 ], [ -73.794972, 40.591018 ], [ -73.79444, 40.591148 ], [ -73.794068, 40.591242 ], [ -73.793971, 40.591266 ], [ -73.793151, 40.591487 ], [ -73.792325, 40.591697 ], [ -73.791349, 40.591926 ], [ -73.791303, 40.591202 ], [ -73.791256, 40.590755 ], [ -73.791207, 40.590233 ], [ -73.791191, 40.590055 ], [ -73.791172, 40.58986 ], [ -73.79107, 40.588747 ], [ -73.791047, 40.588499 ], [ -73.791019, 40.588191 ], [ -73.79016, 40.588404 ], [ -73.789284, 40.588677 ], [ -73.788582, 40.588896 ], [ -73.787301, 40.589295 ], [ -73.785959, 40.589713 ], [ -73.785994, 40.589972 ], [ -73.786175, 40.591328 ], [ -73.786257, 40.591938 ], [ -73.786388, 40.592084 ], [ -73.785708, 40.592083 ], [ -73.785062, 40.5922 ], [ -73.784291, 40.592446 ], [ -73.783375, 40.592722 ], [ -73.783612, 40.595145 ], [ -73.781836, 40.595267 ], [ -73.780916, 40.595325 ], [ -73.779939, 40.595382 ], [ -73.779036, 40.595444 ], [ -73.778801, 40.593387 ], [ -73.777979, 40.593461 ], [ -73.777154, 40.593545 ], [ -73.776318, 40.593623 ], [ -73.775489, 40.593676 ], [ -73.775377, 40.593683 ], [ -73.774542, 40.59375 ], [ -73.773675, 40.593893 ], [ -73.772808, 40.594074 ], [ -73.772713, 40.593321 ], [ -73.772701, 40.593123 ], [ -73.771844, 40.593292 ], [ -73.771496, 40.593405 ], [ -73.771094, 40.593536 ], [ -73.770231, 40.593975 ], [ -73.770268, 40.594192 ], [ -73.767604, 40.595803 ], [ -73.767669, 40.596024 ], [ -73.767718, 40.596261 ], [ -73.768067, 40.597911 ], [ -73.768037, 40.597983 ], [ -73.768008, 40.598045 ], [ -73.767975, 40.598071 ], [ -73.76795, 40.5981 ], [ -73.767935, 40.598136 ], [ -73.76796, 40.598154 ], [ -73.768023, 40.598189 ], [ -73.768044, 40.598197 ], [ -73.768123, 40.598228 ], [ -73.768141, 40.598236 ], [ -73.768172, 40.598265 ], [ -73.768205, 40.598303 ], [ -73.76824, 40.598322 ], [ -73.768293, 40.598329 ], [ -73.768397, 40.598357 ], [ -73.768474, 40.598362 ], [ -73.768554, 40.598359 ], [ -73.768633, 40.598377 ], [ -73.768701, 40.598385 ], [ -73.768797, 40.598389 ], [ -73.768905, 40.598397 ], [ -73.768903, 40.59845 ], [ -73.768931, 40.598468 ], [ -73.76898, 40.598453 ], [ -73.769021, 40.598487 ], [ -73.76905, 40.59851 ], [ -73.769104, 40.598514 ], [ -73.769189, 40.598509 ], [ -73.769251, 40.598504 ], [ -73.769309, 40.598529 ], [ -73.769424, 40.598564 ], [ -73.7696, 40.598618 ], [ -73.769674, 40.598633 ], [ -73.769736, 40.598656 ], [ -73.769788, 40.598686 ], [ -73.769828, 40.598707 ], [ -73.769944, 40.598751 ], [ -73.770016, 40.598784 ], [ -73.770066, 40.598816 ], [ -73.770118, 40.598855 ], [ -73.770177, 40.598897 ], [ -73.770274, 40.59896 ], [ -73.770346, 40.598986 ], [ -73.770407, 40.598988 ], [ -73.770477, 40.598974 ], [ -73.770512, 40.598937 ], [ -73.770555, 40.598897 ], [ -73.770673, 40.598829 ], [ -73.770725, 40.598813 ], [ -73.770824, 40.598818 ], [ -73.770914, 40.598849 ], [ -73.770982, 40.598894 ], [ -73.771011, 40.59893 ], [ -73.771037, 40.598982 ], [ -73.77105, 40.599022 ], [ -73.771062, 40.599075 ], [ -73.771065, 40.59911 ], [ -73.771063, 40.599221 ], [ -73.771137, 40.599328 ], [ -73.771158, 40.599393 ], [ -73.771147, 40.599512 ], [ -73.771094, 40.59964 ], [ -73.771087, 40.599792 ], [ -73.771103, 40.599971 ], [ -73.771139, 40.600165 ], [ -73.771112, 40.600276 ], [ -73.771177, 40.600405 ], [ -73.7711, 40.600588 ], [ -73.771041, 40.600789 ], [ -73.770944, 40.601151 ], [ -73.770817, 40.60128 ], [ -73.770738, 40.601546 ], [ -73.770753, 40.601626 ], [ -73.770803, 40.601675 ], [ -73.770847, 40.601725 ], [ -73.770881, 40.60182 ], [ -73.770781, 40.601923 ], [ -73.770652, 40.601855 ], [ -73.770474, 40.602108 ], [ -73.770397, 40.602282 ], [ -73.770344, 40.602358 ], [ -73.770275, 40.602489 ], [ -73.770233, 40.602619 ], [ -73.770186, 40.602749 ], [ -73.770289, 40.602815 ], [ -73.770397, 40.602968 ], [ -73.770358, 40.603031 ], [ -73.770253, 40.603079 ], [ -73.770135, 40.60312 ], [ -73.770272, 40.603244 ], [ -73.770297, 40.603308 ], [ -73.770339, 40.603402 ], [ -73.770403, 40.603693 ], [ -73.770474, 40.603951 ], [ -73.770444, 40.604098 ], [ -73.770468, 40.604379 ], [ -73.770465, 40.604533 ], [ -73.77054, 40.604675 ], [ -73.770565, 40.60484 ], [ -73.77049, 40.604952 ], [ -73.770279, 40.605082 ], [ -73.77015, 40.60515 ], [ -73.770088, 40.605312 ], [ -73.770005, 40.605392 ], [ -73.770068, 40.605602 ], [ -73.770026, 40.605787 ], [ -73.769852, 40.606123 ], [ -73.769836, 40.606278 ], [ -73.769861, 40.606461 ], [ -73.76992, 40.606596 ], [ -73.770002, 40.606904 ], [ -73.770017, 40.607097 ], [ -73.769967, 40.607225 ], [ -73.769865, 40.607414 ], [ -73.769803, 40.607529 ], [ -73.769825, 40.607661 ], [ -73.769846, 40.607788 ], [ -73.769775, 40.607933 ], [ -73.76966, 40.608039 ], [ -73.769572, 40.608157 ], [ -73.769497, 40.608293 ], [ -73.769293, 40.608373 ], [ -73.769212, 40.608474 ], [ -73.769146, 40.608664 ], [ -73.769085, 40.608786 ], [ -73.769014, 40.608971 ], [ -73.768935, 40.609157 ], [ -73.768968, 40.60926 ], [ -73.769001, 40.609392 ], [ -73.769088, 40.609578 ], [ -73.769216, 40.609727 ], [ -73.769309, 40.609784 ], [ -73.769501, 40.609896 ], [ -73.769661, 40.610006 ], [ -73.769954, 40.610146 ], [ -73.770015, 40.610169 ], [ -73.770242, 40.61025 ], [ -73.770369, 40.610195 ], [ -73.770533, 40.610191 ], [ -73.77059, 40.610161 ], [ -73.770735, 40.610273 ], [ -73.770822, 40.61034 ], [ -73.770968, 40.610367 ], [ -73.771126, 40.610362 ], [ -73.771263, 40.610398 ], [ -73.771367, 40.610527 ], [ -73.771516, 40.610585 ], [ -73.771624, 40.61062 ], [ -73.771739, 40.61073 ], [ -73.771847, 40.610824 ], [ -73.771895, 40.610931 ], [ -73.771928, 40.611011 ], [ -73.771964, 40.611129 ], [ -73.77199, 40.611254 ], [ -73.772053, 40.611349 ], [ -73.772125, 40.611454 ], [ -73.77228, 40.611506 ], [ -73.772386, 40.6115 ], [ -73.772693, 40.611424 ], [ -73.773021, 40.61131 ], [ -73.773263, 40.611212 ], [ -73.773404, 40.61109 ], [ -73.773382, 40.610987 ], [ -73.773236, 40.610786 ], [ -73.773066, 40.610494 ], [ -73.772957, 40.610331 ], [ -73.772885, 40.610201 ], [ -73.772888, 40.610159 ], [ -73.772963, 40.610153 ], [ -73.773, 40.610199 ], [ -73.773066, 40.610297 ], [ -73.77341, 40.610783 ], [ -73.773492, 40.610917 ], [ -73.773605, 40.61107 ], [ -73.773724, 40.611195 ], [ -73.773781, 40.611284 ], [ -73.773807, 40.611408 ], [ -73.773811, 40.611612 ], [ -73.773855, 40.611779 ], [ -73.773886, 40.611937 ], [ -73.773914, 40.61206 ], [ -73.773971, 40.612113 ], [ -73.774018, 40.612028 ], [ -73.774081, 40.611926 ], [ -73.774131, 40.611816 ], [ -73.774172, 40.611831 ], [ -73.774132, 40.611943 ], [ -73.774092, 40.612024 ], [ -73.774043, 40.61211 ], [ -73.774033, 40.612238 ], [ -73.774014, 40.612349 ], [ -73.773977, 40.612508 ], [ -73.773935, 40.612644 ], [ -73.773901, 40.61274 ], [ -73.773855, 40.612887 ], [ -73.773817, 40.612954 ], [ -73.773726, 40.61312 ], [ -73.773688, 40.61321 ], [ -73.773621, 40.613277 ], [ -73.773567, 40.613465 ], [ -73.773448, 40.613646 ], [ -73.773315, 40.613688 ], [ -73.772999, 40.61356 ], [ -73.772663, 40.613668 ], [ -73.772416, 40.61376 ], [ -73.772166, 40.613845 ], [ -73.771702, 40.613965 ], [ -73.771566, 40.613972 ], [ -73.771213, 40.613941 ], [ -73.77108, 40.613995 ], [ -73.770807, 40.61401 ], [ -73.77039, 40.614045 ], [ -73.770069, 40.614062 ], [ -73.769809, 40.613992 ], [ -73.769331, 40.613975 ], [ -73.769067, 40.614052 ], [ -73.768858, 40.614069 ], [ -73.768371, 40.614224 ], [ -73.768259, 40.614221 ], [ -73.768031, 40.6142 ], [ -73.767684, 40.614164 ], [ -73.767172, 40.614249 ], [ -73.766819, 40.614291 ], [ -73.766599, 40.614257 ], [ -73.766409, 40.614204 ], [ -73.766195, 40.614071 ], [ -73.765972, 40.613921 ], [ -73.765525, 40.613889 ], [ -73.76521, 40.613784 ], [ -73.765149, 40.613733 ], [ -73.76506, 40.613589 ], [ -73.765026, 40.613521 ], [ -73.765016, 40.613458 ], [ -73.765028, 40.613402 ], [ -73.765053, 40.613363 ], [ -73.765121, 40.613323 ], [ -73.765146, 40.613207 ], [ -73.765153, 40.613109 ], [ -73.765157, 40.612987 ], [ -73.765146, 40.612899 ], [ -73.765121, 40.612788 ], [ -73.765108, 40.612645 ], [ -73.765118, 40.612523 ], [ -73.765109, 40.612457 ], [ -73.765044, 40.612402 ], [ -73.764982, 40.612343 ], [ -73.764994, 40.612294 ], [ -73.765053, 40.612251 ], [ -73.765104, 40.612172 ], [ -73.765119, 40.612118 ], [ -73.765087, 40.61206 ], [ -73.76506, 40.612035 ], [ -73.764987, 40.612002 ], [ -73.764811, 40.611924 ], [ -73.764595, 40.611846 ], [ -73.764354, 40.611801 ], [ -73.764199, 40.611797 ], [ -73.763998, 40.611761 ], [ -73.763842, 40.611758 ], [ -73.763722, 40.611757 ], [ -73.763613, 40.611751 ], [ -73.763517, 40.611694 ], [ -73.763425, 40.611714 ], [ -73.763273, 40.61169 ], [ -73.763163, 40.611636 ], [ -73.763026, 40.611609 ], [ -73.762897, 40.611553 ], [ -73.762686, 40.611458 ], [ -73.762541, 40.611407 ], [ -73.762396, 40.611375 ], [ -73.762299, 40.611359 ], [ -73.761724, 40.611847 ], [ -73.760236, 40.610821 ], [ -73.760767, 40.610185 ], [ -73.76087, 40.610198 ], [ -73.761173, 40.609839 ], [ -73.761782, 40.609152 ], [ -73.761544, 40.609039 ], [ -73.75998, 40.610869 ], [ -73.759491, 40.610816 ], [ -73.759736, 40.610155 ], [ -73.759824, 40.609647 ], [ -73.760953, 40.606452 ], [ -73.760874, 40.605521 ], [ -73.760838, 40.605272 ], [ -73.760742, 40.604666 ], [ -73.760652, 40.604037 ], [ -73.760401, 40.602433 ], [ -73.760431, 40.602184 ], [ -73.76046, 40.602021 ], [ -73.760532, 40.601852 ], [ -73.760598, 40.60181 ], [ -73.76108, 40.601801 ], [ -73.762567, 40.601335 ], [ -73.764446, 40.600435 ], [ -73.764927, 40.60103 ], [ -73.765284, 40.601671 ], [ -73.76609, 40.601287 ], [ -73.766678, 40.601006 ], [ -73.767803, 40.60047 ], [ -73.767742, 40.600376 ], [ -73.767663, 40.600288 ], [ -73.767569, 40.600208 ], [ -73.76746, 40.600137 ], [ -73.767341, 40.600079 ], [ -73.767071, 40.599953 ], [ -73.766542, 40.599434 ], [ -73.765997, 40.598721 ], [ -73.76547, 40.598012 ], [ -73.764968, 40.59738 ], [ -73.764645, 40.597621 ], [ -73.76387, 40.597414 ], [ -73.763335, 40.597823 ], [ -73.7632, 40.597145 ], [ -73.762357, 40.597229 ], [ -73.762156, 40.596085 ], [ -73.761302, 40.596151 ], [ -73.760409, 40.596103 ], [ -73.75962, 40.595935 ], [ -73.759392, 40.595841 ], [ -73.758407, 40.596376 ], [ -73.758768, 40.596789 ], [ -73.758588, 40.596865 ], [ -73.758397, 40.596928 ], [ -73.758198, 40.596977 ], [ -73.757995, 40.59701 ], [ -73.757794, 40.597027 ], [ -73.757684, 40.597036 ], [ -73.757109, 40.597194 ], [ -73.756758, 40.597535 ], [ -73.756596, 40.597586 ], [ -73.756439, 40.597649 ], [ -73.756292, 40.597724 ], [ -73.756155, 40.597808 ], [ -73.756029, 40.597902 ], [ -73.755882, 40.597782 ], [ -73.755716, 40.597671 ], [ -73.755534, 40.597573 ], [ -73.755338, 40.597488 ], [ -73.755131, 40.59742 ], [ -73.754916, 40.597368 ], [ -73.754698, 40.597334 ], [ -73.754479, 40.597316 ], [ -73.754262, 40.597316 ], [ -73.754251, 40.598238 ], [ -73.754237, 40.598882 ], [ -73.754068, 40.599502 ], [ -73.75391, 40.600112 ], [ -73.753754, 40.600712 ], [ -73.753356, 40.602274 ], [ -73.75285, 40.60426 ], [ -73.751837, 40.605285 ], [ -73.751131, 40.605869 ], [ -73.750254, 40.606599 ], [ -73.749592, 40.607147 ], [ -73.748691, 40.607874 ], [ -73.749244, 40.608256 ], [ -73.749962, 40.608769 ], [ -73.750629, 40.608092 ], [ -73.751262, 40.608421 ], [ -73.750916, 40.608801 ], [ -73.750418, 40.609299 ], [ -73.749872, 40.609734 ], [ -73.748995, 40.610315 ], [ -73.748096, 40.610743 ], [ -73.747198, 40.611137 ], [ -73.745633, 40.611756 ], [ -73.745492, 40.611805 ], [ -73.745169, 40.6113 ], [ -73.744451, 40.610169 ], [ -73.743676, 40.608956 ], [ -73.743623, 40.608869 ], [ -73.743451, 40.6086 ], [ -73.743311, 40.608384 ], [ -73.743215, 40.608234 ], [ -73.743059, 40.607998 ], [ -73.743146, 40.607957 ], [ -73.74307, 40.607886 ], [ -73.743204, 40.607705 ], [ -73.743393, 40.607569 ], [ -73.743551, 40.607452 ], [ -73.743292, 40.607251 ], [ -73.743213, 40.607205 ], [ -73.743168, 40.607177 ], [ -73.742873, 40.606933 ], [ -73.742464, 40.606594 ], [ -73.742074, 40.606266 ], [ -73.741772, 40.606021 ], [ -73.741148, 40.60546 ], [ -73.740571, 40.60488 ], [ -73.740291, 40.604598 ], [ -73.739463, 40.604235 ], [ -73.739402, 40.604179 ], [ -73.739235, 40.604028 ], [ -73.739029, 40.603769 ], [ -73.738901, 40.603608 ], [ -73.738785, 40.603462 ], [ -73.738733, 40.603397 ], [ -73.738585, 40.60321 ], [ -73.738519, 40.603128 ], [ -73.738499, 40.603063 ], [ -73.738492, 40.602984 ], [ -73.738463, 40.602836 ], [ -73.738422, 40.602767 ], [ -73.738358, 40.60266 ], [ -73.738265, 40.602557 ], [ -73.738269, 40.602307 ], [ -73.738289, 40.601622 ], [ -73.738371, 40.59949 ], [ -73.738396, 40.598533 ], [ -73.738397, 40.598473 ], [ -73.738401, 40.598334 ], [ -73.738405, 40.598187 ], [ -73.738422, 40.598017 ], [ -73.738438, 40.597815 ], [ -73.738447, 40.597481 ], [ -73.738447, 40.597139 ], [ -73.738449, 40.596982 ], [ -73.738466, 40.596454 ], [ -73.738465, 40.59605 ], [ -73.738464, 40.595924 ], [ -73.738463, 40.595866 ], [ -73.738092, 40.594633 ], [ -73.738078, 40.594586 ], [ -73.737977, 40.594543 ], [ -73.737925, 40.594525 ], [ -73.737819, 40.594483 ], [ -73.737704, 40.594438 ], [ -73.737656, 40.594418 ], [ -73.737637, 40.594415 ], [ -73.737604, 40.594209 ], [ -73.737521, 40.59392 ], [ -73.737451, 40.593604 ], [ -73.737421, 40.593458 ], [ -73.737414, 40.593425 ], [ -73.737226, 40.593048 ], [ -73.737185, 40.592965 ], [ -73.737232, 40.592964 ], [ -73.73839, 40.592939 ], [ -73.738468, 40.592937 ], [ -73.740019, 40.592906 ], [ -73.741628, 40.592872 ], [ -73.743237, 40.592839 ], [ -73.74338, 40.592847 ], [ -73.743604, 40.592859 ], [ -73.743829, 40.592871 ], [ -73.744469, 40.592904 ], [ -73.747749, 40.591503 ], [ -73.750978, 40.589049 ], [ -73.752121, 40.588182 ], [ -73.752371, 40.587965 ], [ -73.755183, 40.585649 ], [ -73.755502, 40.585387 ], [ -73.755567, 40.583186 ], [ -73.75557, 40.583094 ], [ -73.755701, 40.578688 ], [ -73.756909, 40.567652 ], [ -73.758047, 40.557268 ], [ -73.758256, 40.555364 ], [ -73.762234, 40.550203 ], [ -73.764932, 40.544402 ], [ -73.767272, 40.538111 ], [ -73.76763, 40.537152 ], [ -73.768739, 40.533873 ], [ -73.768781, 40.533747 ], [ -73.772964, 40.533371 ], [ -73.776981, 40.533012 ], [ -73.783969, 40.532387 ], [ -73.792855, 40.530382 ], [ -73.804242, 40.527815 ], [ -73.818919, 40.524505 ], [ -73.826158, 40.522874 ], [ -73.829875, 40.521464 ], [ -73.837816, 40.518453 ], [ -73.854843, 40.512 ], [ -73.860609, 40.508386 ], [ -73.870029, 40.502486 ], [ -73.876778, 40.501127 ], [ -73.881839, 40.49569 ], [ -73.882272, 40.49521 ], [ -73.886543, 40.489929 ], [ -73.886652, 40.489794 ], [ -73.889645, 40.486511 ], [ -73.90214, 40.492121 ], [ -73.947794, 40.50839 ], [ -73.977874, 40.519095 ], [ -74.013522, 40.513006 ], [ -74.042279, 40.508085 ], [ -74.038131, 40.538294 ] ] ] } },
{ "type": "Feature", "properties": { "STATEFP": "36", "SLDLST": "024", "GEOID": "36024", "GEOIDFQ": "620L800US36024", "NAMELSAD": "Assembly District 24", "LSAD": "L3", "LSY": "2022", "MTFCC": "G5220", "FUNCSTAT": "N", "ALAND": 14613285, "AWATER": 0, "INTPTLAT": "+40.7149847", "INTPTLON": "-073.7900139", "ad_num": 24, "AssemDist": 24 }, "geometry": { "type": "Polygon", "coordinates": [ [ [ -73.843202, 40.7004 ], [ -73.842938, 40.700554 ], [ -73.842144, 40.70087 ], [ -73.841564, 40.701101 ], [ -73.839478, 40.70269 ], [ -73.83843, 40.703386 ], [ -73.837751, 40.702958 ], [ -73.837671, 40.703024 ], [ -73.837462, 40.70318 ], [ -73.837411, 40.703218 ], [ -73.837255, 40.703258 ], [ -73.836931, 40.70334 ], [ -73.836758, 40.703384 ], [ -73.836619, 40.70342 ], [ -73.836484, 40.703433 ], [ -73.836266, 40.703406 ], [ -73.836047, 40.703414 ], [ -73.835924, 40.703459 ], [ -73.835825, 40.703489 ], [ -73.835735, 40.703561 ], [ -73.835644, 40.703638 ], [ -73.835566, 40.70368 ], [ -73.835483, 40.703701 ], [ -73.835006, 40.703823 ], [ -73.834755, 40.703887 ], [ -73.834602, 40.703927 ], [ -73.834154, 40.704038 ], [ -73.833835, 40.704119 ], [ -73.833715, 40.704149 ], [ -73.832825, 40.704371 ], [ -73.832132, 40.702794 ], [ -73.831242, 40.703023 ], [ -73.830073, 40.703313 ], [ -73.829458, 40.70347 ], [ -73.828567, 40.703699 ], [ -73.827683, 40.703918 ], [ -73.826374, 40.704254 ], [ -73.825758, 40.704428 ], [ -73.825441, 40.704341 ], [ -73.824809, 40.70416 ], [ -73.824441, 40.704062 ], [ -73.823438, 40.703802 ], [ -73.824047, 40.706931 ], [ -73.822979, 40.706192 ], [ -73.822845, 40.706064 ], [ -73.822256, 40.705456 ], [ -73.82202, 40.705212 ], [ -73.821405, 40.705495 ], [ -73.820632, 40.705842 ], [ -73.820079, 40.705031 ], [ -73.819271, 40.705345 ], [ -73.818459, 40.705663 ], [ -73.818713, 40.706031 ], [ -73.818524, 40.706091 ], [ -73.818313, 40.706164 ], [ -73.819021, 40.707377 ], [ -73.819537, 40.708283 ], [ -73.819459, 40.708396 ], [ -73.819236, 40.708419 ], [ -73.81915, 40.708428 ], [ -73.819151, 40.708852 ], [ -73.819152, 40.709035 ], [ -73.819292, 40.709124 ], [ -73.819427, 40.709208 ], [ -73.819376, 40.709421 ], [ -73.81918, 40.710246 ], [ -73.819067, 40.710188 ], [ -73.818934, 40.710119 ], [ -73.818398, 40.709789 ], [ -73.817798, 40.709342 ], [ -73.81704, 40.70956 ], [ -73.816416, 40.709865 ], [ -73.816081, 40.710168 ], [ -73.815992, 40.710311 ], [ -73.81588, 40.710447 ], [ -73.815746, 40.710574 ], [ -73.815594, 40.710689 ], [ -73.815425, 40.710788 ], [ -73.815244, 40.710872 ], [ -73.815055, 40.710937 ], [ -73.814894, 40.710987 ], [ -73.814723, 40.711023 ], [ -73.814548, 40.711043 ], [ -73.814373, 40.711048 ], [ -73.814198, 40.711037 ], [ -73.814239, 40.711174 ], [ -73.814292, 40.711309 ], [ -73.814357, 40.71144 ], [ -73.814432, 40.711568 ], [ -73.814511, 40.711664 ], [ -73.814604, 40.711754 ], [ -73.814713, 40.711837 ], [ -73.814834, 40.711908 ], [ -73.814965, 40.711969 ], [ -73.815103, 40.712016 ], [ -73.815245, 40.712051 ], [ -73.815271, 40.712208 ], [ -73.815312, 40.712364 ], [ -73.815364, 40.712499 ], [ -73.815444, 40.712666 ], [ -73.815532, 40.712809 ], [ -73.815686, 40.712992 ], [ -73.815825, 40.713184 ], [ -73.815947, 40.713383 ], [ -73.816052, 40.713588 ], [ -73.816139, 40.713798 ], [ -73.816206, 40.714011 ], [ -73.816421, 40.714133 ], [ -73.816534, 40.714226 ], [ -73.816407, 40.714227 ], [ -73.815206, 40.714234 ], [ -73.815224, 40.714949 ], [ -73.815241, 40.715647 ], [ -73.816288, 40.715644 ], [ -73.816433, 40.715644 ], [ -73.816442, 40.715785 ], [ -73.816441, 40.715887 ], [ -73.816442, 40.716028 ], [ -73.816302, 40.716027 ], [ -73.815966, 40.71604 ], [ -73.81494, 40.716069 ], [ -73.813337, 40.716099 ], [ -73.811598, 40.716099 ], [ -73.810333, 40.71608 ], [ -73.81024, 40.716079 ], [ -73.809437, 40.71605 ], [ -73.807844, 40.716 ], [ -73.807822, 40.715911 ], [ -73.807671, 40.715926 ], [ -73.806324, 40.71595 ], [ -73.805109, 40.716071 ], [ -73.803159, 40.716277 ], [ -73.801892, 40.716492 ], [ -73.800968, 40.716702 ], [ -73.798055, 40.717431 ], [ -73.79697, 40.717723 ], [ -73.796382, 40.717897 ], [ -73.795648, 40.718134 ], [ -73.794858, 40.718423 ], [ -73.794483, 40.718559 ], [ -73.794053, 40.718714 ], [ -73.793741, 40.718808 ], [ -73.793216, 40.718964 ], [ -73.79279, 40.719078 ], [ -73.792538, 40.719125 ], [ -73.79214, 40.719199 ], [ -73.791429, 40.719262 ], [ -73.790708, 40.719269 ], [ -73.790532, 40.719752 ], [ -73.790402, 40.720095 ], [ -73.7903, 40.72092 ], [ -73.790293, 40.721376 ], [ -73.790454, 40.723132 ], [ -73.790509, 40.723471 ], [ -73.790565, 40.723613 ], [ -73.790643, 40.723778 ], [ -73.790875, 40.724192 ], [ -73.791362, 40.724953 ], [ -73.791745, 40.725776 ], [ -73.790845, 40.726036 ], [ -73.78998, 40.726317 ], [ -73.789459, 40.726493 ], [ -73.789113, 40.726606 ], [ -73.78825, 40.726887 ], [ -73.787383, 40.727172 ], [ -73.78655, 40.727445 ], [ -73.78619, 40.727564 ], [ -73.785685, 40.72773 ], [ -73.784821, 40.728015 ], [ -73.783977, 40.728291 ], [ -73.783601, 40.728413 ], [ -73.782923, 40.728636 ], [ -73.782059, 40.728919 ], [ -73.781161, 40.729213 ], [ -73.780248, 40.72946 ], [ -73.779365, 40.729702 ], [ -73.778486, 40.729944 ], [ -73.777575, 40.730193 ], [ -73.776685, 40.730439 ], [ -73.775804, 40.73068 ], [ -73.774913, 40.730913 ], [ -73.773997, 40.731081 ], [ -73.77307, 40.731249 ], [ -73.772286, 40.731391 ], [ -73.771527, 40.731522 ], [ -73.770107, 40.731779 ], [ -73.766841, 40.732339 ], [ -73.766349, 40.732409 ], [ -73.76571, 40.732516 ], [ -73.765551, 40.732544 ], [ -73.764917, 40.732655 ], [ -73.764807, 40.732674 ], [ -73.764268, 40.732767 ], [ -73.7637, 40.732864 ], [ -73.764709, 40.734085 ], [ -73.765041, 40.734477 ], [ -73.762733, 40.735262 ], [ -73.762529, 40.736004 ], [ -73.762485, 40.736182 ], [ -73.762463, 40.736364 ], [ -73.762463, 40.736548 ], [ -73.762472, 40.736621 ], [ -73.762486, 40.736731 ], [ -73.762531, 40.736912 ], [ -73.762597, 40.737087 ], [ -73.762683, 40.737256 ], [ -73.763191, 40.738308 ], [ -73.763609, 40.739175 ], [ -73.764315, 40.740673 ], [ -73.7634, 40.740929 ], [ -73.76252, 40.741171 ], [ -73.761633, 40.741411 ], [ -73.760753, 40.741654 ], [ -73.761587, 40.743411 ], [ -73.760704, 40.743653 ], [ -73.759755, 40.743914 ], [ -73.759927, 40.744288 ], [ -73.758973, 40.744541 ], [ -73.758082, 40.744764 ], [ -73.757198, 40.744998 ], [ -73.754951, 40.745618 ], [ -73.754788, 40.745277 ], [ -73.753978, 40.743518 ], [ -73.75308, 40.743762 ], [ -73.752193, 40.744002 ], [ -73.751316, 40.744243 ], [ -73.750434, 40.744487 ], [ -73.749543, 40.744732 ], [ -73.748631, 40.744979 ], [ -73.747849, 40.743296 ], [ -73.746755, 40.742439 ], [ -73.745059, 40.741531 ], [ -73.743962, 40.740789 ], [ -73.743853, 40.740094 ], [ -73.743719, 40.739383 ], [ -73.743464, 40.739014 ], [ -73.743375, 40.738885 ], [ -73.743068, 40.738441 ], [ -73.74214, 40.738617 ], [ -73.74155, 40.738763 ], [ -73.741067, 40.738978 ], [ -73.740195, 40.739031 ], [ -73.740291, 40.738517 ], [ -73.741245, 40.737341 ], [ -73.741597, 40.736908 ], [ -73.741676, 40.736827 ], [ -73.741351, 40.7369 ], [ -73.740159, 40.737169 ], [ -73.7395, 40.737298 ], [ -73.738603, 40.737491 ], [ -73.737701, 40.737686 ], [ -73.736934, 40.735627 ], [ -73.736128, 40.733474 ], [ -73.73557, 40.733464 ], [ -73.735265, 40.733454 ], [ -73.735705, 40.732603 ], [ -73.736192, 40.731366 ], [ -73.736317, 40.731043 ], [ -73.736481, 40.730657 ], [ -73.736594, 40.730356 ], [ -73.737138, 40.728969 ], [ -73.737155, 40.728732 ], [ -73.737971, 40.728915 ], [ -73.738156, 40.728957 ], [ -73.738402, 40.729012 ], [ -73.738715, 40.729086 ], [ -73.739049, 40.729165 ], [ -73.739403, 40.729243 ], [ -73.740702, 40.729533 ], [ -73.742421, 40.729919 ], [ -73.743764, 40.730227 ], [ -73.744591, 40.729726 ], [ -73.745294, 40.729281 ], [ -73.746041, 40.728822 ], [ -73.746399, 40.728653 ], [ -73.746846, 40.728443 ], [ -73.747094, 40.728312 ], [ -73.747186, 40.7283 ], [ -73.747635, 40.728027 ], [ -73.748423, 40.727578 ], [ -73.749212, 40.727201 ], [ -73.750034, 40.72681 ], [ -73.750831, 40.726431 ], [ -73.751721, 40.726006 ], [ -73.752608, 40.725581 ], [ -73.753354, 40.725144 ], [ -73.754087, 40.724695 ], [ -73.754969, 40.72416 ], [ -73.755034, 40.724118 ], [ -73.755771, 40.72364 ], [ -73.756547, 40.723088 ], [ -73.757286, 40.72257 ], [ -73.757974, 40.722091 ], [ -73.758676, 40.7216 ], [ -73.759441, 40.721063 ], [ -73.759772, 40.720907 ], [ -73.7603, 40.72066 ], [ -73.761138, 40.720329 ], [ -73.761967, 40.72 ], [ -73.762403, 40.719809 ], [ -73.762766, 40.719639 ], [ -73.763608, 40.719282 ], [ -73.764469, 40.71889 ], [ -73.765242, 40.718446 ], [ -73.765398, 40.718356 ], [ -73.766641, 40.717647 ], [ -73.767332, 40.71729 ], [ -73.768179, 40.716993 ], [ -73.768685, 40.716815 ], [ -73.769139, 40.716657 ], [ -73.77008, 40.716327 ], [ -73.771104, 40.715975 ], [ -73.771921, 40.715685 ], [ -73.772759, 40.715397 ], [ -73.773571, 40.71512 ], [ -73.774442, 40.714905 ], [ -73.775299, 40.714696 ], [ -73.775715, 40.714598 ], [ -73.776186, 40.714486 ], [ -73.776675, 40.714368 ], [ -73.777123, 40.714262 ], [ -73.777306, 40.714209 ], [ -73.778001, 40.714051 ], [ -73.778466, 40.715201 ], [ -73.781234, 40.714541 ], [ -73.782796, 40.71404 ], [ -73.785719, 40.713172 ], [ -73.787101, 40.71284 ], [ -73.787487, 40.712739 ], [ -73.787866, 40.712622 ], [ -73.788236, 40.71249 ], [ -73.788597, 40.712344 ], [ -73.788668, 40.712414 ], [ -73.788756, 40.712476 ], [ -73.788859, 40.712525 ], [ -73.788972, 40.71256 ], [ -73.789089, 40.712579 ], [ -73.789206, 40.712582 ], [ -73.790507, 40.712475 ], [ -73.790649, 40.712499 ], [ -73.790789, 40.712538 ], [ -73.790924, 40.712591 ], [ -73.791049, 40.712658 ], [ -73.791162, 40.712737 ], [ -73.791259, 40.712825 ], [ -73.791339, 40.712921 ], [ -73.791402, 40.713021 ], [ -73.792077, 40.712778 ], [ -73.792219, 40.712711 ], [ -73.792374, 40.712657 ], [ -73.792539, 40.712616 ], [ -73.792709, 40.712592 ], [ -73.792881, 40.712583 ], [ -73.793051, 40.712591 ], [ -73.793214, 40.712608 ], [ -73.793903, 40.71237 ], [ -73.794755, 40.712067 ], [ -73.795624, 40.711758 ], [ -73.79646, 40.711459 ], [ -73.797407, 40.711122 ], [ -73.797607, 40.711052 ], [ -73.797807, 40.710982 ], [ -73.797923, 40.710942 ], [ -73.798701, 40.710663 ], [ -73.799272, 40.711376 ], [ -73.799855, 40.711176 ], [ -73.800328, 40.711009 ], [ -73.800403, 40.711131 ], [ -73.801611, 40.710701 ], [ -73.801424, 40.710391 ], [ -73.801069, 40.709818 ], [ -73.80119, 40.709786 ], [ -73.801306, 40.709742 ], [ -73.801414, 40.709687 ], [ -73.801511, 40.709622 ], [ -73.801596, 40.709548 ], [ -73.801933, 40.708912 ], [ -73.802125, 40.708738 ], [ -73.802331, 40.708572 ], [ -73.802551, 40.708417 ], [ -73.802782, 40.708273 ], [ -73.803024, 40.70814 ], [ -73.803276, 40.708412 ], [ -73.803691, 40.708292 ], [ -73.803738, 40.708417 ], [ -73.803807, 40.708538 ], [ -73.803898, 40.708652 ], [ -73.804007, 40.708756 ], [ -73.804131, 40.708848 ], [ -73.804268, 40.708925 ], [ -73.807288, 40.708062 ], [ -73.809689, 40.707377 ], [ -73.812111, 40.706698 ], [ -73.812012, 40.705945 ], [ -73.811904, 40.705124 ], [ -73.811802, 40.704366 ], [ -73.811773, 40.704181 ], [ -73.811713, 40.703662 ], [ -73.811632, 40.703052 ], [ -73.811529, 40.702273 ], [ -73.811905, 40.702337 ], [ -73.811638, 40.70171 ], [ -73.812505, 40.701458 ], [ -73.813361, 40.701215 ], [ -73.812782, 40.700032 ], [ -73.812325, 40.69911 ], [ -73.813187, 40.698864 ], [ -73.814194, 40.69858 ], [ -73.81404, 40.69833 ], [ -73.81423, 40.698332 ], [ -73.814429, 40.698335 ], [ -73.814201, 40.697911 ], [ -73.814334, 40.697866 ], [ -73.814006, 40.69726 ], [ -73.813943, 40.697147 ], [ -73.814173, 40.697135 ], [ -73.814285, 40.697114 ], [ -73.814407, 40.697087 ], [ -73.814572, 40.697044 ], [ -73.814853, 40.696962 ], [ -73.815316, 40.696822 ], [ -73.814862, 40.695878 ], [ -73.815709, 40.695638 ], [ -73.816552, 40.695399 ], [ -73.817396, 40.695155 ], [ -73.818413, 40.694863 ], [ -73.817823, 40.693669 ], [ -73.817233, 40.692457 ], [ -73.817069, 40.692502 ], [ -73.816075, 40.690492 ], [ -73.815228, 40.690733 ], [ -73.814915, 40.690095 ], [ -73.814805, 40.690047 ], [ -73.814703, 40.690002 ], [ -73.813458, 40.687535 ], [ -73.813452, 40.687155 ], [ -73.813315, 40.687199 ], [ -73.812523, 40.685609 ], [ -73.812415, 40.685393 ], [ -73.812437, 40.685287 ], [ -73.813367, 40.684847 ], [ -73.813592, 40.68471 ], [ -73.813937, 40.684598 ], [ -73.814268, 40.684503 ], [ -73.814773, 40.684361 ], [ -73.815138, 40.684258 ], [ -73.815619, 40.684121 ], [ -73.816028, 40.684004 ], [ -73.816335, 40.683918 ], [ -73.816913, 40.683753 ], [ -73.817163, 40.683684 ], [ -73.817781, 40.683504 ], [ -73.817811, 40.683495 ], [ -73.818001, 40.68344 ], [ -73.818676, 40.683249 ], [ -73.819544, 40.683002 ], [ -73.820421, 40.682755 ], [ -73.821304, 40.682503 ], [ -73.822211, 40.682244 ], [ -73.823073, 40.681996 ], [ -73.823901, 40.68176 ], [ -73.824726, 40.681525 ], [ -73.825555, 40.681294 ], [ -73.826365, 40.681064 ], [ -73.827183, 40.680829 ], [ -73.828052, 40.680588 ], [ -73.828972, 40.680327 ], [ -73.829988, 40.680036 ], [ -73.830867, 40.679786 ], [ -73.831746, 40.679537 ], [ -73.831966, 40.679474 ], [ -73.832161, 40.679418 ], [ -73.832624, 40.679287 ], [ -73.833502, 40.679035 ], [ -73.834109, 40.678853 ], [ -73.834185, 40.678874 ], [ -73.834462, 40.678944 ], [ -73.83565, 40.679273 ], [ -73.836327, 40.680668 ], [ -73.836975, 40.681988 ], [ -73.836158, 40.682415 ], [ -73.835369, 40.682843 ], [ -73.835056, 40.683015 ], [ -73.834583, 40.683276 ], [ -73.834293, 40.683432 ], [ -73.83379, 40.683693 ], [ -73.833524, 40.683806 ], [ -73.83295, 40.684029 ], [ -73.832726, 40.684116 ], [ -73.833422, 40.685568 ], [ -73.832577, 40.685806 ], [ -73.831723, 40.686051 ], [ -73.832743, 40.688042 ], [ -73.831852, 40.688293 ], [ -73.830993, 40.688537 ], [ -73.830163, 40.688772 ], [ -73.829336, 40.689004 ], [ -73.830526, 40.691431 ], [ -73.830767, 40.691354 ], [ -73.831105, 40.691279 ], [ -73.831305, 40.691252 ], [ -73.831386, 40.691265 ], [ -73.83143, 40.691284 ], [ -73.831514, 40.691279 ], [ -73.831795, 40.691209 ], [ -73.832228, 40.691082 ], [ -73.833104, 40.690828 ], [ -73.834045, 40.690552 ], [ -73.834768, 40.691995 ], [ -73.834806, 40.692071 ], [ -73.834882, 40.692222 ], [ -73.835982, 40.694416 ], [ -73.837167, 40.696866 ], [ -73.837899, 40.696369 ], [ -73.838014, 40.696297 ], [ -73.838652, 40.695926 ], [ -73.838791, 40.695853 ], [ -73.839483, 40.695582 ], [ -73.839634, 40.695535 ], [ -73.840351, 40.695383 ], [ -73.840497, 40.69536 ], [ -73.841135, 40.695284 ], [ -73.842227, 40.697471 ], [ -73.843065, 40.699146 ], [ -73.843594, 40.700172 ], [ -73.843202, 40.7004 ] ] ] } },
{ "type": "Feature", "properties": { "STATEFP": "36", "SLDLST": "025", "GEOID": "36025", "GEOIDFQ": "620L800US36025", "NAMELSAD": "Assembly District 25", "LSAD": "L3", "LSY": "2022", "MTFCC": "G5220", "FUNCSTAT": "N", "ALAND": 17250568, "AWATER": 46201, "INTPTLAT": "+40.7404466", "INTPTLON": "-073.7920466", "ad_num": 25, "AssemDist": 25 }, "geometry": { "type": "Polygon", "coordinates": [ [ [ -73.837014, 40.754027 ], [ -73.835998, 40.752006 ], [ -73.833486, 40.752413 ], [ -73.833331, 40.752371 ], [ -73.833167, 40.752345 ], [ -73.832976, 40.752331 ], [ -73.83283, 40.752346 ], [ -73.832667, 40.752373 ], [ -73.832529, 40.752373 ], [ -73.832391, 40.752317 ], [ -73.832601, 40.753007 ], [ -73.830138, 40.753915 ], [ -73.829867, 40.753495 ], [ -73.827825, 40.754251 ], [ -73.827144, 40.75451 ], [ -73.826082, 40.753529 ], [ -73.825758, 40.753231 ], [ -73.825508, 40.753 ], [ -73.825445, 40.752944 ], [ -73.824447, 40.753602 ], [ -73.824343, 40.753669 ], [ -73.824276, 40.753714 ], [ -73.824202, 40.753764 ], [ -73.823343, 40.754333 ], [ -73.822909, 40.753968 ], [ -73.822803, 40.75388 ], [ -73.821667, 40.754621 ], [ -73.820982, 40.755066 ], [ -73.820301, 40.755515 ], [ -73.819618, 40.755966 ], [ -73.819268, 40.7562 ], [ -73.818937, 40.75641 ], [ -73.818324, 40.755872 ], [ -73.817034, 40.754722 ], [ -73.816439, 40.754191 ], [ -73.815852, 40.753668 ], [ -73.814239, 40.754718 ], [ -73.813532, 40.754253 ], [ -73.813348, 40.754199 ], [ -73.812214, 40.754209 ], [ -73.810476, 40.754212 ], [ -73.810579, 40.753458 ], [ -73.810675, 40.752774 ], [ -73.810768, 40.752079 ], [ -73.809835, 40.752006 ], [ -73.808909, 40.751933 ], [ -73.807975, 40.751858 ], [ -73.807043, 40.751786 ], [ -73.806111, 40.751711 ], [ -73.805174, 40.75164 ], [ -73.804241, 40.751565 ], [ -73.803779, 40.751534 ], [ -73.803934, 40.751839 ], [ -73.804066, 40.75215 ], [ -73.804176, 40.752467 ], [ -73.804326, 40.753112 ], [ -73.804445, 40.75373 ], [ -73.803946, 40.753699 ], [ -73.803007, 40.753699 ], [ -73.801827, 40.753717 ], [ -73.801114, 40.753734 ], [ -73.800166, 40.753782 ], [ -73.799214, 40.753832 ], [ -73.798261, 40.753895 ], [ -73.797325, 40.753871 ], [ -73.796396, 40.753772 ], [ -73.795459, 40.753667 ], [ -73.794577, 40.753563 ], [ -73.793433, 40.753343 ], [ -73.792375, 40.75307 ], [ -73.79242, 40.753407 ], [ -73.791415, 40.753465 ], [ -73.789002, 40.753609 ], [ -73.788047, 40.753666 ], [ -73.787111, 40.753717 ], [ -73.786177, 40.753777 ], [ -73.785241, 40.753833 ], [ -73.784315, 40.753986 ], [ -73.784391, 40.754726 ], [ -73.784468, 40.75546 ], [ -73.782481, 40.755997 ], [ -73.780563, 40.756515 ], [ -73.779015, 40.756934 ], [ -73.777417, 40.757362 ], [ -73.777667, 40.758148 ], [ -73.777403, 40.758214 ], [ -73.7772, 40.758269 ], [ -73.777016, 40.758319 ], [ -73.776475, 40.758467 ], [ -73.77557, 40.758681 ], [ -73.774687, 40.75892 ], [ -73.774225, 40.759043 ], [ -73.773781, 40.759165 ], [ -73.772916, 40.759398 ], [ -73.772035, 40.759636 ], [ -73.77182, 40.759689 ], [ -73.771149, 40.759867 ], [ -73.770275, 40.760083 ], [ -73.769337, 40.760254 ], [ -73.768459, 40.760384 ], [ -73.76752, 40.760492 ], [ -73.766604, 40.760648 ], [ -73.76569, 40.760802 ], [ -73.764771, 40.760948 ], [ -73.763854, 40.761096 ], [ -73.763337, 40.759294 ], [ -73.762395, 40.759497 ], [ -73.761997, 40.758102 ], [ -73.762938, 40.757901 ], [ -73.763844, 40.757708 ], [ -73.763611, 40.75689 ], [ -73.763517, 40.756549 ], [ -73.76342, 40.756197 ], [ -73.763298, 40.75541 ], [ -73.76319, 40.754677 ], [ -73.763071, 40.753917 ], [ -73.762952, 40.753162 ], [ -73.762842, 40.752438 ], [ -73.762758, 40.751942 ], [ -73.761485, 40.75174 ], [ -73.760565, 40.75 ], [ -73.759682, 40.750241 ], [ -73.758799, 40.750483 ], [ -73.757827, 40.750758 ], [ -73.757377, 40.750228 ], [ -73.755014, 40.750817 ], [ -73.754558, 40.750933 ], [ -73.75413, 40.751043 ], [ -73.753255, 40.751238 ], [ -73.752358, 40.751412 ], [ -73.751392, 40.751572 ], [ -73.751115, 40.750889 ], [ -73.751076, 40.750897 ], [ -73.75109, 40.750819 ], [ -73.750411, 40.750931 ], [ -73.750368, 40.750777 ], [ -73.75033, 40.750661 ], [ -73.750291, 40.750525 ], [ -73.750936, 40.75042 ], [ -73.751042, 40.750403 ], [ -73.751023, 40.750338 ], [ -73.751157, 40.750319 ], [ -73.750442, 40.748801 ], [ -73.749463, 40.746735 ], [ -73.749055, 40.745877 ], [ -73.748631, 40.744979 ], [ -73.749543, 40.744732 ], [ -73.750434, 40.744487 ], [ -73.751316, 40.744243 ], [ -73.752193, 40.744002 ], [ -73.75308, 40.743762 ], [ -73.753978, 40.743518 ], [ -73.754788, 40.745277 ], [ -73.754951, 40.745618 ], [ -73.757198, 40.744998 ], [ -73.758082, 40.744764 ], [ -73.758973, 40.744541 ], [ -73.759927, 40.744288 ], [ -73.759755, 40.743914 ], [ -73.760704, 40.743653 ], [ -73.761587, 40.743411 ], [ -73.760753, 40.741654 ], [ -73.761633, 40.741411 ], [ -73.76252, 40.741171 ], [ -73.7634, 40.740929 ], [ -73.764315, 40.740673 ], [ -73.763609, 40.739175 ], [ -73.763191, 40.738308 ], [ -73.762683, 40.737256 ], [ -73.762597, 40.737087 ], [ -73.762531, 40.736912 ], [ -73.762486, 40.736731 ], [ -73.762472, 40.736621 ], [ -73.762463, 40.736548 ], [ -73.762463, 40.736364 ], [ -73.762485, 40.736182 ], [ -73.762529, 40.736004 ], [ -73.762733, 40.735262 ], [ -73.765041, 40.734477 ], [ -73.764709, 40.734085 ], [ -73.7637, 40.732864 ], [ -73.764268, 40.732767 ], [ -73.764807, 40.732674 ], [ -73.764917, 40.732655 ], [ -73.765551, 40.732544 ], [ -73.76571, 40.732516 ], [ -73.766349, 40.732409 ], [ -73.766841, 40.732339 ], [ -73.770107, 40.731779 ], [ -73.771527, 40.731522 ], [ -73.772286, 40.731391 ], [ -73.77307, 40.731249 ], [ -73.773997, 40.731081 ], [ -73.774913, 40.730913 ], [ -73.775804, 40.73068 ], [ -73.776685, 40.730439 ], [ -73.777575, 40.730193 ], [ -73.778486, 40.729944 ], [ -73.779365, 40.729702 ], [ -73.780248, 40.72946 ], [ -73.781161, 40.729213 ], [ -73.782059, 40.728919 ], [ -73.782923, 40.728636 ], [ -73.783601, 40.728413 ], [ -73.783977, 40.728291 ], [ -73.784821, 40.728015 ], [ -73.785685, 40.72773 ], [ -73.78619, 40.727564 ], [ -73.78655, 40.727445 ], [ -73.787383, 40.727172 ], [ -73.78825, 40.726887 ], [ -73.789113, 40.726606 ], [ -73.789459, 40.726493 ], [ -73.78998, 40.726317 ], [ -73.790845, 40.726036 ], [ -73.791745, 40.725776 ], [ -73.791362, 40.724953 ], [ -73.790875, 40.724192 ], [ -73.790643, 40.723778 ], [ -73.790565, 40.723613 ], [ -73.790509, 40.723471 ], [ -73.790454, 40.723132 ], [ -73.790293, 40.721376 ], [ -73.7903, 40.72092 ], [ -73.790402, 40.720095 ], [ -73.790532, 40.719752 ], [ -73.790708, 40.719269 ], [ -73.791429, 40.719262 ], [ -73.79214, 40.719199 ], [ -73.792538, 40.719125 ], [ -73.79279, 40.719078 ], [ -73.793216, 40.718964 ], [ -73.793741, 40.718808 ], [ -73.794053, 40.718714 ], [ -73.794483, 40.718559 ], [ -73.794858, 40.718423 ], [ -73.795648, 40.718134 ], [ -73.796382, 40.717897 ], [ -73.79697, 40.717723 ], [ -73.798055, 40.717431 ], [ -73.800968, 40.716702 ], [ -73.801892, 40.716492 ], [ -73.803159, 40.716277 ], [ -73.805109, 40.716071 ], [ -73.806324, 40.71595 ], [ -73.807671, 40.715926 ], [ -73.807822, 40.715911 ], [ -73.807844, 40.716 ], [ -73.809437, 40.71605 ], [ -73.81024, 40.716079 ], [ -73.810333, 40.71608 ], [ -73.811598, 40.716099 ], [ -73.813337, 40.716099 ], [ -73.81494, 40.716069 ], [ -73.815966, 40.71604 ], [ -73.816302, 40.716027 ], [ -73.816442, 40.716028 ], [ -73.816441, 40.715887 ], [ -73.816442, 40.715785 ], [ -73.816433, 40.715644 ], [ -73.816288, 40.715644 ], [ -73.815241, 40.715647 ], [ -73.815224, 40.714949 ], [ -73.815206, 40.714234 ], [ -73.816407, 40.714227 ], [ -73.816534, 40.714226 ], [ -73.816421, 40.714133 ], [ -73.816206, 40.714011 ], [ -73.816139, 40.713798 ], [ -73.816052, 40.713588 ], [ -73.815947, 40.713383 ], [ -73.815825, 40.713184 ], [ -73.815686, 40.712992 ], [ -73.815532, 40.712809 ], [ -73.815444, 40.712666 ], [ -73.815364, 40.712499 ], [ -73.815312, 40.712364 ], [ -73.815271, 40.712208 ], [ -73.815245, 40.712051 ], [ -73.815103, 40.712016 ], [ -73.814965, 40.711969 ], [ -73.814834, 40.711908 ], [ -73.814713, 40.711837 ], [ -73.814604, 40.711754 ], [ -73.814511, 40.711664 ], [ -73.814432, 40.711568 ], [ -73.814357, 40.71144 ], [ -73.814292, 40.711309 ], [ -73.814239, 40.711174 ], [ -73.814198, 40.711037 ], [ -73.814373, 40.711048 ], [ -73.814548, 40.711043 ], [ -73.814723, 40.711023 ], [ -73.814894, 40.710987 ], [ -73.815055, 40.710937 ], [ -73.815244, 40.710872 ], [ -73.815425, 40.710788 ], [ -73.815594, 40.710689 ], [ -73.815746, 40.710574 ], [ -73.81588, 40.710447 ], [ -73.815992, 40.710311 ], [ -73.816081, 40.710168 ], [ -73.816416, 40.709865 ], [ -73.81704, 40.70956 ], [ -73.817798, 40.709342 ], [ -73.818398, 40.709789 ], [ -73.818934, 40.710119 ], [ -73.819067, 40.710188 ], [ -73.81918, 40.710246 ], [ -73.819376, 40.709421 ], [ -73.819427, 40.709208 ], [ -73.819292, 40.709124 ], [ -73.819152, 40.709035 ], [ -73.819151, 40.708852 ], [ -73.81915, 40.708428 ], [ -73.819236, 40.708419 ], [ -73.819459, 40.708396 ], [ -73.819543, 40.708534 ], [ -73.820102, 40.70942 ], [ -73.820318, 40.709715 ], [ -73.820415, 40.709876 ], [ -73.820579, 40.710073 ], [ -73.820771, 40.710265 ], [ -73.821506, 40.710906 ], [ -73.822404, 40.711757 ], [ -73.822743, 40.712018 ], [ -73.823101, 40.71234 ], [ -73.823442, 40.712724 ], [ -73.823685, 40.713043 ], [ -73.823425, 40.713229 ], [ -73.823392, 40.713108 ], [ -73.823339, 40.712988 ], [ -73.823268, 40.712874 ], [ -73.823178, 40.712767 ], [ -73.823074, 40.71267 ], [ -73.822956, 40.712584 ], [ -73.822805, 40.712539 ], [ -73.822646, 40.712509 ], [ -73.822483, 40.712494 ], [ -73.822319, 40.712496 ], [ -73.822158, 40.712514 ], [ -73.822318, 40.712924 ], [ -73.820494, 40.713442 ], [ -73.820773, 40.714125 ], [ -73.821028, 40.714761 ], [ -73.8213, 40.715425 ], [ -73.821551, 40.71607 ], [ -73.821629, 40.716287 ], [ -73.821498, 40.716304 ], [ -73.821326, 40.716304 ], [ -73.821183, 40.71635 ], [ -73.82106, 40.71638 ], [ -73.820943, 40.716414 ], [ -73.820856, 40.716442 ], [ -73.820751, 40.71648 ], [ -73.820649, 40.716521 ], [ -73.820323, 40.71666 ], [ -73.820054, 40.71681 ], [ -73.819305, 40.717136 ], [ -73.818872, 40.717259 ], [ -73.81798, 40.717499 ], [ -73.817186, 40.717662 ], [ -73.817066, 40.717717 ], [ -73.816191, 40.717971 ], [ -73.815155, 40.718257 ], [ -73.813768, 40.718607 ], [ -73.81285, 40.718859 ], [ -73.812527, 40.718948 ], [ -73.8123, 40.719011 ], [ -73.812118, 40.719062 ], [ -73.811448, 40.719248 ], [ -73.810578, 40.71949 ], [ -73.809786, 40.719722 ], [ -73.80904, 40.719912 ], [ -73.808085, 40.720225 ], [ -73.80722, 40.720525 ], [ -73.806364, 40.72082 ], [ -73.806045, 40.72093 ], [ -73.805789, 40.721019 ], [ -73.805503, 40.721117 ], [ -73.80469, 40.721408 ], [ -73.804529, 40.721466 ], [ -73.804595, 40.722197 ], [ -73.804668, 40.722915 ], [ -73.804739, 40.723628 ], [ -73.804809, 40.724354 ], [ -73.80488, 40.725056 ], [ -73.804948, 40.725741 ], [ -73.805017, 40.726429 ], [ -73.805084, 40.727115 ], [ -73.805152, 40.727802 ], [ -73.805222, 40.728484 ], [ -73.805166, 40.730458 ], [ -73.805081, 40.73169 ], [ -73.804983, 40.733103 ], [ -73.804862, 40.73494 ], [ -73.804743, 40.736774 ], [ -73.804655, 40.738108 ], [ -73.804663, 40.738347 ], [ -73.804807, 40.73835 ], [ -73.805647, 40.738373 ], [ -73.806578, 40.738408 ], [ -73.806698, 40.73841 ], [ -73.807513, 40.738434 ], [ -73.808589, 40.738475 ], [ -73.809416, 40.738508 ], [ -73.810451, 40.738549 ], [ -73.811394, 40.738586 ], [ -73.812367, 40.738625 ], [ -73.813229, 40.738659 ], [ -73.814067, 40.738738 ], [ -73.814245, 40.738765 ], [ -73.814987, 40.738882 ], [ -73.815037, 40.738888 ], [ -73.815232, 40.738932 ], [ -73.815945, 40.739089 ], [ -73.816061, 40.739125 ], [ -73.816666, 40.739309 ], [ -73.817177, 40.739463 ], [ -73.817787, 40.739672 ], [ -73.818647, 40.739957 ], [ -73.818923, 40.740052 ], [ -73.819015, 40.740082 ], [ -73.819508, 40.740245 ], [ -73.821038, 40.740755 ], [ -73.821248, 40.740835 ], [ -73.821722, 40.740993 ], [ -73.823001, 40.741423 ], [ -73.823044, 40.741437 ], [ -73.823594, 40.741625 ], [ -73.824468, 40.741905 ], [ -73.824741, 40.741992 ], [ -73.825191, 40.742135 ], [ -73.825363, 40.742199 ], [ -73.825798, 40.742301 ], [ -73.826222, 40.742395 ], [ -73.826469, 40.742442 ], [ -73.826535, 40.742454 ], [ -73.826651, 40.742475 ], [ -73.827083, 40.742542 ], [ -73.827785, 40.74261 ], [ -73.828411, 40.742672 ], [ -73.828486, 40.742679 ], [ -73.829927, 40.742827 ], [ -73.830285, 40.74287 ], [ -73.830329, 40.742876 ], [ -73.831055, 40.742941 ], [ -73.832162, 40.743052 ], [ -73.832867, 40.743122 ], [ -73.833778, 40.743211 ], [ -73.83404, 40.743236 ], [ -73.834937, 40.743319 ], [ -73.835896, 40.743381 ], [ -73.835925, 40.743501 ], [ -73.836201, 40.743507 ], [ -73.836848, 40.743474 ], [ -73.837152, 40.743446 ], [ -73.837338, 40.743417 ], [ -73.837671, 40.743365 ], [ -73.837532, 40.74387 ], [ -73.837462, 40.744033 ], [ -73.837145, 40.744622 ], [ -73.836402, 40.745488 ], [ -73.836383, 40.74551 ], [ -73.835649, 40.746358 ], [ -73.835035, 40.747062 ], [ -73.834975, 40.747184 ], [ -73.834818, 40.747572 ], [ -73.8348, 40.747615 ], [ -73.83473, 40.747874 ], [ -73.834693, 40.748057 ], [ -73.834647, 40.748333 ], [ -73.834624, 40.748518 ], [ -73.834621, 40.748606 ], [ -73.834619, 40.748661 ], [ -73.834637, 40.748912 ], [ -73.834646, 40.749008 ], [ -73.834674, 40.749295 ], [ -73.834716, 40.749434 ], [ -73.834774, 40.749624 ], [ -73.834813, 40.749751 ], [ -73.834943, 40.750062 ], [ -73.835108, 40.750368 ], [ -73.835129, 40.750399 ], [ -73.835476, 40.750911 ], [ -73.835759, 40.751324 ], [ -73.836007, 40.751687 ], [ -73.836167, 40.75192 ], [ -73.836888, 40.752973 ], [ -73.837674, 40.754114 ], [ -73.837014, 40.754027 ] ] ] } },
{ "type": "Feature", "properties": { "STATEFP": "36", "SLDLST": "026", "GEOID": "36026", "GEOIDFQ": "620L800US36026", "NAMELSAD": "Assembly District 26", "LSAD": "L3", "LSY": "2022", "MTFCC": "G5220", "FUNCSTAT": "N", "ALAND": 26976241, "AWATER": 6672311, "INTPTLAT": "+40.7665982", "INTPTLON": "-073.7579153", "ad_num": 26, "AssemDist": 26 }, "geometry": { "type": "Polygon", "coordinates": [ [ [ -73.80266, 40.756252 ], [ -73.802335, 40.7586 ], [ -73.802153, 40.759987 ], [ -73.80125, 40.759828 ], [ -73.801238, 40.759901 ], [ -73.800834, 40.759971 ], [ -73.801191, 40.760198 ], [ -73.802049, 40.760836 ], [ -73.801937, 40.761536 ], [ -73.801915, 40.761661 ], [ -73.802076, 40.761753 ], [ -73.801889, 40.761898 ], [ -73.801781, 40.762703 ], [ -73.801428, 40.765286 ], [ -73.801082, 40.767815 ], [ -73.800894, 40.769191 ], [ -73.800641, 40.771054 ], [ -73.800481, 40.772202 ], [ -73.799962, 40.772436 ], [ -73.799481, 40.772671 ], [ -73.798719, 40.773054 ], [ -73.798456, 40.773197 ], [ -73.797593, 40.773682 ], [ -73.798384, 40.773747 ], [ -73.798335, 40.77415 ], [ -73.7983, 40.77445 ], [ -73.798233, 40.774848 ], [ -73.798169, 40.775163 ], [ -73.798088, 40.775877 ], [ -73.797994, 40.776587 ], [ -73.797904, 40.777257 ], [ -73.797814, 40.777895 ], [ -73.797722, 40.778551 ], [ -73.797626, 40.779261 ], [ -73.797529, 40.779971 ], [ -73.797432, 40.780681 ], [ -73.800233, 40.780903 ], [ -73.801597, 40.781016 ], [ -73.799334, 40.782997 ], [ -73.798549, 40.783634 ], [ -73.797629, 40.784282 ], [ -73.796945, 40.784231 ], [ -73.796861, 40.784824 ], [ -73.796769, 40.784938 ], [ -73.795857, 40.785559 ], [ -73.795677, 40.785649 ], [ -73.795487, 40.785728 ], [ -73.795289, 40.785796 ], [ -73.795122, 40.785841 ], [ -73.795086, 40.785851 ], [ -73.79497, 40.786188 ], [ -73.79494, 40.786275 ], [ -73.794886, 40.786422 ], [ -73.794767, 40.78675 ], [ -73.794736, 40.786857 ], [ -73.794713, 40.786992 ], [ -73.794709, 40.787129 ], [ -73.794726, 40.787265 ], [ -73.794762, 40.787399 ], [ -73.794817, 40.787527 ], [ -73.794991, 40.788067 ], [ -73.795258, 40.788936 ], [ -73.795435, 40.789635 ], [ -73.79561, 40.790338 ], [ -73.795913, 40.791514 ], [ -73.796827, 40.791346 ], [ -73.797386, 40.791249 ], [ -73.797498, 40.791249 ], [ -73.797609, 40.791261 ], [ -73.797717, 40.791287 ], [ -73.797817, 40.791324 ], [ -73.797664, 40.790836 ], [ -73.800077, 40.791013 ], [ -73.799955, 40.791721 ], [ -73.799854, 40.792428 ], [ -73.801635, 40.79257 ], [ -73.801537, 40.793283 ], [ -73.801401, 40.79429 ], [ -73.801231, 40.795532 ], [ -73.801207, 40.795656 ], [ -73.800149, 40.795568 ], [ -73.800124, 40.795701 ], [ -73.800037, 40.796245 ], [ -73.799745, 40.802199 ], [ -73.797133, 40.80141 ], [ -73.793559, 40.80038 ], [ -73.793371, 40.800387 ], [ -73.79002, 40.80023 ], [ -73.787918, 40.800362 ], [ -73.787316, 40.800853 ], [ -73.784745, 40.802592 ], [ -73.782676, 40.805386 ], [ -73.779556, 40.811247 ], [ -73.778958, 40.811713 ], [ -73.774869, 40.80691 ], [ -73.770899, 40.802246 ], [ -73.766229, 40.79676 ], [ -73.763712, 40.793803 ], [ -73.757103, 40.789692 ], [ -73.756187, 40.788703 ], [ -73.750817, 40.782887 ], [ -73.750458, 40.78261 ], [ -73.750337, 40.782512 ], [ -73.750295, 40.782478 ], [ -73.749664, 40.782106 ], [ -73.749334, 40.781908 ], [ -73.747068, 40.780546 ], [ -73.7468, 40.780378 ], [ -73.746368, 40.78012 ], [ -73.745436, 40.779497 ], [ -73.74421, 40.778705 ], [ -73.744107, 40.778642 ], [ -73.743421, 40.778224 ], [ -73.741535, 40.777111 ], [ -73.74076, 40.776695 ], [ -73.740366, 40.77639 ], [ -73.74008, 40.776209 ], [ -73.739598, 40.776075 ], [ -73.739376, 40.776014 ], [ -73.739332, 40.77596 ], [ -73.739423, 40.775902 ], [ -73.739488, 40.77585 ], [ -73.739538, 40.775814 ], [ -73.739428, 40.775817 ], [ -73.739311, 40.775744 ], [ -73.739185, 40.775666 ], [ -73.739036, 40.775574 ], [ -73.738759, 40.775403 ], [ -73.738458, 40.775217 ], [ -73.73809, 40.774989 ], [ -73.737809, 40.774815 ], [ -73.737732, 40.774786 ], [ -73.737681, 40.774764 ], [ -73.73762, 40.774738 ], [ -73.737023, 40.774347 ], [ -73.736925, 40.774267 ], [ -73.736806, 40.774198 ], [ -73.736349, 40.773906 ], [ -73.736294, 40.773873 ], [ -73.73577, 40.773553 ], [ -73.735525, 40.773403 ], [ -73.735221, 40.773218 ], [ -73.734674, 40.772885 ], [ -73.734181, 40.772582 ], [ -73.733962, 40.772449 ], [ -73.73309, 40.771918 ], [ -73.733036, 40.771883 ], [ -73.732118, 40.77132 ], [ -73.732072, 40.771296 ], [ -73.731927, 40.771216 ], [ -73.731736, 40.771098 ], [ -73.731275, 40.77082 ], [ -73.731167, 40.770747 ], [ -73.730826, 40.770536 ], [ -73.73051, 40.770338 ], [ -73.730471, 40.770314 ], [ -73.730294, 40.770204 ], [ -73.729737, 40.769866 ], [ -73.729524, 40.769734 ], [ -73.729217, 40.76953 ], [ -73.729121, 40.769471 ], [ -73.728965, 40.769373 ], [ -73.728816, 40.769279 ], [ -73.727993, 40.76878 ], [ -73.727762, 40.768631 ], [ -73.727449, 40.768427 ], [ -73.727049, 40.76817 ], [ -73.726906, 40.768083 ], [ -73.726759, 40.767977 ], [ -73.726329, 40.767705 ], [ -73.726047, 40.767527 ], [ -73.725901, 40.767456 ], [ -73.725771, 40.767393 ], [ -73.725097, 40.766989 ], [ -73.723831, 40.766218 ], [ -73.72382, 40.766211 ], [ -73.723511, 40.766017 ], [ -73.722934, 40.765659 ], [ -73.722154, 40.765176 ], [ -73.721616, 40.764841 ], [ -73.721514, 40.764775 ], [ -73.721231, 40.764607 ], [ -73.721059, 40.764499 ], [ -73.720999, 40.764454 ], [ -73.72058, 40.764195 ], [ -73.720507, 40.764151 ], [ -73.720138, 40.763928 ], [ -73.719528, 40.763556 ], [ -73.719166, 40.763334 ], [ -73.716599, 40.761768 ], [ -73.716082, 40.761451 ], [ -73.716068, 40.761462 ], [ -73.714126, 40.760245 ], [ -73.713656, 40.759936 ], [ -73.713632, 40.75992 ], [ -73.713498, 40.759832 ], [ -73.713325, 40.75973 ], [ -73.712898, 40.75949 ], [ -73.712761, 40.759415 ], [ -73.712605, 40.759328 ], [ -73.712449, 40.759242 ], [ -73.712108, 40.759017 ], [ -73.712034, 40.758968 ], [ -73.711548, 40.758649 ], [ -73.711341, 40.758513 ], [ -73.710858, 40.758195 ], [ -73.710606, 40.75803 ], [ -73.710112, 40.757708 ], [ -73.709501, 40.75731 ], [ -73.709374, 40.757227 ], [ -73.708129, 40.756414 ], [ -73.707825, 40.756216 ], [ -73.707008, 40.755758 ], [ -73.70619, 40.755301 ], [ -73.705271, 40.75477 ], [ -73.703468, 40.753683 ], [ -73.703336, 40.753599 ], [ -73.703203, 40.753515 ], [ -73.702968, 40.753383 ], [ -73.702735, 40.753251 ], [ -73.702178, 40.752886 ], [ -73.701633, 40.752493 ], [ -73.70154, 40.751925 ], [ -73.701473, 40.751329 ], [ -73.701421, 40.750804 ], [ -73.701422, 40.750752 ], [ -73.701425, 40.75066 ], [ -73.701238, 40.749011 ], [ -73.701205, 40.748861 ], [ -73.701001, 40.747086 ], [ -73.700988, 40.746878 ], [ -73.700791, 40.745082 ], [ -73.700768, 40.745014 ], [ -73.700582, 40.743184 ], [ -73.701074, 40.74307 ], [ -73.702151, 40.742825 ], [ -73.702424, 40.742763 ], [ -73.703346, 40.742568 ], [ -73.704266, 40.742369 ], [ -73.705169, 40.742175 ], [ -73.706073, 40.74198 ], [ -73.70701, 40.741779 ], [ -73.707947, 40.741578 ], [ -73.708846, 40.741384 ], [ -73.709749, 40.74119 ], [ -73.710653, 40.740996 ], [ -73.711557, 40.740802 ], [ -73.71246, 40.740609 ], [ -73.713363, 40.740416 ], [ -73.714265, 40.740221 ], [ -73.715169, 40.740027 ], [ -73.715783, 40.739894 ], [ -73.71589, 40.73987 ], [ -73.717069, 40.739617 ], [ -73.71797, 40.739423 ], [ -73.718873, 40.739229 ], [ -73.719776, 40.739035 ], [ -73.720677, 40.738841 ], [ -73.721581, 40.738647 ], [ -73.722485, 40.738452 ], [ -73.723374, 40.738261 ], [ -73.724188, 40.7387 ], [ -73.723898, 40.738296 ], [ -73.723865, 40.738135 ], [ -73.723256, 40.736701 ], [ -73.723128, 40.736416 ], [ -73.723059, 40.736253 ], [ -73.722974, 40.736001 ], [ -73.722954, 40.735941 ], [ -73.722852, 40.7356 ], [ -73.722764, 40.735182 ], [ -73.722698, 40.734775 ], [ -73.722691, 40.734556 ], [ -73.722675, 40.734247 ], [ -73.722825, 40.734215 ], [ -73.723264, 40.734122 ], [ -73.72365, 40.734032 ], [ -73.724044, 40.73394 ], [ -73.724555, 40.733845 ], [ -73.725246, 40.733696 ], [ -73.725464, 40.73365 ], [ -73.726105, 40.73351 ], [ -73.726366, 40.733455 ], [ -73.726991, 40.73332 ], [ -73.728212, 40.733057 ], [ -73.729416, 40.732799 ], [ -73.729637, 40.73275 ], [ -73.729928, 40.732701 ], [ -73.730191, 40.732671 ], [ -73.730456, 40.732656 ], [ -73.730721, 40.732654 ], [ -73.730985, 40.732665 ], [ -73.731277, 40.732714 ], [ -73.732186, 40.732867 ], [ -73.732911, 40.730952 ], [ -73.734023, 40.730983 ], [ -73.735139, 40.731012 ], [ -73.736317, 40.731043 ], [ -73.736192, 40.731366 ], [ -73.735705, 40.732603 ], [ -73.735265, 40.733454 ], [ -73.73557, 40.733464 ], [ -73.736128, 40.733474 ], [ -73.736934, 40.735627 ], [ -73.737701, 40.737686 ], [ -73.738603, 40.737491 ], [ -73.7395, 40.737298 ], [ -73.740159, 40.737169 ], [ -73.741351, 40.7369 ], [ -73.741676, 40.736827 ], [ -73.741597, 40.736908 ], [ -73.741245, 40.737341 ], [ -73.740291, 40.738517 ], [ -73.740195, 40.739031 ], [ -73.741067, 40.738978 ], [ -73.74155, 40.738763 ], [ -73.74214, 40.738617 ], [ -73.743068, 40.738441 ], [ -73.743375, 40.738885 ], [ -73.743464, 40.739014 ], [ -73.743719, 40.739383 ], [ -73.743853, 40.740094 ], [ -73.743962, 40.740789 ], [ -73.745059, 40.741531 ], [ -73.746755, 40.742439 ], [ -73.747849, 40.743296 ], [ -73.748631, 40.744979 ], [ -73.749055, 40.745877 ], [ -73.749463, 40.746735 ], [ -73.750442, 40.748801 ], [ -73.751157, 40.750319 ], [ -73.751023, 40.750338 ], [ -73.751042, 40.750403 ], [ -73.750936, 40.75042 ], [ -73.750291, 40.750525 ], [ -73.75033, 40.750661 ], [ -73.750368, 40.750777 ], [ -73.750411, 40.750931 ], [ -73.75109, 40.750819 ], [ -73.751076, 40.750897 ], [ -73.751115, 40.750889 ], [ -73.751392, 40.751572 ], [ -73.752358, 40.751412 ], [ -73.753255, 40.751238 ], [ -73.75413, 40.751043 ], [ -73.754558, 40.750933 ], [ -73.755014, 40.750817 ], [ -73.757377, 40.750228 ], [ -73.757827, 40.750758 ], [ -73.758799, 40.750483 ], [ -73.759682, 40.750241 ], [ -73.760565, 40.75 ], [ -73.761485, 40.75174 ], [ -73.762758, 40.751942 ], [ -73.762842, 40.752438 ], [ -73.762952, 40.753162 ], [ -73.763071, 40.753917 ], [ -73.76319, 40.754677 ], [ -73.763298, 40.75541 ], [ -73.76342, 40.756197 ], [ -73.763517, 40.756549 ], [ -73.763611, 40.75689 ], [ -73.763844, 40.757708 ], [ -73.762938, 40.757901 ], [ -73.761997, 40.758102 ], [ -73.762395, 40.759497 ], [ -73.763337, 40.759294 ], [ -73.763854, 40.761096 ], [ -73.764771, 40.760948 ], [ -73.76569, 40.760802 ], [ -73.766604, 40.760648 ], [ -73.76752, 40.760492 ], [ -73.768459, 40.760384 ], [ -73.769337, 40.760254 ], [ -73.770275, 40.760083 ], [ -73.771149, 40.759867 ], [ -73.77182, 40.759689 ], [ -73.772035, 40.759636 ], [ -73.772916, 40.759398 ], [ -73.773781, 40.759165 ], [ -73.774225, 40.759043 ], [ -73.774687, 40.75892 ], [ -73.77557, 40.758681 ], [ -73.776475, 40.758467 ], [ -73.777016, 40.758319 ], [ -73.7772, 40.758269 ], [ -73.777403, 40.758214 ], [ -73.777667, 40.758148 ], [ -73.777417, 40.757362 ], [ -73.779015, 40.756934 ], [ -73.780563, 40.756515 ], [ -73.782481, 40.755997 ], [ -73.784468, 40.75546 ], [ -73.784391, 40.754726 ], [ -73.784315, 40.753986 ], [ -73.785241, 40.753833 ], [ -73.786177, 40.753777 ], [ -73.787111, 40.753717 ], [ -73.788047, 40.753666 ], [ -73.789002, 40.753609 ], [ -73.791415, 40.753465 ], [ -73.79242, 40.753407 ], [ -73.792375, 40.75307 ], [ -73.793433, 40.753343 ], [ -73.794577, 40.753563 ], [ -73.795459, 40.753667 ], [ -73.796396, 40.753772 ], [ -73.797325, 40.753871 ], [ -73.798261, 40.753895 ], [ -73.799214, 40.753832 ], [ -73.800166, 40.753782 ], [ -73.801114, 40.753734 ], [ -73.801827, 40.753717 ], [ -73.803007, 40.753699 ], [ -73.80266, 40.756252 ] ] ] } },
{ "type": "Feature", "properties": { "STATEFP": "36", "SLDLST": "034", "GEOID": "36034", "GEOIDFQ": "620L800US36034", "NAMELSAD": "Assembly District 34", "LSAD": "L3", "LSY": "2022", "MTFCC": "G5220", "FUNCSTAT": "N", "ALAND": 9242073, "AWATER": 1440314, "INTPTLAT": "+40.7703023", "INTPTLON": "-073.8968808", "ad_num": 34, "AssemDist": 34 }, "geometry": { "type": "Polygon", "coordinates": [ [ [ -73.920273, 40.772955 ], [ -73.918455, 40.774449 ], [ -73.918127, 40.774716 ], [ -73.91592, 40.77652 ], [ -73.916607, 40.777006 ], [ -73.915684, 40.777763 ], [ -73.914445, 40.778775 ], [ -73.912211, 40.780606 ], [ -73.912901, 40.78109 ], [ -73.910731, 40.782855 ], [ -73.911422, 40.783343 ], [ -73.912428, 40.784053 ], [ -73.913144, 40.78456 ], [ -73.913807, 40.785026 ], [ -73.914537, 40.785542 ], [ -73.915236, 40.786041 ], [ -73.915344, 40.786116 ], [ -73.91526, 40.786192 ], [ -73.915587, 40.78643 ], [ -73.914239, 40.787856 ], [ -73.9126, 40.789376 ], [ -73.91223, 40.789179 ], [ -73.912069, 40.789339 ], [ -73.911951, 40.789402 ], [ -73.91208, 40.789522 ], [ -73.911774, 40.789723 ], [ -73.911618, 40.789586 ], [ -73.91125, 40.789744 ], [ -73.911131, 40.790114 ], [ -73.910296, 40.790657 ], [ -73.910673, 40.793116 ], [ -73.912456, 40.796096 ], [ -73.899869, 40.792449 ], [ -73.892182, 40.790394 ], [ -73.892104, 40.790323 ], [ -73.891974, 40.790236 ], [ -73.89177, 40.790222 ], [ -73.891606, 40.790161 ], [ -73.891405, 40.790194 ], [ -73.891156, 40.790174 ], [ -73.89092, 40.790226 ], [ -73.8908, 40.790208 ], [ -73.89057, 40.790108 ], [ -73.890301, 40.789877 ], [ -73.890127, 40.789636 ], [ -73.889885, 40.78901 ], [ -73.88987, 40.788895 ], [ -73.889797, 40.788652 ], [ -73.889611, 40.7882 ], [ -73.889523, 40.788059 ], [ -73.889405, 40.787791 ], [ -73.889052, 40.787373 ], [ -73.888565, 40.787161 ], [ -73.888307, 40.787006 ], [ -73.8877, 40.78687 ], [ -73.887278, 40.786807 ], [ -73.887153, 40.786826 ], [ -73.886922, 40.786733 ], [ -73.886593, 40.786738 ], [ -73.886317, 40.786733 ], [ -73.88613, 40.786708 ], [ -73.885962, 40.786753 ], [ -73.88577, 40.786678 ], [ -73.885374, 40.786669 ], [ -73.885303, 40.786685 ], [ -73.889428, 40.78057 ], [ -73.888854, 40.779737 ], [ -73.889058, 40.774377 ], [ -73.889077, 40.773574 ], [ -73.889424, 40.773046 ], [ -73.890343, 40.773238 ], [ -73.89032, 40.773118 ], [ -73.890318, 40.772994 ], [ -73.890336, 40.772869 ], [ -73.890375, 40.772746 ], [ -73.890433, 40.772627 ], [ -73.890511, 40.772516 ], [ -73.890604, 40.772415 ], [ -73.89071, 40.772325 ], [ -73.890814, 40.772361 ], [ -73.890926, 40.772386 ], [ -73.891042, 40.7724 ], [ -73.891158, 40.772402 ], [ -73.891272, 40.772391 ], [ -73.890966, 40.770712 ], [ -73.890622, 40.768836 ], [ -73.890237, 40.766704 ], [ -73.890666, 40.766643 ], [ -73.890475, 40.76651 ], [ -73.88905, 40.766631 ], [ -73.890374, 40.766419 ], [ -73.890534, 40.766399 ], [ -73.89109, 40.766337 ], [ -73.891034, 40.766197 ], [ -73.891002, 40.766117 ], [ -73.890898, 40.765857 ], [ -73.891911, 40.765711 ], [ -73.891674, 40.76439 ], [ -73.890758, 40.764487 ], [ -73.889853, 40.764581 ], [ -73.888921, 40.764679 ], [ -73.887991, 40.764776 ], [ -73.887064, 40.764873 ], [ -73.88673, 40.763053 ], [ -73.885801, 40.763153 ], [ -73.884869, 40.763249 ], [ -73.883941, 40.763347 ], [ -73.88343, 40.763399 ], [ -73.883291, 40.763414 ], [ -73.883011, 40.763444 ], [ -73.882082, 40.763546 ], [ -73.881148, 40.763628 ], [ -73.880224, 40.763728 ], [ -73.880008, 40.763806 ], [ -73.879787, 40.76377 ], [ -73.879263, 40.763685 ], [ -73.878954, 40.761984 ], [ -73.877973, 40.761795 ], [ -73.876992, 40.761621 ], [ -73.876014, 40.761444 ], [ -73.874996, 40.761264 ], [ -73.874841, 40.760411 ], [ -73.874584, 40.758999 ], [ -73.874512, 40.758593 ], [ -73.874408, 40.758216 ], [ -73.873657, 40.756804 ], [ -73.873111, 40.756851 ], [ -73.872603, 40.756903 ], [ -73.872219, 40.756943 ], [ -73.872126, 40.756433 ], [ -73.871957, 40.755509 ], [ -73.871933, 40.755372 ], [ -73.871886, 40.755114 ], [ -73.870995, 40.755208 ], [ -73.870083, 40.755302 ], [ -73.869802, 40.753751 ], [ -73.869748, 40.753474 ], [ -73.869078, 40.75203 ], [ -73.868206, 40.752261 ], [ -73.867265, 40.752513 ], [ -73.866267, 40.752779 ], [ -73.865071, 40.750541 ], [ -73.8647, 40.750197 ], [ -73.863986, 40.750408 ], [ -73.863097, 40.750672 ], [ -73.862241, 40.75092 ], [ -73.862105, 40.750654 ], [ -73.861751, 40.749968 ], [ -73.861668, 40.749809 ], [ -73.861407, 40.749307 ], [ -73.862947, 40.748844 ], [ -73.863082, 40.748803 ], [ -73.863145, 40.748606 ], [ -73.863545, 40.748491 ], [ -73.86474, 40.748136 ], [ -73.865627, 40.747869 ], [ -73.866489, 40.747614 ], [ -73.867097, 40.747432 ], [ -73.867351, 40.747358 ], [ -73.868438, 40.747031 ], [ -73.868529, 40.747588 ], [ -73.868805, 40.747495 ], [ -73.868911, 40.74746 ], [ -73.869342, 40.747317 ], [ -73.870375, 40.746989 ], [ -73.871918, 40.746782 ], [ -73.871946, 40.746908 ], [ -73.871964, 40.746984 ], [ -73.873978, 40.747865 ], [ -73.874442, 40.747262 ], [ -73.874896, 40.74667 ], [ -73.876789, 40.747511 ], [ -73.877159, 40.746865 ], [ -73.878892, 40.747639 ], [ -73.879363, 40.747034 ], [ -73.881304, 40.747909 ], [ -73.881137, 40.747927 ], [ -73.88152, 40.750039 ], [ -73.881894, 40.752081 ], [ -73.882246, 40.754024 ], [ -73.883177, 40.753926 ], [ -73.884106, 40.753829 ], [ -73.885037, 40.753731 ], [ -73.885965, 40.753634 ], [ -73.886896, 40.753536 ], [ -73.887824, 40.753438 ], [ -73.888756, 40.75334 ], [ -73.889684, 40.753243 ], [ -73.890613, 40.753145 ], [ -73.891545, 40.753047 ], [ -73.892473, 40.752948 ], [ -73.892803, 40.754778 ], [ -73.891881, 40.754873 ], [ -73.892261, 40.75699 ], [ -73.893188, 40.756898 ], [ -73.894124, 40.756795 ], [ -73.895052, 40.756711 ], [ -73.895976, 40.756608 ], [ -73.896262, 40.758159 ], [ -73.897191, 40.75806 ], [ -73.898192, 40.757955 ], [ -73.899212, 40.757848 ], [ -73.89946, 40.757814 ], [ -73.899703, 40.757783 ], [ -73.899832, 40.757783 ], [ -73.8999, 40.757772 ], [ -73.899967, 40.757768 ], [ -73.900519, 40.757708 ], [ -73.900815, 40.757679 ], [ -73.901019, 40.757657 ], [ -73.901348, 40.757622 ], [ -73.901899, 40.757564 ], [ -73.902786, 40.757472 ], [ -73.903678, 40.757377 ], [ -73.904665, 40.757274 ], [ -73.904847, 40.757255 ], [ -73.904772, 40.758083 ], [ -73.904561, 40.759485 ], [ -73.905101, 40.759515 ], [ -73.905231, 40.759543 ], [ -73.905439, 40.759588 ], [ -73.904728, 40.761279 ], [ -73.905511, 40.761637 ], [ -73.905728, 40.761739 ], [ -73.90651, 40.762109 ], [ -73.907311, 40.762483 ], [ -73.908113, 40.762857 ], [ -73.908908, 40.763229 ], [ -73.910192, 40.761638 ], [ -73.910874, 40.760788 ], [ -73.912286, 40.759066 ], [ -73.91149, 40.758693 ], [ -73.910684, 40.758319 ], [ -73.909885, 40.757946 ], [ -73.909066, 40.757565 ], [ -73.908389, 40.757249 ], [ -73.908269, 40.757194 ], [ -73.907828, 40.756999 ], [ -73.90836, 40.755573 ], [ -73.908465, 40.755292 ], [ -73.908655, 40.754939 ], [ -73.909013, 40.75428 ], [ -73.909175, 40.754064 ], [ -73.909238, 40.753981 ], [ -73.909449, 40.753731 ], [ -73.909693, 40.75347 ], [ -73.909954, 40.753218 ], [ -73.910231, 40.752977 ], [ -73.910451, 40.752961 ], [ -73.910671, 40.752989 ], [ -73.91257, 40.753304 ], [ -73.913542, 40.753469 ], [ -73.914467, 40.753661 ], [ -73.914685, 40.753667 ], [ -73.915473, 40.753792 ], [ -73.916505, 40.753892 ], [ -73.916073, 40.754429 ], [ -73.914212, 40.756721 ], [ -73.915007, 40.757098 ], [ -73.913785, 40.758603 ], [ -73.914267, 40.759367 ], [ -73.914647, 40.760014 ], [ -73.914696, 40.760188 ], [ -73.915493, 40.760568 ], [ -73.916294, 40.760945 ], [ -73.915158, 40.762339 ], [ -73.914194, 40.763516 ], [ -73.9129, 40.765103 ], [ -73.910886, 40.76758 ], [ -73.90998, 40.768697 ], [ -73.910942, 40.76885 ], [ -73.910751, 40.769007 ], [ -73.910798, 40.769015 ], [ -73.910988, 40.769045 ], [ -73.911127, 40.769075 ], [ -73.911395, 40.769137 ], [ -73.911554, 40.769173 ], [ -73.911668, 40.769199 ], [ -73.912087, 40.769283 ], [ -73.912545, 40.769368 ], [ -73.912718, 40.769401 ], [ -73.912645, 40.769491 ], [ -73.912905, 40.769531 ], [ -73.914601, 40.769804 ], [ -73.914508, 40.76992 ], [ -73.914398, 40.770054 ], [ -73.914914, 40.770125 ], [ -73.915856, 40.770257 ], [ -73.914645, 40.771247 ], [ -73.914513, 40.771356 ], [ -73.91431, 40.771523 ], [ -73.9148, 40.771869 ], [ -73.915395, 40.77229 ], [ -73.916304, 40.771547 ], [ -73.916786, 40.771154 ], [ -73.917259, 40.770773 ], [ -73.917438, 40.77062 ], [ -73.917554, 40.77069 ], [ -73.917837, 40.770884 ], [ -73.91808, 40.77109 ], [ -73.91824, 40.771202 ], [ -73.918388, 40.771314 ], [ -73.918525, 40.771408 ], [ -73.919063, 40.771788 ], [ -73.919567, 40.772165 ], [ -73.919773, 40.772315 ], [ -73.919585, 40.772469 ], [ -73.920273, 40.772955 ] ] ] } },
{ "type": "Feature", "properties": { "STATEFP": "36", "SLDLST": "035", "GEOID": "36035", "GEOIDFQ": "620L800US36035", "NAMELSAD": "Assembly District 35", "LSAD": "L3", "LSY": "2022", "MTFCC": "G5220", "FUNCSTAT": "N", "ALAND": 9855854, "AWATER": 2785196, "INTPTLAT": "+40.7630946", "INTPTLON": "-073.8666607", "ad_num": 35, "AssemDist": 35 }, "geometry": { "type": "Polygon", "coordinates": [ [ [ -73.891911, 40.765711 ], [ -73.890898, 40.765857 ], [ -73.891002, 40.766117 ], [ -73.891034, 40.766197 ], [ -73.89109, 40.766337 ], [ -73.890534, 40.766399 ], [ -73.890374, 40.766419 ], [ -73.88905, 40.766631 ], [ -73.890475, 40.76651 ], [ -73.890666, 40.766643 ], [ -73.890237, 40.766704 ], [ -73.890622, 40.768836 ], [ -73.890966, 40.770712 ], [ -73.891272, 40.772391 ], [ -73.891158, 40.772402 ], [ -73.891042, 40.7724 ], [ -73.890926, 40.772386 ], [ -73.890814, 40.772361 ], [ -73.89071, 40.772325 ], [ -73.890604, 40.772415 ], [ -73.890511, 40.772516 ], [ -73.890433, 40.772627 ], [ -73.890375, 40.772746 ], [ -73.890336, 40.772869 ], [ -73.890318, 40.772994 ], [ -73.89032, 40.773118 ], [ -73.890343, 40.773238 ], [ -73.889424, 40.773046 ], [ -73.889077, 40.773574 ], [ -73.889058, 40.774377 ], [ -73.888854, 40.779737 ], [ -73.889428, 40.78057 ], [ -73.885303, 40.786685 ], [ -73.885222, 40.78663 ], [ -73.882929, 40.786209 ], [ -73.878307, 40.785357 ], [ -73.878128, 40.785436 ], [ -73.877944, 40.785509 ], [ -73.877757, 40.785576 ], [ -73.877566, 40.785636 ], [ -73.877371, 40.78569 ], [ -73.877173, 40.785737 ], [ -73.876973, 40.785778 ], [ -73.876771, 40.785811 ], [ -73.876531, 40.785837 ], [ -73.87629, 40.785858 ], [ -73.876048, 40.785872 ], [ -73.875806, 40.785881 ], [ -73.875563, 40.785884 ], [ -73.875321, 40.785881 ], [ -73.875079, 40.785872 ], [ -73.874837, 40.785857 ], [ -73.874596, 40.785836 ], [ -73.874356, 40.78581 ], [ -73.874211, 40.7858 ], [ -73.874038, 40.78578 ], [ -73.873864, 40.785765 ], [ -73.873689, 40.785755 ], [ -73.87351, 40.785721 ], [ -73.873428, 40.785762 ], [ -73.873355, 40.785789 ], [ -73.873286, 40.785812 ], [ -73.873202, 40.785825 ], [ -73.873088, 40.785855 ], [ -73.872981, 40.785894 ], [ -73.872885, 40.785963 ], [ -73.872854, 40.785926 ], [ -73.872809, 40.785903 ], [ -73.872774, 40.785942 ], [ -73.872823, 40.785964 ], [ -73.872872, 40.785975 ], [ -73.872788, 40.786078 ], [ -73.872685, 40.786154 ], [ -73.872473, 40.786303 ], [ -73.872265, 40.786424 ], [ -73.872106, 40.786469 ], [ -73.871876, 40.786624 ], [ -73.871631, 40.786798 ], [ -73.86542, 40.78497 ], [ -73.860505, 40.778984 ], [ -73.852897, 40.775457 ], [ -73.852642, 40.77208 ], [ -73.853702, 40.76948 ], [ -73.851834, 40.767746 ], [ -73.850281, 40.76606 ], [ -73.849215, 40.764209 ], [ -73.848515, 40.763822 ], [ -73.846709, 40.761345 ], [ -73.846353, 40.761219 ], [ -73.846863, 40.760416 ], [ -73.846017, 40.760805 ], [ -73.845975, 40.760717 ], [ -73.845911, 40.760585 ], [ -73.845902, 40.760565 ], [ -73.845852, 40.760455 ], [ -73.84549, 40.759729 ], [ -73.845134, 40.759069 ], [ -73.84479, 40.758403 ], [ -73.84445, 40.757744 ], [ -73.844044, 40.756945 ], [ -73.843634, 40.756157 ], [ -73.843244, 40.755337 ], [ -73.84562, 40.754612 ], [ -73.849541, 40.753457 ], [ -73.850121, 40.753284 ], [ -73.850679, 40.753117 ], [ -73.851196, 40.752962 ], [ -73.851897, 40.752753 ], [ -73.851715, 40.75241 ], [ -73.850499, 40.750121 ], [ -73.849695, 40.750405 ], [ -73.84432, 40.752242 ], [ -73.843948, 40.752575 ], [ -73.84383, 40.752464 ], [ -73.843679, 40.752308 ], [ -73.843489, 40.752049 ], [ -73.842179, 40.752514 ], [ -73.842062, 40.752555 ], [ -73.841942, 40.752591 ], [ -73.841819, 40.752621 ], [ -73.841694, 40.752645 ], [ -73.841568, 40.752664 ], [ -73.84144, 40.752676 ], [ -73.841311, 40.752683 ], [ -73.841182, 40.752684 ], [ -73.841822, 40.751917 ], [ -73.842562, 40.751425 ], [ -73.842667, 40.751397 ], [ -73.842615, 40.751061 ], [ -73.842746, 40.750944 ], [ -73.843002, 40.750889 ], [ -73.843118, 40.750932 ], [ -73.84371, 40.749583 ], [ -73.844147, 40.748573 ], [ -73.844441, 40.748534 ], [ -73.844733, 40.74848 ], [ -73.84502, 40.748413 ], [ -73.845301, 40.748331 ], [ -73.845574, 40.748236 ], [ -73.845837, 40.748128 ], [ -73.847099, 40.747739 ], [ -73.848323, 40.747367 ], [ -73.848376, 40.74735 ], [ -73.84859, 40.74728 ], [ -73.848363, 40.746942 ], [ -73.848339, 40.746906 ], [ -73.848327, 40.746888 ], [ -73.848128, 40.746553 ], [ -73.847741, 40.745883 ], [ -73.847545, 40.745517 ], [ -73.84744, 40.745324 ], [ -73.84738, 40.745212 ], [ -73.84698, 40.744425 ], [ -73.846832, 40.74412 ], [ -73.846814, 40.744083 ], [ -73.846746, 40.743939 ], [ -73.846724, 40.743891 ], [ -73.846686, 40.74381 ], [ -73.846669, 40.743763 ], [ -73.846474, 40.743298 ], [ -73.846449, 40.743237 ], [ -73.8462, 40.742591 ], [ -73.846049, 40.742197 ], [ -73.845889, 40.741784 ], [ -73.845798, 40.741546 ], [ -73.845683, 40.741089 ], [ -73.845473, 40.740253 ], [ -73.845436, 40.740079 ], [ -73.845399, 40.739931 ], [ -73.845354, 40.739749 ], [ -73.845546, 40.739659 ], [ -73.845372, 40.738703 ], [ -73.845335, 40.73849 ], [ -73.845237, 40.737889 ], [ -73.845174, 40.737322 ], [ -73.84516, 40.737188 ], [ -73.84504, 40.736095 ], [ -73.845001, 40.735883 ], [ -73.844927, 40.735624 ], [ -73.844774, 40.735093 ], [ -73.844685, 40.734852 ], [ -73.844558, 40.734537 ], [ -73.844515, 40.734446 ], [ -73.844383, 40.734172 ], [ -73.844957, 40.733987 ], [ -73.844753, 40.73362 ], [ -73.847008, 40.732947 ], [ -73.849264, 40.732278 ], [ -73.851479, 40.731618 ], [ -73.853259, 40.731087 ], [ -73.855914, 40.730293 ], [ -73.858165, 40.729625 ], [ -73.859384, 40.729239 ], [ -73.860115, 40.729522 ], [ -73.860527, 40.729679 ], [ -73.861259, 40.729937 ], [ -73.862188, 40.730276 ], [ -73.8626, 40.73042 ], [ -73.863424, 40.731951 ], [ -73.864339, 40.733743 ], [ -73.864438, 40.73393 ], [ -73.864513, 40.734074 ], [ -73.864577, 40.734194 ], [ -73.864618, 40.734271 ], [ -73.866313, 40.733775 ], [ -73.866512, 40.734158 ], [ -73.866851, 40.734821 ], [ -73.867191, 40.735487 ], [ -73.867546, 40.736154 ], [ -73.867834, 40.736913 ], [ -73.868228, 40.736849 ], [ -73.868572, 40.737745 ], [ -73.868191, 40.737829 ], [ -73.868458, 40.738514 ], [ -73.86872, 40.739199 ], [ -73.868985, 40.739884 ], [ -73.869248, 40.74057 ], [ -73.867563, 40.740942 ], [ -73.867318, 40.740261 ], [ -73.867147, 40.739837 ], [ -73.866647, 40.73995 ], [ -73.866209, 40.740051 ], [ -73.865312, 40.740258 ], [ -73.864411, 40.740472 ], [ -73.863524, 40.740688 ], [ -73.861855, 40.741589 ], [ -73.86117, 40.740396 ], [ -73.860734, 40.739636 ], [ -73.860249, 40.739921 ], [ -73.859491, 40.740358 ], [ -73.858766, 40.740797 ], [ -73.858581, 40.740621 ], [ -73.858384, 40.740452 ], [ -73.858174, 40.740292 ], [ -73.857953, 40.740142 ], [ -73.857309, 40.739681 ], [ -73.857051, 40.73989 ], [ -73.856454, 40.740363 ], [ -73.856382, 40.740422 ], [ -73.85581, 40.740887 ], [ -73.855724, 40.740957 ], [ -73.855193, 40.741381 ], [ -73.854953, 40.741577 ], [ -73.854577, 40.741884 ], [ -73.854316, 40.742089 ], [ -73.853932, 40.742344 ], [ -73.854332, 40.742698 ], [ -73.851551, 40.743507 ], [ -73.851895, 40.74418 ], [ -73.852241, 40.744841 ], [ -73.852577, 40.745506 ], [ -73.852918, 40.746171 ], [ -73.85326, 40.746834 ], [ -73.853602, 40.747492 ], [ -73.854021, 40.748156 ], [ -73.854369, 40.748739 ], [ -73.854421, 40.748805 ], [ -73.854477, 40.748953 ], [ -73.854793, 40.749563 ], [ -73.855139, 40.750226 ], [ -73.855479, 40.750891 ], [ -73.855835, 40.751577 ], [ -73.856253, 40.752398 ], [ -73.856662, 40.753191 ], [ -73.859586, 40.752321 ], [ -73.862514, 40.751448 ], [ -73.862241, 40.75092 ], [ -73.863097, 40.750672 ], [ -73.863986, 40.750408 ], [ -73.8647, 40.750197 ], [ -73.865071, 40.750541 ], [ -73.866267, 40.752779 ], [ -73.867265, 40.752513 ], [ -73.868206, 40.752261 ], [ -73.869078, 40.75203 ], [ -73.869748, 40.753474 ], [ -73.869802, 40.753751 ], [ -73.870083, 40.755302 ], [ -73.870995, 40.755208 ], [ -73.871886, 40.755114 ], [ -73.871933, 40.755372 ], [ -73.871957, 40.755509 ], [ -73.872126, 40.756433 ], [ -73.872219, 40.756943 ], [ -73.872603, 40.756903 ], [ -73.873111, 40.756851 ], [ -73.873657, 40.756804 ], [ -73.874408, 40.758216 ], [ -73.874512, 40.758593 ], [ -73.874584, 40.758999 ], [ -73.874841, 40.760411 ], [ -73.874996, 40.761264 ], [ -73.876014, 40.761444 ], [ -73.876992, 40.761621 ], [ -73.877973, 40.761795 ], [ -73.878954, 40.761984 ], [ -73.879263, 40.763685 ], [ -73.879787, 40.76377 ], [ -73.880008, 40.763806 ], [ -73.880224, 40.763728 ], [ -73.881148, 40.763628 ], [ -73.882082, 40.763546 ], [ -73.883011, 40.763444 ], [ -73.883291, 40.763414 ], [ -73.88343, 40.763399 ], [ -73.883941, 40.763347 ], [ -73.884869, 40.763249 ], [ -73.885801, 40.763153 ], [ -73.88673, 40.763053 ], [ -73.887064, 40.764873 ], [ -73.887991, 40.764776 ], [ -73.888921, 40.764679 ], [ -73.889853, 40.764581 ], [ -73.890758, 40.764487 ], [ -73.891674, 40.76439 ], [ -73.891911, 40.765711 ] ] ] } },
{ "type": "Feature", "properties": { "STATEFP": "36", "SLDLST": "036", "GEOID": "36036", "GEOIDFQ": "620L800US36036", "NAMELSAD": "Assembly District 36", "LSAD": "L3", "LSY": "2022", "MTFCC": "G5220", "FUNCSTAT": "N", "ALAND": 8625443, "AWATER": 16978, "INTPTLAT": "+40.7621258", "INTPTLON": "-073.9307257", "ad_num": 36, "AssemDist": 36 }, "geometry": { "type": "Polygon", "coordinates": [ [ [ -73.955595, 40.749684 ], [ -73.955464, 40.749674 ], [ -73.955349, 40.750014 ], [ -73.955215, 40.749992 ], [ -73.955132, 40.749926 ], [ -73.955203, 40.749677 ], [ -73.955067, 40.749633 ], [ -73.954516, 40.750587 ], [ -73.95465, 40.750831 ], [ -73.954317, 40.751258 ], [ -73.95394, 40.751746 ], [ -73.953994, 40.751786 ], [ -73.953802, 40.751958 ], [ -73.953679, 40.752047 ], [ -73.953641, 40.752037 ], [ -73.952972, 40.752747 ], [ -73.953009, 40.752775 ], [ -73.952849, 40.75294 ], [ -73.952657, 40.753107 ], [ -73.952173, 40.753703 ], [ -73.952081, 40.753757 ], [ -73.951779, 40.754087 ], [ -73.951625, 40.754249 ], [ -73.951367, 40.754524 ], [ -73.951018, 40.755087 ], [ -73.950877, 40.755167 ], [ -73.95084, 40.755219 ], [ -73.950766, 40.755313 ], [ -73.950735, 40.755352 ], [ -73.950713, 40.755378 ], [ -73.950663, 40.755436 ], [ -73.94915, 40.757329 ], [ -73.948445, 40.758218 ], [ -73.947832, 40.758989 ], [ -73.945964, 40.761293 ], [ -73.945806, 40.76145 ], [ -73.945705, 40.761488 ], [ -73.944715, 40.762879 ], [ -73.943503, 40.764499 ], [ -73.941585, 40.766616 ], [ -73.941312, 40.766918 ], [ -73.940463, 40.76753 ], [ -73.940351, 40.767653 ], [ -73.939836, 40.767988 ], [ -73.938204, 40.768728 ], [ -73.936404, 40.769475 ], [ -73.935323, 40.770485 ], [ -73.934956, 40.77173 ], [ -73.937466, 40.772504 ], [ -73.937466, 40.772531 ], [ -73.937813, 40.773563 ], [ -73.937858, 40.774088 ], [ -73.937655, 40.775086 ], [ -73.937047, 40.775866 ], [ -73.93638, 40.776921 ], [ -73.936089, 40.777184 ], [ -73.935855, 40.777212 ], [ -73.935509, 40.777539 ], [ -73.935082, 40.777944 ], [ -73.934744, 40.778076 ], [ -73.934412, 40.778093 ], [ -73.933908, 40.778117 ], [ -73.932903, 40.777944 ], [ -73.932775, 40.777922 ], [ -73.932722, 40.778035 ], [ -73.932649, 40.778022 ], [ -73.931847, 40.777892 ], [ -73.931788, 40.777871 ], [ -73.93105, 40.777442 ], [ -73.931074, 40.777261 ], [ -73.930883, 40.776974 ], [ -73.930629, 40.776591 ], [ -73.929881, 40.776222 ], [ -73.929036, 40.776467 ], [ -73.928605, 40.776593 ], [ -73.928396, 40.776791 ], [ -73.928277, 40.776899 ], [ -73.927084, 40.777717 ], [ -73.926318, 40.778242 ], [ -73.925908, 40.778361 ], [ -73.925745, 40.778405 ], [ -73.925573, 40.778459 ], [ -73.924816, 40.778758 ], [ -73.924234, 40.779101 ], [ -73.923187, 40.780248 ], [ -73.922957, 40.780441 ], [ -73.92263, 40.780565 ], [ -73.9221, 40.780852 ], [ -73.920999, 40.781749 ], [ -73.920763, 40.78195 ], [ -73.920383, 40.782276 ], [ -73.919965, 40.782635 ], [ -73.91909, 40.783368 ], [ -73.918474, 40.783754 ], [ -73.918189, 40.783933 ], [ -73.917738, 40.784076 ], [ -73.917245, 40.784142 ], [ -73.917171, 40.784193 ], [ -73.917182, 40.784552 ], [ -73.916833, 40.785191 ], [ -73.915752, 40.786108 ], [ -73.915399, 40.786058 ], [ -73.915344, 40.786116 ], [ -73.915236, 40.786041 ], [ -73.914537, 40.785542 ], [ -73.913807, 40.785026 ], [ -73.913144, 40.78456 ], [ -73.912428, 40.784053 ], [ -73.911422, 40.783343 ], [ -73.910731, 40.782855 ], [ -73.912901, 40.78109 ], [ -73.912211, 40.780606 ], [ -73.914445, 40.778775 ], [ -73.915684, 40.777763 ], [ -73.916607, 40.777006 ], [ -73.91592, 40.77652 ], [ -73.918127, 40.774716 ], [ -73.918455, 40.774449 ], [ -73.920273, 40.772955 ], [ -73.919585, 40.772469 ], [ -73.919773, 40.772315 ], [ -73.919567, 40.772165 ], [ -73.919063, 40.771788 ], [ -73.918525, 40.771408 ], [ -73.918388, 40.771314 ], [ -73.91824, 40.771202 ], [ -73.91808, 40.77109 ], [ -73.917837, 40.770884 ], [ -73.917554, 40.77069 ], [ -73.917438, 40.77062 ], [ -73.917259, 40.770773 ], [ -73.916786, 40.771154 ], [ -73.916304, 40.771547 ], [ -73.915395, 40.77229 ], [ -73.9148, 40.771869 ], [ -73.91431, 40.771523 ], [ -73.914513, 40.771356 ], [ -73.914645, 40.771247 ], [ -73.915856, 40.770257 ], [ -73.914914, 40.770125 ], [ -73.914398, 40.770054 ], [ -73.914508, 40.76992 ], [ -73.914601, 40.769804 ], [ -73.912905, 40.769531 ], [ -73.912645, 40.769491 ], [ -73.912718, 40.769401 ], [ -73.912545, 40.769368 ], [ -73.912087, 40.769283 ], [ -73.911668, 40.769199 ], [ -73.911554, 40.769173 ], [ -73.911395, 40.769137 ], [ -73.911127, 40.769075 ], [ -73.910988, 40.769045 ], [ -73.910798, 40.769015 ], [ -73.910751, 40.769007 ], [ -73.910942, 40.76885 ], [ -73.90998, 40.768697 ], [ -73.910886, 40.76758 ], [ -73.9129, 40.765103 ], [ -73.914194, 40.763516 ], [ -73.915158, 40.762339 ], [ -73.916294, 40.760945 ], [ -73.915493, 40.760568 ], [ -73.914696, 40.760188 ], [ -73.914647, 40.760014 ], [ -73.914267, 40.759367 ], [ -73.913785, 40.758603 ], [ -73.915007, 40.757098 ], [ -73.914212, 40.756721 ], [ -73.916073, 40.754429 ], [ -73.916505, 40.753892 ], [ -73.917632, 40.753858 ], [ -73.918923, 40.753636 ], [ -73.920277, 40.753338 ], [ -73.920479, 40.753285 ], [ -73.921619, 40.753028 ], [ -73.92204, 40.752938 ], [ -73.922966, 40.752729 ], [ -73.924417, 40.752404 ], [ -73.924689, 40.751727 ], [ -73.924715, 40.751228 ], [ -73.924832, 40.750637 ], [ -73.924957, 40.750003 ], [ -73.925145, 40.749066 ], [ -73.925175, 40.748913 ], [ -73.925247, 40.748539 ], [ -73.925342, 40.748049 ], [ -73.925467, 40.747432 ], [ -73.926353, 40.747551 ], [ -73.926771, 40.747592 ], [ -73.927323, 40.747485 ], [ -73.928318, 40.74729 ], [ -73.929335, 40.747062 ], [ -73.930291, 40.746897 ], [ -73.931274, 40.746702 ], [ -73.932268, 40.746497 ], [ -73.933264, 40.746288 ], [ -73.934401, 40.746035 ], [ -73.937697, 40.745239 ], [ -73.938358, 40.745386 ], [ -73.938839, 40.745494 ], [ -73.939317, 40.745627 ], [ -73.939595, 40.745663 ], [ -73.939965, 40.745745 ], [ -73.940358, 40.745834 ], [ -73.940485, 40.745862 ], [ -73.941736, 40.746143 ], [ -73.942812, 40.74638 ], [ -73.942899, 40.746424 ], [ -73.942972, 40.746471 ], [ -73.943078, 40.746563 ], [ -73.943151, 40.746653 ], [ -73.9432, 40.746742 ], [ -73.94322, 40.746795 ], [ -73.943765, 40.746581 ], [ -73.944206, 40.746705 ], [ -73.945317, 40.746916 ], [ -73.947606, 40.747359 ], [ -73.949843, 40.747794 ], [ -73.949628, 40.748546 ], [ -73.95164, 40.748934 ], [ -73.952213, 40.749056 ], [ -73.954364, 40.749405 ], [ -73.95495, 40.749508 ], [ -73.955748, 40.74968 ], [ -73.955595, 40.749684 ] ] ] } },
{ "type": "Feature", "properties": { "STATEFP": "36", "SLDLST": "037", "GEOID": "36037", "GEOIDFQ": "620L800US36037", "NAMELSAD": "Assembly District 37", "LSAD": "L3", "LSY": "2022", "MTFCC": "G5220", "FUNCSTAT": "N", "ALAND": 14547600, "AWATER": 382575, "INTPTLAT": "+40.7299521", "INTPTLON": "-073.9207650", "ad_num": 37, "AssemDist": 37 }, "geometry": { "type": "Polygon", "coordinates": [ [ [ -73.96262, 40.739033 ], [ -73.962441, 40.73964 ], [ -73.962435, 40.739672 ], [ -73.961911, 40.740997 ], [ -73.961796, 40.741131 ], [ -73.961684, 40.741582 ], [ -73.961381, 40.742802 ], [ -73.961291, 40.742894 ], [ -73.961183, 40.743005 ], [ -73.960833, 40.743639 ], [ -73.960563, 40.744024 ], [ -73.960513, 40.744108 ], [ -73.960267, 40.744428 ], [ -73.960211, 40.744511 ], [ -73.959778, 40.745178 ], [ -73.959725, 40.745261 ], [ -73.959193, 40.746035 ], [ -73.959124, 40.746119 ], [ -73.958711, 40.746635 ], [ -73.958327, 40.747081 ], [ -73.958216, 40.747212 ], [ -73.957732, 40.747775 ], [ -73.957584, 40.747948 ], [ -73.956842, 40.748828 ], [ -73.956174, 40.749665 ], [ -73.9562, 40.749671 ], [ -73.956201, 40.749686 ], [ -73.956121, 40.74976 ], [ -73.956088, 40.749769 ], [ -73.956062, 40.749764 ], [ -73.955532, 40.750216 ], [ -73.954317, 40.751258 ], [ -73.95465, 40.750831 ], [ -73.954516, 40.750587 ], [ -73.955067, 40.749633 ], [ -73.955203, 40.749677 ], [ -73.955132, 40.749926 ], [ -73.955215, 40.749992 ], [ -73.955349, 40.750014 ], [ -73.955464, 40.749674 ], [ -73.955595, 40.749684 ], [ -73.955748, 40.74968 ], [ -73.95495, 40.749508 ], [ -73.954364, 40.749405 ], [ -73.952213, 40.749056 ], [ -73.95164, 40.748934 ], [ -73.949628, 40.748546 ], [ -73.949843, 40.747794 ], [ -73.947606, 40.747359 ], [ -73.945317, 40.746916 ], [ -73.944206, 40.746705 ], [ -73.943765, 40.746581 ], [ -73.94322, 40.746795 ], [ -73.9432, 40.746742 ], [ -73.943151, 40.746653 ], [ -73.943078, 40.746563 ], [ -73.942972, 40.746471 ], [ -73.942899, 40.746424 ], [ -73.942812, 40.74638 ], [ -73.941736, 40.746143 ], [ -73.940485, 40.745862 ], [ -73.940358, 40.745834 ], [ -73.939965, 40.745745 ], [ -73.939595, 40.745663 ], [ -73.939317, 40.745627 ], [ -73.938839, 40.745494 ], [ -73.938358, 40.745386 ], [ -73.937697, 40.745239 ], [ -73.934401, 40.746035 ], [ -73.933264, 40.746288 ], [ -73.932268, 40.746497 ], [ -73.931274, 40.746702 ], [ -73.930291, 40.746897 ], [ -73.929335, 40.747062 ], [ -73.928318, 40.74729 ], [ -73.927323, 40.747485 ], [ -73.926771, 40.747592 ], [ -73.926353, 40.747551 ], [ -73.925467, 40.747432 ], [ -73.925342, 40.748049 ], [ -73.925247, 40.748539 ], [ -73.925175, 40.748913 ], [ -73.925145, 40.749066 ], [ -73.924957, 40.750003 ], [ -73.924832, 40.750637 ], [ -73.924715, 40.751228 ], [ -73.924689, 40.751727 ], [ -73.924417, 40.752404 ], [ -73.922966, 40.752729 ], [ -73.92204, 40.752938 ], [ -73.921619, 40.753028 ], [ -73.920479, 40.753285 ], [ -73.920277, 40.753338 ], [ -73.918923, 40.753636 ], [ -73.917632, 40.753858 ], [ -73.916505, 40.753892 ], [ -73.915473, 40.753792 ], [ -73.914685, 40.753667 ], [ -73.914467, 40.753661 ], [ -73.913542, 40.753469 ], [ -73.91257, 40.753304 ], [ -73.910671, 40.752989 ], [ -73.910451, 40.752961 ], [ -73.909847, 40.751637 ], [ -73.909556, 40.751037 ], [ -73.909497, 40.750951 ], [ -73.909459, 40.750855 ], [ -73.909443, 40.750755 ], [ -73.909452, 40.750656 ], [ -73.909483, 40.750561 ], [ -73.908319, 40.750119 ], [ -73.907509, 40.749767 ], [ -73.906698, 40.749337 ], [ -73.905913, 40.748859 ], [ -73.906043, 40.748569 ], [ -73.906242, 40.748128 ], [ -73.905349, 40.747893 ], [ -73.906419, 40.745635 ], [ -73.906613, 40.745393 ], [ -73.906741, 40.745398 ], [ -73.906998, 40.745391 ], [ -73.907148, 40.745377 ], [ -73.907348, 40.745347 ], [ -73.907522, 40.745309 ], [ -73.907645, 40.745287 ], [ -73.908405, 40.745151 ], [ -73.908632, 40.745112 ], [ -73.909587, 40.744941 ], [ -73.910115, 40.742352 ], [ -73.910192, 40.741972 ], [ -73.90929, 40.741867 ], [ -73.908339, 40.741757 ], [ -73.907556, 40.741659 ], [ -73.907784, 40.740745 ], [ -73.907345, 40.740642 ], [ -73.906391, 40.740409 ], [ -73.905474, 40.740176 ], [ -73.90453, 40.739925 ], [ -73.904579, 40.738551 ], [ -73.904586, 40.738092 ], [ -73.904614, 40.73791 ], [ -73.904639, 40.737753 ], [ -73.904819, 40.737671 ], [ -73.905566, 40.737336 ], [ -73.905606, 40.737225 ], [ -73.905614, 40.737162 ], [ -73.905661, 40.736102 ], [ -73.90517, 40.73586 ], [ -73.904703, 40.73568 ], [ -73.903787, 40.735217 ], [ -73.902866, 40.734767 ], [ -73.901943, 40.73434 ], [ -73.90108, 40.733908 ], [ -73.901231, 40.73372 ], [ -73.901298, 40.73364 ], [ -73.902597, 40.732104 ], [ -73.904023, 40.730365 ], [ -73.904218, 40.730127 ], [ -73.903982, 40.729993 ], [ -73.903413, 40.729719 ], [ -73.902618, 40.729343 ], [ -73.902137, 40.729062 ], [ -73.902047, 40.728966 ], [ -73.901939, 40.728878 ], [ -73.901815, 40.7288 ], [ -73.901678, 40.728735 ], [ -73.901532, 40.728685 ], [ -73.90138, 40.728651 ], [ -73.901226, 40.728632 ], [ -73.901081, 40.728637 ], [ -73.900955, 40.728653 ], [ -73.90081, 40.728685 ], [ -73.90069, 40.728724 ], [ -73.900531, 40.728796 ], [ -73.900375, 40.728896 ], [ -73.900242, 40.729019 ], [ -73.899246, 40.72905 ], [ -73.898728, 40.728377 ], [ -73.898715, 40.728089 ], [ -73.89869, 40.727519 ], [ -73.898652, 40.726709 ], [ -73.898619, 40.72601 ], [ -73.898613, 40.72574 ], [ -73.896073, 40.725512 ], [ -73.896337, 40.725364 ], [ -73.89485, 40.725226 ], [ -73.894678, 40.724999 ], [ -73.896052, 40.725111 ], [ -73.896634, 40.725161 ], [ -73.896707, 40.725167 ], [ -73.898436, 40.724281 ], [ -73.898685, 40.724154 ], [ -73.899609, 40.723682 ], [ -73.900577, 40.723186 ], [ -73.901248, 40.722785 ], [ -73.901523, 40.722621 ], [ -73.901424, 40.722567 ], [ -73.900916, 40.720744 ], [ -73.900626, 40.719764 ], [ -73.900335, 40.718669 ], [ -73.900339, 40.71802 ], [ -73.900047, 40.717967 ], [ -73.899838, 40.717836 ], [ -73.899303, 40.717542 ], [ -73.899018, 40.717382 ], [ -73.898204, 40.71693 ], [ -73.898058, 40.716863 ], [ -73.897963, 40.71681 ], [ -73.897818, 40.716712 ], [ -73.897729, 40.71664 ], [ -73.897617, 40.71653 ], [ -73.897502, 40.716384 ], [ -73.896285, 40.714818 ], [ -73.895538, 40.713804 ], [ -73.895025, 40.712478 ], [ -73.895904, 40.712507 ], [ -73.896219, 40.712522 ], [ -73.897103, 40.712558 ], [ -73.897683, 40.71258 ], [ -73.899355, 40.712647 ], [ -73.900184, 40.712681 ], [ -73.900596, 40.712697 ], [ -73.900185, 40.711904 ], [ -73.899855, 40.711265 ], [ -73.899709, 40.710981 ], [ -73.898632, 40.711225 ], [ -73.897576, 40.710775 ], [ -73.896459, 40.710298 ], [ -73.896163, 40.709622 ], [ -73.898453, 40.70904 ], [ -73.898003, 40.708401 ], [ -73.897563, 40.707759 ], [ -73.897231, 40.707091 ], [ -73.89694, 40.706499 ], [ -73.896649, 40.705914 ], [ -73.896573, 40.705766 ], [ -73.896331, 40.705274 ], [ -73.895379, 40.705511 ], [ -73.894486, 40.705734 ], [ -73.893917, 40.704401 ], [ -73.893131, 40.702567 ], [ -73.893436, 40.702188 ], [ -73.892968, 40.702136 ], [ -73.892744, 40.701851 ], [ -73.89384, 40.70086 ], [ -73.894388, 40.700784 ], [ -73.896096, 40.700667 ], [ -73.896271, 40.700653 ], [ -73.896721, 40.700617 ], [ -73.897983, 40.700517 ], [ -73.898369, 40.700518 ], [ -73.899116, 40.700511 ], [ -73.899759, 40.700505 ], [ -73.9002, 40.700501 ], [ -73.901327, 40.700492 ], [ -73.901415, 40.700491 ], [ -73.90249, 40.700484 ], [ -73.903675, 40.700409 ], [ -73.904191, 40.700738 ], [ -73.904727, 40.701055 ], [ -73.905467, 40.701493 ], [ -73.906208, 40.701931 ], [ -73.90695, 40.702371 ], [ -73.907687, 40.70281 ], [ -73.908432, 40.70325 ], [ -73.907507, 40.704156 ], [ -73.908247, 40.704593 ], [ -73.908989, 40.705032 ], [ -73.90973, 40.705471 ], [ -73.910471, 40.705908 ], [ -73.911212, 40.706346 ], [ -73.911952, 40.706784 ], [ -73.912878, 40.705879 ], [ -73.914031, 40.704749 ], [ -73.914771, 40.705189 ], [ -73.915513, 40.705626 ], [ -73.916253, 40.706066 ], [ -73.916995, 40.706503 ], [ -73.917737, 40.706943 ], [ -73.918477, 40.707382 ], [ -73.919222, 40.707815 ], [ -73.91996, 40.708257 ], [ -73.920701, 40.708695 ], [ -73.921435, 40.709129 ], [ -73.921892, 40.709396 ], [ -73.920745, 40.71053 ], [ -73.921221, 40.710791 ], [ -73.921546, 40.711043 ], [ -73.921687, 40.711894 ], [ -73.922233, 40.712854 ], [ -73.923137, 40.713396 ], [ -73.92404, 40.714008 ], [ -73.924059, 40.714112 ], [ -73.924241, 40.715126 ], [ -73.924327, 40.715568 ], [ -73.922739, 40.716158 ], [ -73.922711, 40.716478 ], [ -73.923127, 40.717024 ], [ -73.924278, 40.718536 ], [ -73.92418, 40.72002 ], [ -73.925344, 40.721638 ], [ -73.926539, 40.724065 ], [ -73.927171, 40.725233 ], [ -73.927225, 40.725333 ], [ -73.927801, 40.726494 ], [ -73.928908, 40.727548 ], [ -73.929058, 40.727688 ], [ -73.929086, 40.727714 ], [ -73.92914, 40.727745 ], [ -73.929179, 40.727764 ], [ -73.929213, 40.72778 ], [ -73.931825, 40.728482 ], [ -73.934425, 40.728818 ], [ -73.937525, 40.729815 ], [ -73.93966, 40.731487 ], [ -73.939913, 40.731943 ], [ -73.939977, 40.732052 ], [ -73.940003, 40.732114 ], [ -73.940073, 40.732233 ], [ -73.94037, 40.732767 ], [ -73.940318, 40.733195 ], [ -73.940368, 40.733269 ], [ -73.942163, 40.735678 ], [ -73.946367, 40.737256 ], [ -73.946832, 40.737437 ], [ -73.947064, 40.737516 ], [ -73.951886, 40.739023 ], [ -73.95254, 40.739228 ], [ -73.952669, 40.739258 ], [ -73.952723, 40.739261 ], [ -73.952749, 40.739262 ], [ -73.953907, 40.739421 ], [ -73.955087, 40.7394 ], [ -73.95706, 40.739167 ], [ -73.961525, 40.737218 ], [ -73.961859, 40.737072 ], [ -73.962478, 40.736802 ], [ -73.962609, 40.738805 ], [ -73.96262, 40.739033 ] ] ] } },
{ "type": "Feature", "properties": { "STATEFP": "36", "SLDLST": "038", "GEOID": "36038", "GEOIDFQ": "620L800US36038", "NAMELSAD": "Assembly District 38", "LSAD": "L3", "LSY": "2022", "MTFCC": "G5220", "FUNCSTAT": "N", "ALAND": 11375585, "AWATER": 82983, "INTPTLAT": "+40.6994986", "INTPTLON": "-073.8926982", "ad_num": 38, "AssemDist": 38 }, "geometry": { "type": "Polygon", "coordinates": [ [ [ -73.914031, 40.704749 ], [ -73.912878, 40.705879 ], [ -73.911952, 40.706784 ], [ -73.911212, 40.706346 ], [ -73.910471, 40.705908 ], [ -73.90973, 40.705471 ], [ -73.908989, 40.705032 ], [ -73.908247, 40.704593 ], [ -73.907507, 40.704156 ], [ -73.908432, 40.70325 ], [ -73.907687, 40.70281 ], [ -73.90695, 40.702371 ], [ -73.906208, 40.701931 ], [ -73.905467, 40.701493 ], [ -73.904727, 40.701055 ], [ -73.904191, 40.700738 ], [ -73.903675, 40.700409 ], [ -73.90249, 40.700484 ], [ -73.901415, 40.700491 ], [ -73.901327, 40.700492 ], [ -73.9002, 40.700501 ], [ -73.899759, 40.700505 ], [ -73.899116, 40.700511 ], [ -73.898369, 40.700518 ], [ -73.897983, 40.700517 ], [ -73.896721, 40.700617 ], [ -73.896271, 40.700653 ], [ -73.896096, 40.700667 ], [ -73.894388, 40.700784 ], [ -73.89384, 40.70086 ], [ -73.892744, 40.701851 ], [ -73.891942, 40.702886 ], [ -73.891268, 40.703597 ], [ -73.891053, 40.703816 ], [ -73.89041, 40.70397 ], [ -73.889517, 40.704179 ], [ -73.888623, 40.704389 ], [ -73.887762, 40.704594 ], [ -73.888263, 40.70581 ], [ -73.887396, 40.706018 ], [ -73.886528, 40.706225 ], [ -73.885549, 40.706155 ], [ -73.884598, 40.706123 ], [ -73.884313, 40.705411 ], [ -73.883454, 40.705615 ], [ -73.882613, 40.705801 ], [ -73.881697, 40.706026 ], [ -73.880878, 40.706193 ], [ -73.879993, 40.70639 ], [ -73.879066, 40.706453 ], [ -73.878131, 40.706514 ], [ -73.877157, 40.706573 ], [ -73.87722, 40.706687 ], [ -73.876055, 40.706734 ], [ -73.874918, 40.706816 ], [ -73.875193, 40.706647 ], [ -73.875151, 40.706544 ], [ -73.874939, 40.706675 ], [ -73.874241, 40.70673 ], [ -73.874079, 40.706314 ], [ -73.873215, 40.706519 ], [ -73.87236, 40.706725 ], [ -73.872299, 40.706594 ], [ -73.871441, 40.706798 ], [ -73.871221, 40.706263 ], [ -73.870943, 40.705578 ], [ -73.870665, 40.704898 ], [ -73.869819, 40.702838 ], [ -73.869156, 40.702893 ], [ -73.869033, 40.702904 ], [ -73.868243, 40.70297 ], [ -73.867247, 40.703052 ], [ -73.866538, 40.70311 ], [ -73.86564, 40.703183 ], [ -73.864728, 40.703259 ], [ -73.863794, 40.703334 ], [ -73.863254, 40.703392 ], [ -73.863077, 40.70338 ], [ -73.862797, 40.703361 ], [ -73.861423, 40.70327 ], [ -73.860682, 40.703184 ], [ -73.86037, 40.703151 ], [ -73.859975, 40.703109 ], [ -73.858747, 40.702974 ], [ -73.858532, 40.70295 ], [ -73.858288, 40.702911 ], [ -73.85815, 40.702898 ], [ -73.858112, 40.702895 ], [ -73.857953, 40.70288 ], [ -73.85704, 40.702788 ], [ -73.856145, 40.702686 ], [ -73.855293, 40.702596 ], [ -73.852151, 40.702251 ], [ -73.850687, 40.702089 ], [ -73.850285, 40.702045 ], [ -73.850272, 40.701829 ], [ -73.850193, 40.701613 ], [ -73.850077, 40.70147 ], [ -73.850004, 40.701405 ], [ -73.849928, 40.701351 ], [ -73.849816, 40.70129 ], [ -73.84783, 40.700318 ], [ -73.847711, 40.700259 ], [ -73.847546, 40.70014 ], [ -73.847453, 40.70005 ], [ -73.84741, 40.700001 ], [ -73.84734, 40.699897 ], [ -73.847314, 40.69984 ], [ -73.84729, 40.699788 ], [ -73.84726, 40.699676 ], [ -73.847214, 40.699376 ], [ -73.847162, 40.699188 ], [ -73.84706, 40.699028 ], [ -73.847017, 40.698842 ], [ -73.846938, 40.698871 ], [ -73.845025, 40.699359 ], [ -73.844274, 40.699781 ], [ -73.843594, 40.700172 ], [ -73.843065, 40.699146 ], [ -73.842227, 40.697471 ], [ -73.841135, 40.695284 ], [ -73.840497, 40.69536 ], [ -73.840351, 40.695383 ], [ -73.839634, 40.695535 ], [ -73.839483, 40.695582 ], [ -73.838791, 40.695853 ], [ -73.838652, 40.695926 ], [ -73.838014, 40.696297 ], [ -73.837899, 40.696369 ], [ -73.837167, 40.696866 ], [ -73.835982, 40.694416 ], [ -73.834882, 40.692222 ], [ -73.834806, 40.692071 ], [ -73.834768, 40.691995 ], [ -73.834045, 40.690552 ], [ -73.833104, 40.690828 ], [ -73.832228, 40.691082 ], [ -73.831795, 40.691209 ], [ -73.831514, 40.691279 ], [ -73.83143, 40.691284 ], [ -73.831386, 40.691265 ], [ -73.831305, 40.691252 ], [ -73.831105, 40.691279 ], [ -73.830767, 40.691354 ], [ -73.830526, 40.691431 ], [ -73.829336, 40.689004 ], [ -73.830163, 40.688772 ], [ -73.830993, 40.688537 ], [ -73.831852, 40.688293 ], [ -73.832743, 40.688042 ], [ -73.831723, 40.686051 ], [ -73.832577, 40.685806 ], [ -73.833422, 40.685568 ], [ -73.832726, 40.684116 ], [ -73.83295, 40.684029 ], [ -73.833524, 40.683806 ], [ -73.83379, 40.683693 ], [ -73.834293, 40.683432 ], [ -73.834583, 40.683276 ], [ -73.835056, 40.683015 ], [ -73.835369, 40.682843 ], [ -73.836158, 40.682415 ], [ -73.836975, 40.681988 ], [ -73.836327, 40.680668 ], [ -73.83565, 40.679273 ], [ -73.836391, 40.679473 ], [ -73.836781, 40.679571 ], [ -73.837806, 40.67972 ], [ -73.838455, 40.679811 ], [ -73.83883, 40.679862 ], [ -73.839521, 40.679962 ], [ -73.839922, 40.681187 ], [ -73.839963, 40.681179 ], [ -73.840046, 40.681163 ], [ -73.840129, 40.681147 ], [ -73.840188, 40.681136 ], [ -73.84022, 40.68121 ], [ -73.840516, 40.681856 ], [ -73.841196, 40.683351 ], [ -73.842175, 40.685354 ], [ -73.842231, 40.685338 ], [ -73.842476, 40.685269 ], [ -73.843352, 40.68502 ], [ -73.844215, 40.684775 ], [ -73.844918, 40.684576 ], [ -73.845926, 40.684288 ], [ -73.846036, 40.684257 ], [ -73.846151, 40.684224 ], [ -73.846265, 40.684192 ], [ -73.846784, 40.684045 ], [ -73.847662, 40.683794 ], [ -73.848543, 40.683544 ], [ -73.849422, 40.683295 ], [ -73.850284, 40.683049 ], [ -73.851129, 40.682809 ], [ -73.851979, 40.682564 ], [ -73.852819, 40.682331 ], [ -73.853664, 40.682088 ], [ -73.854496, 40.681851 ], [ -73.855353, 40.681607 ], [ -73.856198, 40.681367 ], [ -73.857043, 40.681127 ], [ -73.857907, 40.68088 ], [ -73.858786, 40.68063 ], [ -73.85966, 40.680383 ], [ -73.859779, 40.680349 ], [ -73.860531, 40.680135 ], [ -73.860659, 40.680099 ], [ -73.861423, 40.679879 ], [ -73.861564, 40.679839 ], [ -73.862296, 40.679632 ], [ -73.863349, 40.679352 ], [ -73.863508, 40.679992 ], [ -73.863787, 40.681114 ], [ -73.864101, 40.682373 ], [ -73.864449, 40.682278 ], [ -73.864994, 40.682129 ], [ -73.866027, 40.681918 ], [ -73.866074, 40.682144 ], [ -73.866199, 40.682736 ], [ -73.866295, 40.683189 ], [ -73.866504, 40.684474 ], [ -73.866598, 40.68527 ], [ -73.866871, 40.686331 ], [ -73.867018, 40.68683 ], [ -73.867277, 40.687745 ], [ -73.867461, 40.688415 ], [ -73.867504, 40.68861 ], [ -73.867623, 40.689145 ], [ -73.867768, 40.689803 ], [ -73.867909, 40.690476 ], [ -73.86797, 40.690765 ], [ -73.868059, 40.691184 ], [ -73.868685, 40.69385 ], [ -73.868672, 40.693855 ], [ -73.868685, 40.694035 ], [ -73.868717, 40.694622 ], [ -73.868917, 40.69515 ], [ -73.874021, 40.694191 ], [ -73.877764, 40.692153 ], [ -73.879456, 40.691231 ], [ -73.879512, 40.691187 ], [ -73.879616, 40.691106 ], [ -73.880723, 40.690243 ], [ -73.881341, 40.689761 ], [ -73.882267, 40.689039 ], [ -73.882649, 40.688741 ], [ -73.883654, 40.687959 ], [ -73.883757, 40.687879 ], [ -73.883777, 40.687863 ], [ -73.883867, 40.687721 ], [ -73.884517, 40.686691 ], [ -73.887284, 40.685622 ], [ -73.888083, 40.685294 ], [ -73.888294, 40.685175 ], [ -73.889089, 40.684641 ], [ -73.889607, 40.684214 ], [ -73.89014, 40.685005 ], [ -73.890878, 40.684543 ], [ -73.89166, 40.684044 ], [ -73.892523, 40.683424 ], [ -73.894139, 40.685243 ], [ -73.8942, 40.685309 ], [ -73.894406, 40.68509 ], [ -73.894597, 40.684882 ], [ -73.894942, 40.684548 ], [ -73.895293, 40.684169 ], [ -73.895819, 40.683516 ], [ -73.896123, 40.68314 ], [ -73.896231, 40.682977 ], [ -73.896331, 40.68283 ], [ -73.896406, 40.68268 ], [ -73.896482, 40.68253 ], [ -73.896518, 40.682397 ], [ -73.897341, 40.683368 ], [ -73.901162, 40.687878 ], [ -73.900425, 40.688184 ], [ -73.901805, 40.690766 ], [ -73.901241, 40.691438 ], [ -73.90159, 40.691632 ], [ -73.90183, 40.691815 ], [ -73.902073, 40.691999 ], [ -73.902788, 40.692418 ], [ -73.903541, 40.692849 ], [ -73.904288, 40.693278 ], [ -73.905043, 40.693704 ], [ -73.9058, 40.694128 ], [ -73.904914, 40.695074 ], [ -73.904804, 40.695148 ], [ -73.90426, 40.6957 ], [ -73.904664, 40.695932 ], [ -73.904803, 40.696008 ], [ -73.90489, 40.696051 ], [ -73.904952, 40.696086 ], [ -73.905011, 40.696122 ], [ -73.905083, 40.696163 ], [ -73.905235, 40.696251 ], [ -73.905401, 40.69635 ], [ -73.905583, 40.696449 ], [ -73.905704, 40.696515 ], [ -73.905771, 40.696549 ], [ -73.906117, 40.69675 ], [ -73.906156, 40.696776 ], [ -73.906263, 40.696832 ], [ -73.906524, 40.696976 ], [ -73.906846, 40.697164 ], [ -73.906927, 40.697208 ], [ -73.907036, 40.697268 ], [ -73.90712, 40.697314 ], [ -73.907275, 40.697399 ], [ -73.907372, 40.697452 ], [ -73.907523, 40.697548 ], [ -73.90757, 40.697572 ], [ -73.907771, 40.697684 ], [ -73.908022, 40.697825 ], [ -73.908774, 40.698255 ], [ -73.909533, 40.698675 ], [ -73.910143, 40.699033 ], [ -73.911036, 40.699532 ], [ -73.911808, 40.699938 ], [ -73.910679, 40.701046 ], [ -73.911422, 40.701487 ], [ -73.912162, 40.701923 ], [ -73.912904, 40.702362 ], [ -73.911807, 40.703435 ], [ -73.912549, 40.703873 ], [ -73.913292, 40.704313 ], [ -73.914031, 40.704749 ] ] ] } },
{ "type": "Feature", "properties": { "STATEFP": "36", "SLDLST": "039", "GEOID": "36039", "GEOIDFQ": "620L800US36039", "NAMELSAD": "Assembly District 39", "LSAD": "L3", "LSY": "2022", "MTFCC": "G5220", "FUNCSTAT": "N", "ALAND": 4711370, "AWATER": 0, "INTPTLAT": "+40.7400442", "INTPTLON": "-073.8723868", "ad_num": 39, "AssemDist": 39 }, "geometry": { "type": "Polygon", "coordinates": [ [ [ -73.893398, 40.752852 ], [ -73.892473, 40.752948 ], [ -73.891545, 40.753047 ], [ -73.890613, 40.753145 ], [ -73.889684, 40.753243 ], [ -73.888756, 40.75334 ], [ -73.887824, 40.753438 ], [ -73.886896, 40.753536 ], [ -73.885965, 40.753634 ], [ -73.885037, 40.753731 ], [ -73.884106, 40.753829 ], [ -73.883177, 40.753926 ], [ -73.882246, 40.754024 ], [ -73.881894, 40.752081 ], [ -73.88152, 40.750039 ], [ -73.881137, 40.747927 ], [ -73.881304, 40.747909 ], [ -73.879363, 40.747034 ], [ -73.878892, 40.747639 ], [ -73.877159, 40.746865 ], [ -73.876789, 40.747511 ], [ -73.874896, 40.74667 ], [ -73.874442, 40.747262 ], [ -73.873978, 40.747865 ], [ -73.871964, 40.746984 ], [ -73.871946, 40.746908 ], [ -73.871918, 40.746782 ], [ -73.870375, 40.746989 ], [ -73.869342, 40.747317 ], [ -73.868911, 40.74746 ], [ -73.868805, 40.747495 ], [ -73.868529, 40.747588 ], [ -73.868438, 40.747031 ], [ -73.867351, 40.747358 ], [ -73.867097, 40.747432 ], [ -73.866489, 40.747614 ], [ -73.865627, 40.747869 ], [ -73.86474, 40.748136 ], [ -73.863545, 40.748491 ], [ -73.863145, 40.748606 ], [ -73.863082, 40.748803 ], [ -73.862947, 40.748844 ], [ -73.861407, 40.749307 ], [ -73.861668, 40.749809 ], [ -73.861751, 40.749968 ], [ -73.862105, 40.750654 ], [ -73.862241, 40.75092 ], [ -73.862514, 40.751448 ], [ -73.859586, 40.752321 ], [ -73.856662, 40.753191 ], [ -73.856253, 40.752398 ], [ -73.855835, 40.751577 ], [ -73.855479, 40.750891 ], [ -73.855139, 40.750226 ], [ -73.854793, 40.749563 ], [ -73.854477, 40.748953 ], [ -73.854421, 40.748805 ], [ -73.854369, 40.748739 ], [ -73.854021, 40.748156 ], [ -73.853602, 40.747492 ], [ -73.85326, 40.746834 ], [ -73.852918, 40.746171 ], [ -73.852577, 40.745506 ], [ -73.852241, 40.744841 ], [ -73.851895, 40.74418 ], [ -73.851551, 40.743507 ], [ -73.854332, 40.742698 ], [ -73.853932, 40.742344 ], [ -73.854316, 40.742089 ], [ -73.854577, 40.741884 ], [ -73.854953, 40.741577 ], [ -73.855193, 40.741381 ], [ -73.855724, 40.740957 ], [ -73.85581, 40.740887 ], [ -73.856382, 40.740422 ], [ -73.856454, 40.740363 ], [ -73.857051, 40.73989 ], [ -73.857309, 40.739681 ], [ -73.857953, 40.740142 ], [ -73.858174, 40.740292 ], [ -73.858384, 40.740452 ], [ -73.858581, 40.740621 ], [ -73.858766, 40.740797 ], [ -73.859491, 40.740358 ], [ -73.860249, 40.739921 ], [ -73.860734, 40.739636 ], [ -73.86117, 40.740396 ], [ -73.861855, 40.741589 ], [ -73.863524, 40.740688 ], [ -73.864411, 40.740472 ], [ -73.865312, 40.740258 ], [ -73.866209, 40.740051 ], [ -73.866647, 40.73995 ], [ -73.867147, 40.739837 ], [ -73.867318, 40.740261 ], [ -73.867563, 40.740942 ], [ -73.869248, 40.74057 ], [ -73.868985, 40.739884 ], [ -73.86872, 40.739199 ], [ -73.868458, 40.738514 ], [ -73.868191, 40.737829 ], [ -73.868572, 40.737745 ], [ -73.868228, 40.736849 ], [ -73.867834, 40.736913 ], [ -73.867546, 40.736154 ], [ -73.867191, 40.735487 ], [ -73.866851, 40.734821 ], [ -73.866512, 40.734158 ], [ -73.866313, 40.733775 ], [ -73.864618, 40.734271 ], [ -73.864577, 40.734194 ], [ -73.864513, 40.734074 ], [ -73.864438, 40.73393 ], [ -73.864339, 40.733743 ], [ -73.863424, 40.731951 ], [ -73.863871, 40.731814 ], [ -73.864479, 40.731089 ], [ -73.86469, 40.730746 ], [ -73.865081, 40.730113 ], [ -73.865487, 40.729472 ], [ -73.865893, 40.72883 ], [ -73.8663, 40.728186 ], [ -73.866556, 40.727753 ], [ -73.866623, 40.727613 ], [ -73.866808, 40.727379 ], [ -73.867064, 40.726973 ], [ -73.867469, 40.726329 ], [ -73.867877, 40.725685 ], [ -73.868282, 40.725042 ], [ -73.868398, 40.724854 ], [ -73.869064, 40.724534 ], [ -73.869293, 40.724436 ], [ -73.869619, 40.724287 ], [ -73.869837, 40.724187 ], [ -73.870551, 40.723862 ], [ -73.871353, 40.723493 ], [ -73.872153, 40.723122 ], [ -73.872954, 40.722751 ], [ -73.873753, 40.72238 ], [ -73.874161, 40.722192 ], [ -73.874554, 40.722007 ], [ -73.875449, 40.721751 ], [ -73.876464, 40.721594 ], [ -73.877595, 40.721575 ], [ -73.878678, 40.721557 ], [ -73.879734, 40.721507 ], [ -73.880841, 40.721441 ], [ -73.881307, 40.721416 ], [ -73.88092, 40.721603 ], [ -73.882435, 40.723509 ], [ -73.88249, 40.723578 ], [ -73.882954, 40.724152 ], [ -73.883583, 40.724949 ], [ -73.884136, 40.724882 ], [ -73.884933, 40.724786 ], [ -73.885534, 40.728049 ], [ -73.885554, 40.72813 ], [ -73.885576, 40.728207 ], [ -73.885031, 40.728297 ], [ -73.88466, 40.728341 ], [ -73.884599, 40.728346 ], [ -73.883914, 40.7284 ], [ -73.883668, 40.728294 ], [ -73.883875, 40.728074 ], [ -73.88372, 40.728146 ], [ -73.883433, 40.728193 ], [ -73.882855, 40.728245 ], [ -73.881854, 40.728322 ], [ -73.881925, 40.728399 ], [ -73.881955, 40.728438 ], [ -73.882032, 40.728539 ], [ -73.88214, 40.72868 ], [ -73.881786, 40.728698 ], [ -73.881433, 40.728729 ], [ -73.881081, 40.728774 ], [ -73.88093, 40.7288 ], [ -73.880733, 40.728833 ], [ -73.88039, 40.728905 ], [ -73.880053, 40.728991 ], [ -73.879723, 40.729089 ], [ -73.878979, 40.729375 ], [ -73.878433, 40.729588 ], [ -73.877965, 40.72977 ], [ -73.87754, 40.729955 ], [ -73.877308, 40.730047 ], [ -73.877075, 40.73014 ], [ -73.876343, 40.730399 ], [ -73.875711, 40.730595 ], [ -73.875589, 40.730628 ], [ -73.875237, 40.730724 ], [ -73.874956, 40.730617 ], [ -73.874755, 40.730542 ], [ -73.874233, 40.730355 ], [ -73.874081, 40.73029 ], [ -73.872409, 40.729664 ], [ -73.872335, 40.729633 ], [ -73.871429, 40.729248 ], [ -73.871489, 40.729485 ], [ -73.871566, 40.730078 ], [ -73.871629, 40.730751 ], [ -73.87164, 40.730864 ], [ -73.871642, 40.730886 ], [ -73.871646, 40.731017 ], [ -73.871595, 40.731183 ], [ -73.871533, 40.731342 ], [ -73.87142, 40.731562 ], [ -73.871363, 40.731705 ], [ -73.871294, 40.73188 ], [ -73.871211, 40.732096 ], [ -73.870838, 40.732659 ], [ -73.870796, 40.73271 ], [ -73.87059, 40.733143 ], [ -73.87048, 40.733294 ], [ -73.87194, 40.733717 ], [ -73.872085, 40.734221 ], [ -73.872105, 40.734291 ], [ -73.872257, 40.734737 ], [ -73.872656, 40.735743 ], [ -73.872772, 40.736046 ], [ -73.873037, 40.736748 ], [ -73.873297, 40.737434 ], [ -73.873567, 40.738117 ], [ -73.873835, 40.738803 ], [ -73.874103, 40.739488 ], [ -73.874361, 40.74016 ], [ -73.874796, 40.741288 ], [ -73.875019, 40.741494 ], [ -73.875623, 40.741985 ], [ -73.876959, 40.74103 ], [ -73.877614, 40.741551 ], [ -73.877858, 40.741745 ], [ -73.877966, 40.74181 ], [ -73.878041, 40.741839 ], [ -73.878222, 40.74191 ], [ -73.878479, 40.742151 ], [ -73.87886, 40.741746 ], [ -73.879175, 40.741625 ], [ -73.880337, 40.742534 ], [ -73.881004, 40.741841 ], [ -73.88188, 40.742377 ], [ -73.882633, 40.742787 ], [ -73.882831, 40.742888 ], [ -73.883874, 40.7434 ], [ -73.88471, 40.743794 ], [ -73.885095, 40.743974 ], [ -73.886233, 40.744465 ], [ -73.887338, 40.744941 ], [ -73.888332, 40.745365 ], [ -73.888368, 40.745506 ], [ -73.888606, 40.745483 ], [ -73.889331, 40.745786 ], [ -73.890366, 40.746231 ], [ -73.891393, 40.746648 ], [ -73.891431, 40.746845 ], [ -73.891505, 40.747238 ], [ -73.891831, 40.748887 ], [ -73.891799, 40.74896 ], [ -73.892708, 40.748863 ], [ -73.893048, 40.750908 ], [ -73.893398, 40.752852 ] ] ] } },
{ "type": "Feature", "properties": { "STATEFP": "36", "SLDLST": "040", "GEOID": "36040", "GEOIDFQ": "620L800US36040", "NAMELSAD": "Assembly District 40", "LSAD": "L3", "LSY": "2022", "MTFCC": "G5220", "FUNCSTAT": "N", "ALAND": 8484586, "AWATER": 96041, "INTPTLAT": "+40.7658549", "INTPTLON": "-073.8184739", "ad_num": 40, "AssemDist": 40 }, "geometry": { "type": "Polygon", "coordinates": [ [ [ -73.840109, 40.764162 ], [ -73.840099, 40.764211 ], [ -73.840021, 40.76455 ], [ -73.839961, 40.764754 ], [ -73.839863, 40.764995 ], [ -73.839725, 40.765284 ], [ -73.839538, 40.765224 ], [ -73.839417, 40.765428 ], [ -73.839121, 40.765983 ], [ -73.839132, 40.765991 ], [ -73.839256, 40.766034 ], [ -73.839319, 40.766054 ], [ -73.838829, 40.766725 ], [ -73.83871, 40.766895 ], [ -73.838164, 40.767725 ], [ -73.837292, 40.768689 ], [ -73.836732, 40.769222 ], [ -73.836269, 40.76961 ], [ -73.83548, 40.770142 ], [ -73.835178, 40.770346 ], [ -73.834376, 40.770892 ], [ -73.834035, 40.771086 ], [ -73.833428, 40.771434 ], [ -73.833133, 40.77161 ], [ -73.832789, 40.771807 ], [ -73.832522, 40.771964 ], [ -73.832438, 40.772014 ], [ -73.832178, 40.772175 ], [ -73.831833, 40.772388 ], [ -73.831713, 40.772474 ], [ -73.831593, 40.77256 ], [ -73.831127, 40.772943 ], [ -73.831, 40.773047 ], [ -73.830633, 40.773361 ], [ -73.83054, 40.773437 ], [ -73.83022, 40.773759 ], [ -73.830157, 40.773825 ], [ -73.829852, 40.774163 ], [ -73.829512, 40.774569 ], [ -73.829279, 40.774882 ], [ -73.829185, 40.775018 ], [ -73.828965, 40.775311 ], [ -73.828883, 40.775427 ], [ -73.828528, 40.776007 ], [ -73.828239, 40.77646 ], [ -73.828103, 40.776694 ], [ -73.827101, 40.77842 ], [ -73.826298, 40.779803 ], [ -73.826235, 40.779921 ], [ -73.825929, 40.779808 ], [ -73.825667, 40.77973 ], [ -73.82532, 40.780297 ], [ -73.825081, 40.780714 ], [ -73.823783, 40.780614 ], [ -73.822918, 40.780536 ], [ -73.821209, 40.780243 ], [ -73.821178, 40.780415 ], [ -73.821133, 40.780761 ], [ -73.821086, 40.781115 ], [ -73.819077, 40.780954 ], [ -73.817046, 40.780797 ], [ -73.814299, 40.780581 ], [ -73.812105, 40.780407 ], [ -73.808894, 40.780154 ], [ -73.806005, 40.779925 ], [ -73.803514, 40.779726 ], [ -73.803226, 40.779703 ], [ -73.802159, 40.779622 ], [ -73.801644, 40.778864 ], [ -73.801173, 40.778166 ], [ -73.800682, 40.777562 ], [ -73.800584, 40.777466 ], [ -73.797904, 40.777257 ], [ -73.797994, 40.776587 ], [ -73.798088, 40.775877 ], [ -73.798169, 40.775163 ], [ -73.798233, 40.774848 ], [ -73.7983, 40.77445 ], [ -73.798335, 40.77415 ], [ -73.798384, 40.773747 ], [ -73.797593, 40.773682 ], [ -73.798456, 40.773197 ], [ -73.798719, 40.773054 ], [ -73.799481, 40.772671 ], [ -73.799962, 40.772436 ], [ -73.800481, 40.772202 ], [ -73.800641, 40.771054 ], [ -73.800894, 40.769191 ], [ -73.801082, 40.767815 ], [ -73.801428, 40.765286 ], [ -73.801781, 40.762703 ], [ -73.801889, 40.761898 ], [ -73.802076, 40.761753 ], [ -73.801915, 40.761661 ], [ -73.801937, 40.761536 ], [ -73.802049, 40.760836 ], [ -73.801191, 40.760198 ], [ -73.800834, 40.759971 ], [ -73.801238, 40.759901 ], [ -73.80125, 40.759828 ], [ -73.802153, 40.759987 ], [ -73.802335, 40.7586 ], [ -73.80266, 40.756252 ], [ -73.803007, 40.753699 ], [ -73.803946, 40.753699 ], [ -73.804445, 40.75373 ], [ -73.804326, 40.753112 ], [ -73.804176, 40.752467 ], [ -73.804066, 40.75215 ], [ -73.803934, 40.751839 ], [ -73.803779, 40.751534 ], [ -73.804241, 40.751565 ], [ -73.805174, 40.75164 ], [ -73.806111, 40.751711 ], [ -73.807043, 40.751786 ], [ -73.807975, 40.751858 ], [ -73.808909, 40.751933 ], [ -73.809835, 40.752006 ], [ -73.810768, 40.752079 ], [ -73.810675, 40.752774 ], [ -73.810579, 40.753458 ], [ -73.810476, 40.754212 ], [ -73.812214, 40.754209 ], [ -73.813348, 40.754199 ], [ -73.813532, 40.754253 ], [ -73.814239, 40.754718 ], [ -73.815852, 40.753668 ], [ -73.816439, 40.754191 ], [ -73.817034, 40.754722 ], [ -73.818324, 40.755872 ], [ -73.818937, 40.75641 ], [ -73.819268, 40.7562 ], [ -73.819618, 40.755966 ], [ -73.820301, 40.755515 ], [ -73.820982, 40.755066 ], [ -73.821667, 40.754621 ], [ -73.822803, 40.75388 ], [ -73.822909, 40.753968 ], [ -73.823343, 40.754333 ], [ -73.824202, 40.753764 ], [ -73.824276, 40.753714 ], [ -73.824343, 40.753669 ], [ -73.824447, 40.753602 ], [ -73.825445, 40.752944 ], [ -73.825508, 40.753 ], [ -73.825758, 40.753231 ], [ -73.826082, 40.753529 ], [ -73.827144, 40.75451 ], [ -73.827825, 40.754251 ], [ -73.829867, 40.753495 ], [ -73.830138, 40.753915 ], [ -73.832601, 40.753007 ], [ -73.832391, 40.752317 ], [ -73.832529, 40.752373 ], [ -73.832667, 40.752373 ], [ -73.83283, 40.752346 ], [ -73.832976, 40.752331 ], [ -73.833167, 40.752345 ], [ -73.833331, 40.752371 ], [ -73.833486, 40.752413 ], [ -73.835998, 40.752006 ], [ -73.837014, 40.754027 ], [ -73.837674, 40.754114 ], [ -73.837917, 40.754541 ], [ -73.837987, 40.754682 ], [ -73.838054, 40.75483 ], [ -73.838134, 40.755038 ], [ -73.838211, 40.755253 ], [ -73.838305, 40.755633 ], [ -73.838406, 40.756101 ], [ -73.838619, 40.757045 ], [ -73.838618, 40.757091 ], [ -73.838713, 40.757716 ], [ -73.83882, 40.758383 ], [ -73.838779, 40.759248 ], [ -73.83869, 40.759747 ], [ -73.838875, 40.759745 ], [ -73.83884, 40.759926 ], [ -73.838815, 40.76008 ], [ -73.838795, 40.760249 ], [ -73.838782, 40.760418 ], [ -73.83879, 40.760582 ], [ -73.838808, 40.760734 ], [ -73.838834, 40.760883 ], [ -73.838867, 40.76105 ], [ -73.83891, 40.761201 ], [ -73.838966, 40.76133 ], [ -73.839106, 40.761637 ], [ -73.839254, 40.761908 ], [ -73.839614, 40.762473 ], [ -73.839691, 40.762587 ], [ -73.839788, 40.762748 ], [ -73.839896, 40.762965 ], [ -73.839983, 40.763189 ], [ -73.840048, 40.763416 ], [ -73.840089, 40.763644 ], [ -73.840103, 40.764057 ], [ -73.840109, 40.764162 ] ] ] } },
{ "type": "Feature", "properties": { "STATEFP": "36", "SLDLST": "041", "GEOID": "36041", "GEOIDFQ": "620L800US36041", "NAMELSAD": "Assembly District 41", "LSAD": "L3", "LSY": "2022", "MTFCC": "G5220", "FUNCSTAT": "N", "ALAND": 9193490, "AWATER": 107697, "INTPTLAT": "+40.6102764", "INTPTLON": "-073.9413825", "ad_num": 41, "AssemDist": 41 }, "geometry": { "type": "Polygon", "coordinates": [ [ [ -73.957632, 40.620714 ], [ -73.956689, 40.620818 ], [ -73.955491, 40.62095 ], [ -73.955037, 40.618558 ], [ -73.954003, 40.618672 ], [ -73.953078, 40.618775 ], [ -73.952148, 40.618875 ], [ -73.951221, 40.618978 ], [ -73.950256, 40.619083 ], [ -73.949296, 40.619188 ], [ -73.948369, 40.619291 ], [ -73.947443, 40.619393 ], [ -73.946514, 40.619494 ], [ -73.945516, 40.619606 ], [ -73.944518, 40.619714 ], [ -73.943591, 40.619816 ], [ -73.944044, 40.622208 ], [ -73.944496, 40.624598 ], [ -73.94495, 40.626987 ], [ -73.945401, 40.629378 ], [ -73.944468, 40.62948 ], [ -73.944155, 40.629508 ], [ -73.94454, 40.629866 ], [ -73.944808, 40.630127 ], [ -73.945511, 40.630792 ], [ -73.94455, 40.631072 ], [ -73.944629, 40.631838 ], [ -73.94366, 40.6319 ], [ -73.942729, 40.631957 ], [ -73.941757, 40.632017 ], [ -73.940788, 40.632076 ], [ -73.939854, 40.632135 ], [ -73.938925, 40.632193 ], [ -73.937998, 40.632247 ], [ -73.937593, 40.632268 ], [ -73.937013, 40.632304 ], [ -73.936046, 40.632371 ], [ -73.935116, 40.632429 ], [ -73.934619, 40.632461 ], [ -73.934146, 40.632492 ], [ -73.934268, 40.633679 ], [ -73.93333, 40.63402 ], [ -73.933379, 40.634368 ], [ -73.933427, 40.634884 ], [ -73.9325, 40.634947 ], [ -73.932734, 40.637217 ], [ -73.932984, 40.639555 ], [ -73.932013, 40.639616 ], [ -73.932264, 40.64195 ], [ -73.931293, 40.642015 ], [ -73.93036, 40.642073 ], [ -73.929355, 40.642134 ], [ -73.928348, 40.642197 ], [ -73.927416, 40.642253 ], [ -73.926446, 40.642316 ], [ -73.925382, 40.642384 ], [ -73.924542, 40.642439 ], [ -73.923565, 40.642499 ], [ -73.923375, 40.640495 ], [ -73.923354, 40.640177 ], [ -73.923327, 40.6399 ], [ -73.92331, 40.639747 ], [ -73.923168, 40.638837 ], [ -73.923078, 40.637908 ], [ -73.922832, 40.635543 ], [ -73.923803, 40.635485 ], [ -73.924738, 40.635428 ], [ -73.925706, 40.635367 ], [ -73.925456, 40.633028 ], [ -73.925205, 40.630689 ], [ -73.924956, 40.628349 ], [ -73.925927, 40.628288 ], [ -73.925826, 40.627392 ], [ -73.926709, 40.626821 ], [ -73.92766, 40.626211 ], [ -73.928316, 40.625785 ], [ -73.928606, 40.625605 ], [ -73.929482, 40.625032 ], [ -73.930393, 40.624442 ], [ -73.931307, 40.62385 ], [ -73.93125, 40.623321 ], [ -73.932195, 40.623269 ], [ -73.931951, 40.62106 ], [ -73.931692, 40.618653 ], [ -73.93163, 40.618097 ], [ -73.931731, 40.617927 ], [ -73.932487, 40.617432 ], [ -73.933205, 40.61697 ], [ -73.933917, 40.616508 ], [ -73.934633, 40.616048 ], [ -73.935348, 40.615584 ], [ -73.936057, 40.615123 ], [ -73.936801, 40.614643 ], [ -73.937542, 40.614165 ], [ -73.938254, 40.613702 ], [ -73.93897, 40.61324 ], [ -73.939683, 40.612782 ], [ -73.940397, 40.612315 ], [ -73.941161, 40.61182 ], [ -73.941021, 40.611694 ], [ -73.940911, 40.611594 ], [ -73.939582, 40.610398 ], [ -73.939347, 40.610187 ], [ -73.939598, 40.610024 ], [ -73.940115, 40.609691 ], [ -73.940829, 40.60923 ], [ -73.941547, 40.608768 ], [ -73.942312, 40.608269 ], [ -73.941547, 40.607582 ], [ -73.941168, 40.607244 ], [ -73.940508, 40.606642 ], [ -73.939726, 40.607133 ], [ -73.938373, 40.605918 ], [ -73.937916, 40.605498 ], [ -73.936094, 40.603873 ], [ -73.934263, 40.60223 ], [ -73.932448, 40.600608 ], [ -73.930634, 40.598973 ], [ -73.928791, 40.597323 ], [ -73.929569, 40.59682 ], [ -73.929738, 40.596978 ], [ -73.9302, 40.596676 ], [ -73.930574, 40.596439 ], [ -73.930944, 40.596201 ], [ -73.931293, 40.595984 ], [ -73.931684, 40.595719 ], [ -73.932054, 40.59547 ], [ -73.932431, 40.595238 ], [ -73.933056, 40.594887 ], [ -73.933011, 40.594639 ], [ -73.932614, 40.592517 ], [ -73.932225, 40.590479 ], [ -73.931784, 40.588141 ], [ -73.931432, 40.586347 ], [ -73.931369, 40.586071 ], [ -73.931322, 40.585803 ], [ -73.931301, 40.585678 ], [ -73.931297, 40.585633 ], [ -73.931256, 40.585432 ], [ -73.931078, 40.584388 ], [ -73.931081, 40.584225 ], [ -73.931107, 40.582882 ], [ -73.931103, 40.582753 ], [ -73.931719, 40.582809 ], [ -73.931736, 40.582966 ], [ -73.93178, 40.583049 ], [ -73.931842, 40.583076 ], [ -73.931946, 40.582022 ], [ -73.940439, 40.581879 ], [ -73.940947, 40.581913 ], [ -73.941234, 40.583131 ], [ -73.941311, 40.583337 ], [ -73.941394, 40.583337 ], [ -73.941449, 40.583345 ], [ -73.94149, 40.583528 ], [ -73.941546, 40.583519 ], [ -73.941569, 40.583608 ], [ -73.942551, 40.583514 ], [ -73.942584, 40.5837 ], [ -73.943553, 40.583654 ], [ -73.943755, 40.584708 ], [ -73.943803, 40.584963 ], [ -73.943824, 40.585075 ], [ -73.943866, 40.585298 ], [ -73.944931, 40.585172 ], [ -73.945552, 40.585139 ], [ -73.946692, 40.585073 ], [ -73.946748, 40.585352 ], [ -73.946793, 40.585594 ], [ -73.94696, 40.586477 ], [ -73.947888, 40.586375 ], [ -73.948921, 40.586261 ], [ -73.949254, 40.588028 ], [ -73.949345, 40.588514 ], [ -73.950539, 40.588383 ], [ -73.951493, 40.588279 ], [ -73.951783, 40.589812 ], [ -73.951894, 40.5904 ], [ -73.9523, 40.592514 ], [ -73.952699, 40.594637 ], [ -73.952912, 40.595752 ], [ -73.95315, 40.597028 ], [ -73.953552, 40.599146 ], [ -73.953978, 40.601401 ], [ -73.954432, 40.60379 ], [ -73.954869, 40.606114 ], [ -73.955334, 40.608573 ], [ -73.955598, 40.609942 ], [ -73.955741, 40.610715 ], [ -73.956225, 40.613272 ], [ -73.956729, 40.615932 ], [ -73.957092, 40.617843 ], [ -73.957184, 40.618326 ], [ -73.957264, 40.61874 ], [ -73.957632, 40.620714 ] ] ] } },
{ "type": "Feature", "properties": { "STATEFP": "36", "SLDLST": "042", "GEOID": "36042", "GEOIDFQ": "620L800US36042", "NAMELSAD": "Assembly District 42", "LSAD": "L3", "LSY": "2022", "MTFCC": "G5220", "FUNCSTAT": "N", "ALAND": 5728010, "AWATER": 0, "INTPTLAT": "+40.6383790", "INTPTLON": "-073.9545880", "ad_num": 42, "AssemDist": 42 }, "geometry": { "type": "Polygon", "coordinates": [ [ [ -73.972526, 40.647112 ], [ -73.971211, 40.64762 ], [ -73.971397, 40.648258 ], [ -73.971559, 40.648823 ], [ -73.971916, 40.650056 ], [ -73.972082, 40.650635 ], [ -73.971875, 40.650723 ], [ -73.971776, 40.65078 ], [ -73.971719, 40.650894 ], [ -73.971691, 40.651064 ], [ -73.966213, 40.653189 ], [ -73.964145, 40.653995 ], [ -73.9619, 40.654871 ], [ -73.961759, 40.654071 ], [ -73.961726, 40.65389 ], [ -73.961597, 40.653173 ], [ -73.961407, 40.65217 ], [ -73.960423, 40.652556 ], [ -73.959329, 40.652928 ], [ -73.959151, 40.652145 ], [ -73.958926, 40.651212 ], [ -73.958014, 40.651261 ], [ -73.955907, 40.651369 ], [ -73.952563, 40.651546 ], [ -73.949669, 40.651698 ], [ -73.949571, 40.650807 ], [ -73.948591, 40.650855 ], [ -73.947656, 40.650899 ], [ -73.946674, 40.650948 ], [ -73.945706, 40.651006 ], [ -73.94477, 40.651064 ], [ -73.9438, 40.651106 ], [ -73.943604, 40.649279 ], [ -73.943525, 40.648541 ], [ -73.943374, 40.647115 ], [ -73.943309, 40.646527 ], [ -73.943198, 40.645487 ], [ -73.943107, 40.644637 ], [ -73.942608, 40.644662 ], [ -73.942137, 40.644683 ], [ -73.942029, 40.643664 ], [ -73.942996, 40.643604 ], [ -73.943965, 40.643543 ], [ -73.94372, 40.641242 ], [ -73.944653, 40.641186 ], [ -73.945625, 40.641126 ], [ -73.94555, 40.640429 ], [ -73.945522, 40.640165 ], [ -73.945373, 40.638787 ], [ -73.945123, 40.636448 ], [ -73.944155, 40.636507 ], [ -73.943913, 40.634237 ], [ -73.944881, 40.634177 ], [ -73.944629, 40.631838 ], [ -73.94455, 40.631072 ], [ -73.945511, 40.630792 ], [ -73.944808, 40.630127 ], [ -73.94454, 40.629866 ], [ -73.944155, 40.629508 ], [ -73.944468, 40.62948 ], [ -73.945401, 40.629378 ], [ -73.94495, 40.626987 ], [ -73.944496, 40.624598 ], [ -73.944044, 40.622208 ], [ -73.943591, 40.619816 ], [ -73.944518, 40.619714 ], [ -73.945516, 40.619606 ], [ -73.946514, 40.619494 ], [ -73.947443, 40.619393 ], [ -73.948369, 40.619291 ], [ -73.949296, 40.619188 ], [ -73.950256, 40.619083 ], [ -73.951221, 40.618978 ], [ -73.952148, 40.618875 ], [ -73.953078, 40.618775 ], [ -73.954003, 40.618672 ], [ -73.955037, 40.618558 ], [ -73.955491, 40.62095 ], [ -73.955925, 40.623256 ], [ -73.955941, 40.62334 ], [ -73.956323, 40.625359 ], [ -73.956393, 40.62573 ], [ -73.956847, 40.62812 ], [ -73.958053, 40.627972 ], [ -73.958994, 40.627886 ], [ -73.959956, 40.627778 ], [ -73.960918, 40.627674 ], [ -73.961155, 40.628929 ], [ -73.961592, 40.629011 ], [ -73.961593, 40.62911 ], [ -73.961197, 40.629151 ], [ -73.961222, 40.629274 ], [ -73.961369, 40.63006 ], [ -73.960408, 40.63017 ], [ -73.959445, 40.630277 ], [ -73.9585, 40.630381 ], [ -73.958954, 40.632771 ], [ -73.959898, 40.632668 ], [ -73.96086, 40.632562 ], [ -73.962299, 40.6324 ], [ -73.962436, 40.633152 ], [ -73.96255, 40.633155 ], [ -73.963814, 40.63301 ], [ -73.963946, 40.633662 ], [ -73.964187, 40.634954 ], [ -73.964215, 40.6351 ], [ -73.964263, 40.635358 ], [ -73.9643, 40.635556 ], [ -73.96446, 40.636412 ], [ -73.964497, 40.636606 ], [ -73.964513, 40.636688 ], [ -73.964925, 40.638851 ], [ -73.964056, 40.639263 ], [ -73.96443, 40.641214 ], [ -73.965012, 40.644302 ], [ -73.965468, 40.64672 ], [ -73.966391, 40.646594 ], [ -73.966665, 40.648029 ], [ -73.967546, 40.647683 ], [ -73.968428, 40.647335 ], [ -73.968246, 40.646389 ], [ -73.969172, 40.646285 ], [ -73.969023, 40.645487 ], [ -73.970546, 40.645317 ], [ -73.971946, 40.645164 ], [ -73.972086, 40.645863 ], [ -73.971744, 40.646001 ], [ -73.972526, 40.647112 ] ] ] } },
{ "type": "Feature", "properties": { "STATEFP": "36", "SLDLST": "043", "GEOID": "36043", "GEOIDFQ": "620L800US36043", "NAMELSAD": "Assembly District 43", "LSAD": "L3", "LSY": "2022", "MTFCC": "G5220", "FUNCSTAT": "N", "ALAND": 5496708, "AWATER": 0, "INTPTLAT": "+40.6629307", "INTPTLON": "-073.9457690", "ad_num": 43, "AssemDist": 43 }, "geometry": { "type": "Polygon", "coordinates": [ [ [ -73.963075, 40.66217 ], [ -73.963052, 40.662298 ], [ -73.963011, 40.662416 ], [ -73.96295, 40.66253 ], [ -73.962884, 40.662622 ], [ -73.962429, 40.663125 ], [ -73.961939, 40.663224 ], [ -73.960956, 40.663285 ], [ -73.960615, 40.663303 ], [ -73.959739, 40.663361 ], [ -73.95721, 40.663517 ], [ -73.953849, 40.663728 ], [ -73.953787, 40.664514 ], [ -73.95369, 40.665549 ], [ -73.953606, 40.66644 ], [ -73.953521, 40.667333 ], [ -73.953439, 40.668224 ], [ -73.953353, 40.669115 ], [ -73.953289, 40.669796 ], [ -73.95327, 40.670007 ], [ -73.953249, 40.670227 ], [ -73.953187, 40.670898 ], [ -73.953102, 40.671791 ], [ -73.953019, 40.672681 ], [ -73.952937, 40.673571 ], [ -73.952849, 40.674462 ], [ -73.952768, 40.675355 ], [ -73.952687, 40.676245 ], [ -73.949915, 40.676096 ], [ -73.947146, 40.675944 ], [ -73.9464, 40.675903 ], [ -73.946087, 40.675886 ], [ -73.945471, 40.675852 ], [ -73.945394, 40.675848 ], [ -73.944678, 40.67581 ], [ -73.944574, 40.675804 ], [ -73.944376, 40.675794 ], [ -73.944175, 40.675783 ], [ -73.941609, 40.675643 ], [ -73.941694, 40.674748 ], [ -73.938895, 40.674599 ], [ -73.938057, 40.674551 ], [ -73.937817, 40.674538 ], [ -73.937493, 40.674531 ], [ -73.93722, 40.674499 ], [ -73.936992, 40.674524 ], [ -73.936789, 40.674537 ], [ -73.936599, 40.674499 ], [ -73.93632, 40.674442 ], [ -73.936177, 40.674378 ], [ -73.936263, 40.67356 ], [ -73.933468, 40.673408 ], [ -73.930697, 40.673257 ], [ -73.930785, 40.672363 ], [ -73.930868, 40.671474 ], [ -73.930952, 40.670583 ], [ -73.931033, 40.669738 ], [ -73.931099, 40.669019 ], [ -73.931119, 40.668798 ], [ -73.93114, 40.668581 ], [ -73.931214, 40.667825 ], [ -73.931291, 40.667015 ], [ -73.931381, 40.666126 ], [ -73.931455, 40.665234 ], [ -73.931539, 40.664343 ], [ -73.931607, 40.663557 ], [ -73.931579, 40.66323 ], [ -73.931556, 40.662756 ], [ -73.93148, 40.662051 ], [ -73.931406, 40.661331 ], [ -73.931325, 40.660594 ], [ -73.932336, 40.660532 ], [ -73.932203, 40.659288 ], [ -73.93209, 40.658235 ], [ -73.931723, 40.658257 ], [ -73.931083, 40.658296 ], [ -73.930903, 40.65661 ], [ -73.931306, 40.656581 ], [ -73.931907, 40.656537 ], [ -73.932847, 40.656478 ], [ -73.93381, 40.656423 ], [ -73.934784, 40.656361 ], [ -73.934645, 40.655096 ], [ -73.935578, 40.655039 ], [ -73.936548, 40.654976 ], [ -73.937518, 40.654916 ], [ -73.938454, 40.654858 ], [ -73.939424, 40.654799 ], [ -73.93926, 40.653267 ], [ -73.94023, 40.653207 ], [ -73.941164, 40.653149 ], [ -73.942098, 40.653091 ], [ -73.943029, 40.653033 ], [ -73.944002, 40.652973 ], [ -73.9438, 40.651106 ], [ -73.94477, 40.651064 ], [ -73.945706, 40.651006 ], [ -73.946674, 40.650948 ], [ -73.947656, 40.650899 ], [ -73.948591, 40.650855 ], [ -73.949571, 40.650807 ], [ -73.949669, 40.651698 ], [ -73.952563, 40.651546 ], [ -73.955907, 40.651369 ], [ -73.958014, 40.651261 ], [ -73.958926, 40.651212 ], [ -73.959151, 40.652145 ], [ -73.959329, 40.652928 ], [ -73.960423, 40.652556 ], [ -73.961407, 40.65217 ], [ -73.961597, 40.653173 ], [ -73.961726, 40.65389 ], [ -73.961759, 40.654071 ], [ -73.9619, 40.654871 ], [ -73.962444, 40.658315 ], [ -73.962462, 40.658425 ], [ -73.962814, 40.660504 ], [ -73.963077, 40.66213 ], [ -73.963075, 40.66217 ] ] ] } },
{ "type": "Feature", "properties": { "STATEFP": "36", "SLDLST": "044", "GEOID": "36044", "GEOIDFQ": "620L800US36044", "NAMELSAD": "Assembly District 44", "LSAD": "L3", "LSY": "2022", "MTFCC": "G5220", "FUNCSTAT": "N", "ALAND": 8488951, "AWATER": 227326, "INTPTLAT": "+40.6545827", "INTPTLON": "-073.9748673", "ad_num": 44, "AssemDist": 44 }, "geometry": { "type": "Polygon", "coordinates": [ [ [ -73.991231, 40.667339 ], [ -73.99073, 40.667941 ], [ -73.990226, 40.668544 ], [ -73.989723, 40.669146 ], [ -73.989222, 40.669749 ], [ -73.989047, 40.669958 ], [ -73.988726, 40.670342 ], [ -73.988219, 40.670953 ], [ -73.987715, 40.671557 ], [ -73.987211, 40.672161 ], [ -73.98479, 40.670989 ], [ -73.984289, 40.671591 ], [ -73.983786, 40.672194 ], [ -73.983282, 40.672796 ], [ -73.982781, 40.673399 ], [ -73.980418, 40.672256 ], [ -73.978061, 40.671112 ], [ -73.975696, 40.669973 ], [ -73.973323, 40.668825 ], [ -73.97282, 40.669427 ], [ -73.972317, 40.670029 ], [ -73.971816, 40.67063 ], [ -73.971325, 40.671248 ], [ -73.970855, 40.671865 ], [ -73.970409, 40.672617 ], [ -73.970039, 40.67268 ], [ -73.969662, 40.672654 ], [ -73.969347, 40.672674 ], [ -73.969247, 40.672743 ], [ -73.968924, 40.672938 ], [ -73.968858, 40.67307 ], [ -73.968797, 40.673284 ], [ -73.968731, 40.673928 ], [ -73.966942, 40.674416 ], [ -73.966613, 40.675302 ], [ -73.966296, 40.67618 ], [ -73.965974, 40.67706 ], [ -73.96886, 40.677665 ], [ -73.972027, 40.678328 ], [ -73.972338, 40.678393 ], [ -73.973509, 40.678639 ], [ -73.97431, 40.679735 ], [ -73.974692, 40.680266 ], [ -73.975144, 40.680872 ], [ -73.975834, 40.681836 ], [ -73.976317, 40.682509 ], [ -73.976569, 40.682827 ], [ -73.976667, 40.682973 ], [ -73.977457, 40.684052 ], [ -73.976318, 40.683644 ], [ -73.975929, 40.683505 ], [ -73.974827, 40.683278 ], [ -73.97378, 40.683061 ], [ -73.972773, 40.682863 ], [ -73.972324, 40.682768 ], [ -73.971742, 40.682646 ], [ -73.97064, 40.682414 ], [ -73.96978, 40.682235 ], [ -73.968664, 40.682 ], [ -73.967477, 40.681754 ], [ -73.96654, 40.681558 ], [ -73.965488, 40.681339 ], [ -73.964454, 40.681125 ], [ -73.964236, 40.680236 ], [ -73.96168, 40.679702 ], [ -73.961957, 40.678934 ], [ -73.962229, 40.678166 ], [ -73.959124, 40.677514 ], [ -73.959433, 40.676633 ], [ -73.959758, 40.675756 ], [ -73.960074, 40.674878 ], [ -73.960393, 40.673999 ], [ -73.960709, 40.673122 ], [ -73.961029, 40.672244 ], [ -73.961261, 40.671574 ], [ -73.961338, 40.671352 ], [ -73.961407, 40.671166 ], [ -73.961663, 40.670477 ], [ -73.961949, 40.669637 ], [ -73.962194, 40.669641 ], [ -73.962111, 40.669195 ], [ -73.961996, 40.668663 ], [ -73.961806, 40.667681 ], [ -73.961616, 40.666695 ], [ -73.961258, 40.664802 ], [ -73.961108, 40.664063 ], [ -73.960956, 40.663285 ], [ -73.961939, 40.663224 ], [ -73.962429, 40.663125 ], [ -73.962884, 40.662622 ], [ -73.96295, 40.66253 ], [ -73.963011, 40.662416 ], [ -73.963052, 40.662298 ], [ -73.963075, 40.66217 ], [ -73.963077, 40.66213 ], [ -73.962814, 40.660504 ], [ -73.962462, 40.658425 ], [ -73.962444, 40.658315 ], [ -73.9619, 40.654871 ], [ -73.964145, 40.653995 ], [ -73.966213, 40.653189 ], [ -73.971691, 40.651064 ], [ -73.971719, 40.650894 ], [ -73.971776, 40.65078 ], [ -73.971875, 40.650723 ], [ -73.972082, 40.650635 ], [ -73.971916, 40.650056 ], [ -73.971559, 40.648823 ], [ -73.971397, 40.648258 ], [ -73.971211, 40.64762 ], [ -73.972526, 40.647112 ], [ -73.971744, 40.646001 ], [ -73.972086, 40.645863 ], [ -73.971946, 40.645164 ], [ -73.970546, 40.645317 ], [ -73.969023, 40.645487 ], [ -73.969172, 40.646285 ], [ -73.968246, 40.646389 ], [ -73.968428, 40.647335 ], [ -73.967546, 40.647683 ], [ -73.966665, 40.648029 ], [ -73.966391, 40.646594 ], [ -73.965468, 40.64672 ], [ -73.965012, 40.644302 ], [ -73.96443, 40.641214 ], [ -73.964056, 40.639263 ], [ -73.964925, 40.638851 ], [ -73.964513, 40.636688 ], [ -73.964497, 40.636606 ], [ -73.96446, 40.636412 ], [ -73.9643, 40.635556 ], [ -73.964263, 40.635358 ], [ -73.964215, 40.6351 ], [ -73.964187, 40.634954 ], [ -73.963946, 40.633662 ], [ -73.963814, 40.63301 ], [ -73.96255, 40.633155 ], [ -73.962436, 40.633152 ], [ -73.962299, 40.6324 ], [ -73.96086, 40.632562 ], [ -73.959898, 40.632668 ], [ -73.958954, 40.632771 ], [ -73.9585, 40.630381 ], [ -73.959445, 40.630277 ], [ -73.960408, 40.63017 ], [ -73.961369, 40.63006 ], [ -73.961824, 40.630017 ], [ -73.962298, 40.629961 ], [ -73.963225, 40.629859 ], [ -73.964152, 40.629757 ], [ -73.96508, 40.629655 ], [ -73.966074, 40.629545 ], [ -73.967076, 40.629435 ], [ -73.968001, 40.629333 ], [ -73.968929, 40.629231 ], [ -73.970001, 40.629114 ], [ -73.971086, 40.628997 ], [ -73.971374, 40.628966 ], [ -73.971568, 40.629988 ], [ -73.971718, 40.629916 ], [ -73.971806, 40.629874 ], [ -73.971923, 40.630646 ], [ -73.972113, 40.631369 ], [ -73.972266, 40.632143 ], [ -73.972419, 40.632992 ], [ -73.972605, 40.633708 ], [ -73.973654, 40.633591 ], [ -73.974583, 40.633488 ], [ -73.97551, 40.633386 ], [ -73.976434, 40.633289 ], [ -73.977617, 40.633154 ], [ -73.978652, 40.633045 ], [ -73.978516, 40.6323 ], [ -73.978505, 40.632245 ], [ -73.978311, 40.631275 ], [ -73.978541, 40.63141 ], [ -73.978854, 40.631595 ], [ -73.980142, 40.632354 ], [ -73.982598, 40.633837 ], [ -73.982015, 40.634395 ], [ -73.981432, 40.634955 ], [ -73.981181, 40.635196 ], [ -73.98085, 40.635516 ], [ -73.980266, 40.636076 ], [ -73.979681, 40.636639 ], [ -73.981886, 40.637965 ], [ -73.984088, 40.639297 ], [ -73.986292, 40.640625 ], [ -73.988494, 40.641956 ], [ -73.990497, 40.643164 ], [ -73.989779, 40.643645 ], [ -73.989059, 40.644119 ], [ -73.98835, 40.644562 ], [ -73.985284, 40.645768 ], [ -73.983073, 40.646625 ], [ -73.98231, 40.646927 ], [ -73.981805, 40.647128 ], [ -73.981315, 40.64732 ], [ -73.980364, 40.647694 ], [ -73.980712, 40.649524 ], [ -73.98111, 40.651592 ], [ -73.981297, 40.652637 ], [ -73.981453, 40.653416 ], [ -73.981607, 40.654236 ], [ -73.981796, 40.655246 ], [ -73.984024, 40.656592 ], [ -73.986228, 40.657921 ], [ -73.985645, 40.658481 ], [ -73.985436, 40.658661 ], [ -73.985343, 40.658742 ], [ -73.985645, 40.658914 ], [ -73.985933, 40.6591 ], [ -73.986207, 40.659301 ], [ -73.986465, 40.659513 ], [ -73.986715, 40.659728 ], [ -73.986927, 40.659971 ], [ -73.987296, 40.660442 ], [ -73.987107, 40.660575 ], [ -73.986682, 40.66093 ], [ -73.98774, 40.661602 ], [ -73.987221, 40.66213 ], [ -73.987569, 40.662339 ], [ -73.986655, 40.663437 ], [ -73.987453, 40.663823 ], [ -73.986951, 40.664425 ], [ -73.989312, 40.665567 ], [ -73.991734, 40.666736 ], [ -73.991231, 40.667339 ] ] ] } },
{ "type": "Feature", "properties": { "STATEFP": "36", "SLDLST": "045", "GEOID": "36045", "GEOIDFQ": "620L800US36045", "NAMELSAD": "Assembly District 45", "LSAD": "L3", "LSY": "2022", "MTFCC": "G5220", "FUNCSTAT": "N", "ALAND": 9267044, "AWATER": 3065260, "INTPTLAT": "+40.5885536", "INTPTLON": "-073.9578596", "ad_num": 45, "AssemDist": 45 }, "geometry": { "type": "Polygon", "coordinates": [ [ [ -73.984231, 40.586069 ], [ -73.983268, 40.586191 ], [ -73.983374, 40.586771 ], [ -73.983469, 40.587264 ], [ -73.983723, 40.588619 ], [ -73.983803, 40.589042 ], [ -73.983901, 40.589573 ], [ -73.984014, 40.590153 ], [ -73.984094, 40.590567 ], [ -73.984204, 40.591166 ], [ -73.9832, 40.591243 ], [ -73.982279, 40.59138 ], [ -73.981319, 40.591484 ], [ -73.98179, 40.593868 ], [ -73.981977, 40.594764 ], [ -73.982032, 40.595044 ], [ -73.982211, 40.595987 ], [ -73.981283, 40.596088 ], [ -73.980358, 40.596192 ], [ -73.979432, 40.596292 ], [ -73.978927, 40.596348 ], [ -73.978504, 40.596396 ], [ -73.977507, 40.596506 ], [ -73.97651, 40.596616 ], [ -73.975588, 40.596719 ], [ -73.975039, 40.59678 ], [ -73.974927, 40.596794 ], [ -73.974083, 40.596883 ], [ -73.973755, 40.599221 ], [ -73.973408, 40.601702 ], [ -73.97305, 40.604282 ], [ -73.973195, 40.604298 ], [ -73.973621, 40.606557 ], [ -73.97259, 40.606671 ], [ -73.972959, 40.60863 ], [ -73.972994, 40.608814 ], [ -73.973176, 40.609767 ], [ -73.973275, 40.610281 ], [ -73.973484, 40.611371 ], [ -73.973615, 40.612079 ], [ -73.973706, 40.612572 ], [ -73.973993, 40.61403 ], [ -73.972903, 40.614153 ], [ -73.971881, 40.614266 ], [ -73.970955, 40.614369 ], [ -73.97003, 40.614469 ], [ -73.968927, 40.614592 ], [ -73.968657, 40.614622 ], [ -73.968381, 40.614652 ], [ -73.967286, 40.614773 ], [ -73.966215, 40.614892 ], [ -73.965287, 40.614992 ], [ -73.964358, 40.615094 ], [ -73.963361, 40.615204 ], [ -73.962364, 40.615314 ], [ -73.962663, 40.616911 ], [ -73.961775, 40.617204 ], [ -73.960888, 40.617501 ], [ -73.959993, 40.617795 ], [ -73.959663, 40.617922 ], [ -73.9595, 40.617978 ], [ -73.959107, 40.618113 ], [ -73.958147, 40.618217 ], [ -73.957184, 40.618326 ], [ -73.957092, 40.617843 ], [ -73.956729, 40.615932 ], [ -73.956225, 40.613272 ], [ -73.955741, 40.610715 ], [ -73.955598, 40.609942 ], [ -73.955334, 40.608573 ], [ -73.954869, 40.606114 ], [ -73.954432, 40.60379 ], [ -73.953978, 40.601401 ], [ -73.953552, 40.599146 ], [ -73.95315, 40.597028 ], [ -73.952912, 40.595752 ], [ -73.952699, 40.594637 ], [ -73.9523, 40.592514 ], [ -73.951894, 40.5904 ], [ -73.951783, 40.589812 ], [ -73.951493, 40.588279 ], [ -73.950539, 40.588383 ], [ -73.949345, 40.588514 ], [ -73.949254, 40.588028 ], [ -73.948921, 40.586261 ], [ -73.947888, 40.586375 ], [ -73.94696, 40.586477 ], [ -73.946793, 40.585594 ], [ -73.946748, 40.585352 ], [ -73.946692, 40.585073 ], [ -73.945552, 40.585139 ], [ -73.944931, 40.585172 ], [ -73.943866, 40.585298 ], [ -73.943824, 40.585075 ], [ -73.943803, 40.584963 ], [ -73.943755, 40.584708 ], [ -73.943553, 40.583654 ], [ -73.942584, 40.5837 ], [ -73.942551, 40.583514 ], [ -73.941569, 40.583608 ], [ -73.941546, 40.583519 ], [ -73.94149, 40.583528 ], [ -73.941449, 40.583345 ], [ -73.941394, 40.583337 ], [ -73.941311, 40.583337 ], [ -73.941234, 40.583131 ], [ -73.940947, 40.581913 ], [ -73.940439, 40.581879 ], [ -73.931946, 40.582022 ], [ -73.930331, 40.576073 ], [ -73.929387, 40.572613 ], [ -73.92807, 40.567786 ], [ -73.928717, 40.567681 ], [ -73.932716, 40.567034 ], [ -73.933363, 40.566929 ], [ -73.933448, 40.566914 ], [ -73.934894, 40.566652 ], [ -73.936525, 40.566436 ], [ -73.945004, 40.565313 ], [ -73.94988, 40.564555 ], [ -73.950703, 40.564427 ], [ -73.951009, 40.56439 ], [ -73.951195, 40.564368 ], [ -73.951409, 40.564343 ], [ -73.95167, 40.564312 ], [ -73.952309, 40.564208 ], [ -73.958844, 40.56315 ], [ -73.959281, 40.563079 ], [ -73.959347, 40.569509 ], [ -73.959423, 40.573911 ], [ -73.959414, 40.575158 ], [ -73.961034, 40.575076 ], [ -73.961136, 40.575803 ], [ -73.960388, 40.575837 ], [ -73.959475, 40.575874 ], [ -73.959524, 40.576528 ], [ -73.959531, 40.576619 ], [ -73.959633, 40.577993 ], [ -73.959663, 40.578366 ], [ -73.959746, 40.579369 ], [ -73.959801, 40.58008 ], [ -73.959832, 40.580483 ], [ -73.959854, 40.580762 ], [ -73.95986, 40.580825 ], [ -73.959885, 40.581171 ], [ -73.95991, 40.581513 ], [ -73.959943, 40.581959 ], [ -73.960936, 40.581746 ], [ -73.961032, 40.581726 ], [ -73.961173, 40.582503 ], [ -73.96132, 40.5833 ], [ -73.961431, 40.5839 ], [ -73.96207, 40.584203 ], [ -73.962429, 40.584149 ], [ -73.963311, 40.58405 ], [ -73.963972, 40.58398 ], [ -73.964331, 40.583942 ], [ -73.965211, 40.583788 ], [ -73.96536, 40.583278 ], [ -73.965389, 40.583151 ], [ -73.966651, 40.583337 ], [ -73.966894, 40.583348 ], [ -73.966795, 40.583821 ], [ -73.966777, 40.583904 ], [ -73.967066, 40.58389 ], [ -73.967343, 40.583883 ], [ -73.968101, 40.583806 ], [ -73.968449, 40.583802 ], [ -73.968872, 40.583767 ], [ -73.969424, 40.583702 ], [ -73.969984, 40.583634 ], [ -73.970382, 40.583566 ], [ -73.971616, 40.583362 ], [ -73.972028, 40.58329 ], [ -73.972512, 40.583189 ], [ -73.973599, 40.582958 ], [ -73.974618, 40.582786 ], [ -73.975093, 40.582717 ], [ -73.975748, 40.582647 ], [ -73.976364, 40.582592 ], [ -73.976813, 40.582586 ], [ -73.977291, 40.582592 ], [ -73.977606, 40.582595 ], [ -73.977991, 40.582615 ], [ -73.978353, 40.582637 ], [ -73.978908, 40.582688 ], [ -73.979492, 40.582743 ], [ -73.980214, 40.582839 ], [ -73.98039, 40.582867 ], [ -73.98089, 40.582946 ], [ -73.982711, 40.583254 ], [ -73.982731, 40.583365 ], [ -73.982812, 40.583792 ], [ -73.983876, 40.583976 ], [ -73.984001, 40.584699 ], [ -73.984105, 40.585318 ], [ -73.984231, 40.586069 ] ] ] } },
{ "type": "Feature", "properties": { "STATEFP": "36", "SLDLST": "046", "GEOID": "36046", "GEOIDFQ": "620L800US36046", "NAMELSAD": "Assembly District 46", "LSAD": "L3", "LSY": "2022", "MTFCC": "G5220", "FUNCSTAT": "N", "ALAND": 12065660, "AWATER": 20904931, "INTPTLAT": "+40.5807477", "INTPTLON": "-074.0080312", "ad_num": 46, "AssemDist": 46 }, "geometry": { "type": "Polygon", "coordinates": [ [ [ -74.043741, 40.606691 ], [ -74.043479, 40.60679 ], [ -74.04149, 40.607511 ], [ -74.036075, 40.609279 ], [ -74.03604, 40.609296 ], [ -74.035734, 40.60939 ], [ -74.035053, 40.609544 ], [ -74.035022, 40.609693 ], [ -74.034997, 40.609981 ], [ -74.035049, 40.610143 ], [ -74.035081, 40.610301 ], [ -74.035091, 40.610451 ], [ -74.035091, 40.610621 ], [ -74.03506, 40.610811 ], [ -74.035013, 40.610999 ], [ -74.03495, 40.611185 ], [ -74.034879, 40.611279 ], [ -74.034871, 40.611366 ], [ -74.036094, 40.612558 ], [ -74.037068, 40.613819 ], [ -74.037352, 40.614466 ], [ -74.037665, 40.615181 ], [ -74.037975, 40.615859 ], [ -74.038364, 40.616513 ], [ -74.038768, 40.617181 ], [ -74.039183, 40.617856 ], [ -74.039575, 40.618501 ], [ -74.039966, 40.61915 ], [ -74.040049, 40.619244 ], [ -74.040182, 40.619419 ], [ -74.040294, 40.619606 ], [ -74.040368, 40.619761 ], [ -74.04043, 40.619928 ], [ -74.040476, 40.620107 ], [ -74.040502, 40.620279 ], [ -74.040509, 40.620443 ], [ -74.040503, 40.620606 ], [ -74.040475, 40.62079 ], [ -74.040211, 40.621631 ], [ -74.040062, 40.621621 ], [ -74.039879, 40.621623 ], [ -74.039691, 40.621642 ], [ -74.039556, 40.621666 ], [ -74.039533, 40.621671 ], [ -74.03784, 40.621275 ], [ -74.037282, 40.622638 ], [ -74.037004, 40.623319 ], [ -74.036726, 40.624 ], [ -74.036426, 40.624734 ], [ -74.036071, 40.625599 ], [ -74.035789, 40.626285 ], [ -74.035515, 40.626962 ], [ -74.035235, 40.627645 ], [ -74.034938, 40.628375 ], [ -74.03464, 40.629106 ], [ -74.031957, 40.628471 ], [ -74.031658, 40.629199 ], [ -74.03136, 40.629931 ], [ -74.031061, 40.630661 ], [ -74.030764, 40.631392 ], [ -74.030473, 40.632099 ], [ -74.030191, 40.632791 ], [ -74.027508, 40.632154 ], [ -74.024792, 40.631506 ], [ -74.022296, 40.630323 ], [ -74.019829, 40.629168 ], [ -74.01966, 40.629576 ], [ -74.019155, 40.629276 ], [ -74.01806, 40.628619 ], [ -74.018328, 40.627862 ], [ -74.018639, 40.627071 ], [ -74.018961, 40.626296 ], [ -74.019264, 40.625577 ], [ -74.019632, 40.624879 ], [ -74.020064, 40.624285 ], [ -74.019752, 40.624285 ], [ -74.019605, 40.624289 ], [ -74.019459, 40.624291 ], [ -74.019403, 40.624293 ], [ -74.019218, 40.624299 ], [ -74.018879, 40.624303 ], [ -74.017976, 40.624788 ], [ -74.017262, 40.625269 ], [ -74.014662, 40.623692 ], [ -74.012459, 40.622362 ], [ -74.010257, 40.621032 ], [ -74.010839, 40.620473 ], [ -74.01142, 40.619914 ], [ -74.012002, 40.619353 ], [ -74.012584, 40.618794 ], [ -74.013164, 40.618236 ], [ -74.013749, 40.617676 ], [ -74.011543, 40.616345 ], [ -74.009341, 40.615015 ], [ -74.009924, 40.614457 ], [ -74.010504, 40.613897 ], [ -74.011086, 40.613339 ], [ -74.011712, 40.612735 ], [ -74.013482, 40.611038 ], [ -74.015224, 40.609357 ], [ -74.017019, 40.607655 ], [ -74.016236, 40.607233 ], [ -74.015499, 40.606842 ], [ -74.014695, 40.606424 ], [ -74.01391, 40.606016 ], [ -74.013156, 40.605622 ], [ -74.012768, 40.605421 ], [ -74.012665, 40.605367 ], [ -74.01237, 40.605214 ], [ -74.0115, 40.60476 ], [ -74.013563, 40.602585 ], [ -74.012622, 40.602358 ], [ -74.012216, 40.602263 ], [ -74.011549, 40.602095 ], [ -74.010868, 40.601657 ], [ -74.010129, 40.601218 ], [ -74.009407, 40.600777 ], [ -74.008714, 40.600357 ], [ -74.007947, 40.599897 ], [ -74.007195, 40.599453 ], [ -74.004948, 40.598172 ], [ -74.004456, 40.597878 ], [ -74.004164, 40.597691 ], [ -74.003819, 40.597458 ], [ -74.002692, 40.597043 ], [ -74.003313, 40.59692 ], [ -74.003482, 40.596821 ], [ -74.003389, 40.596788 ], [ -74.002666, 40.596608 ], [ -74.002115, 40.596475 ], [ -74.00158, 40.59635 ], [ -74.000818, 40.596171 ], [ -74.000478, 40.596077 ], [ -74.000271, 40.596018 ], [ -74.000069, 40.595934 ], [ -73.999982, 40.596017 ], [ -73.999513, 40.596476 ], [ -73.999411, 40.596584 ], [ -73.998672, 40.597269 ], [ -73.998022, 40.596701 ], [ -73.997386, 40.596183 ], [ -73.996747, 40.595643 ], [ -73.996116, 40.595116 ], [ -73.995499, 40.594594 ], [ -73.995308, 40.594428 ], [ -73.99484, 40.594031 ], [ -73.994021, 40.593645 ], [ -73.994206, 40.593534 ], [ -73.993924, 40.593266 ], [ -73.993641, 40.592999 ], [ -73.993108, 40.592335 ], [ -73.992578, 40.591678 ], [ -73.992069, 40.591048 ], [ -73.991539, 40.590391 ], [ -73.991101, 40.589845 ], [ -73.990456, 40.589046 ], [ -73.990001, 40.588482 ], [ -73.989934, 40.588399 ], [ -73.989431, 40.588875 ], [ -73.988163, 40.590101 ], [ -73.986531, 40.591671 ], [ -73.985787, 40.591222 ], [ -73.985072, 40.590791 ], [ -73.984327, 40.590342 ], [ -73.984094, 40.590567 ], [ -73.984014, 40.590153 ], [ -73.983901, 40.589573 ], [ -73.983803, 40.589042 ], [ -73.983723, 40.588619 ], [ -73.983469, 40.587264 ], [ -73.983374, 40.586771 ], [ -73.983268, 40.586191 ], [ -73.984231, 40.586069 ], [ -73.984105, 40.585318 ], [ -73.984001, 40.584699 ], [ -73.983876, 40.583976 ], [ -73.982812, 40.583792 ], [ -73.982731, 40.583365 ], [ -73.982711, 40.583254 ], [ -73.98089, 40.582946 ], [ -73.98039, 40.582867 ], [ -73.980214, 40.582839 ], [ -73.979492, 40.582743 ], [ -73.978908, 40.582688 ], [ -73.978353, 40.582637 ], [ -73.977991, 40.582615 ], [ -73.977606, 40.582595 ], [ -73.977291, 40.582592 ], [ -73.976813, 40.582586 ], [ -73.976364, 40.582592 ], [ -73.975748, 40.582647 ], [ -73.975093, 40.582717 ], [ -73.974618, 40.582786 ], [ -73.973599, 40.582958 ], [ -73.972512, 40.583189 ], [ -73.972028, 40.58329 ], [ -73.971616, 40.583362 ], [ -73.970382, 40.583566 ], [ -73.969984, 40.583634 ], [ -73.969424, 40.583702 ], [ -73.968872, 40.583767 ], [ -73.968449, 40.583802 ], [ -73.968101, 40.583806 ], [ -73.967343, 40.583883 ], [ -73.967066, 40.58389 ], [ -73.966777, 40.583904 ], [ -73.966795, 40.583821 ], [ -73.966894, 40.583348 ], [ -73.966651, 40.583337 ], [ -73.965389, 40.583151 ], [ -73.96536, 40.583278 ], [ -73.965211, 40.583788 ], [ -73.964331, 40.583942 ], [ -73.963972, 40.58398 ], [ -73.963311, 40.58405 ], [ -73.962429, 40.584149 ], [ -73.96207, 40.584203 ], [ -73.961431, 40.5839 ], [ -73.96132, 40.5833 ], [ -73.961173, 40.582503 ], [ -73.961032, 40.581726 ], [ -73.960936, 40.581746 ], [ -73.959943, 40.581959 ], [ -73.95991, 40.581513 ], [ -73.959885, 40.581171 ], [ -73.95986, 40.580825 ], [ -73.959854, 40.580762 ], [ -73.959832, 40.580483 ], [ -73.959801, 40.58008 ], [ -73.959746, 40.579369 ], [ -73.959663, 40.578366 ], [ -73.959633, 40.577993 ], [ -73.959531, 40.576619 ], [ -73.959524, 40.576528 ], [ -73.959475, 40.575874 ], [ -73.960388, 40.575837 ], [ -73.961136, 40.575803 ], [ -73.961034, 40.575076 ], [ -73.959414, 40.575158 ], [ -73.959423, 40.573911 ], [ -73.959347, 40.569509 ], [ -73.959281, 40.563079 ], [ -73.959715, 40.563013 ], [ -73.997087, 40.557283 ], [ -74.036293, 40.551042 ], [ -74.036285, 40.551185 ], [ -74.036216, 40.5524 ], [ -74.036209, 40.552524 ], [ -74.035978, 40.556563 ], [ -74.035153, 40.571003 ], [ -74.035053, 40.572747 ], [ -74.035047, 40.57285 ], [ -74.034547, 40.57625 ], [ -74.037877, 40.589201 ], [ -74.041393, 40.603106 ], [ -74.042036, 40.604088 ], [ -74.043722, 40.606662 ], [ -74.043741, 40.606691 ] ] ] } },
{ "type": "Feature", "properties": { "STATEFP": "36", "SLDLST": "047", "GEOID": "36047", "GEOIDFQ": "620L800US36047", "NAMELSAD": "Assembly District 47", "LSAD": "L3", "LSY": "2022", "MTFCC": "G5220", "FUNCSTAT": "N", "ALAND": 6347183, "AWATER": 0, "INTPTLAT": "+40.6037747", "INTPTLON": "-073.9915932", "ad_num": 47, "AssemDist": 47 }, "geometry": { "type": "Polygon", "coordinates": [ [ [ -74.017019, 40.607655 ], [ -74.015224, 40.609357 ], [ -74.013482, 40.611038 ], [ -74.011712, 40.612735 ], [ -74.011086, 40.613339 ], [ -74.010504, 40.613897 ], [ -74.009924, 40.614457 ], [ -74.009341, 40.615015 ], [ -74.007142, 40.613685 ], [ -74.004942, 40.612356 ], [ -74.004359, 40.612917 ], [ -74.001904, 40.611432 ], [ -74.001302, 40.611068 ], [ -73.999454, 40.60995 ], [ -74.000021, 40.609386 ], [ -73.998086, 40.608216 ], [ -73.995882, 40.606886 ], [ -73.995303, 40.607445 ], [ -73.994719, 40.608005 ], [ -73.994137, 40.608564 ], [ -73.993557, 40.609123 ], [ -73.991358, 40.607794 ], [ -73.990775, 40.608352 ], [ -73.990193, 40.608911 ], [ -73.989894, 40.609198 ], [ -73.989567, 40.609514 ], [ -73.988936, 40.610116 ], [ -73.988358, 40.610675 ], [ -73.987776, 40.611234 ], [ -73.987195, 40.611792 ], [ -73.986615, 40.612353 ], [ -73.986033, 40.612912 ], [ -73.98545, 40.61347 ], [ -73.984868, 40.61403 ], [ -73.984287, 40.614588 ], [ -73.983668, 40.615185 ], [ -73.983165, 40.615662 ], [ -73.98303, 40.615793 ], [ -73.98245, 40.616353 ], [ -73.981868, 40.616912 ], [ -73.981286, 40.617471 ], [ -73.979058, 40.616126 ], [ -73.976827, 40.614777 ], [ -73.974972, 40.613668 ], [ -73.974893, 40.613187 ], [ -73.974461, 40.613591 ], [ -73.973993, 40.61403 ], [ -73.973706, 40.612572 ], [ -73.973615, 40.612079 ], [ -73.973484, 40.611371 ], [ -73.973275, 40.610281 ], [ -73.973176, 40.609767 ], [ -73.972994, 40.608814 ], [ -73.972959, 40.60863 ], [ -73.97259, 40.606671 ], [ -73.973621, 40.606557 ], [ -73.973195, 40.604298 ], [ -73.97305, 40.604282 ], [ -73.973408, 40.601702 ], [ -73.973755, 40.599221 ], [ -73.974083, 40.596883 ], [ -73.974927, 40.596794 ], [ -73.975039, 40.59678 ], [ -73.975588, 40.596719 ], [ -73.97651, 40.596616 ], [ -73.977507, 40.596506 ], [ -73.978504, 40.596396 ], [ -73.978927, 40.596348 ], [ -73.979432, 40.596292 ], [ -73.980358, 40.596192 ], [ -73.981283, 40.596088 ], [ -73.982211, 40.595987 ], [ -73.982032, 40.595044 ], [ -73.981977, 40.594764 ], [ -73.98179, 40.593868 ], [ -73.981319, 40.591484 ], [ -73.982279, 40.59138 ], [ -73.9832, 40.591243 ], [ -73.984204, 40.591166 ], [ -73.984094, 40.590567 ], [ -73.984327, 40.590342 ], [ -73.985072, 40.590791 ], [ -73.985787, 40.591222 ], [ -73.986531, 40.591671 ], [ -73.988163, 40.590101 ], [ -73.989431, 40.588875 ], [ -73.989934, 40.588399 ], [ -73.990001, 40.588482 ], [ -73.990456, 40.589046 ], [ -73.991101, 40.589845 ], [ -73.991539, 40.590391 ], [ -73.992069, 40.591048 ], [ -73.992578, 40.591678 ], [ -73.993108, 40.592335 ], [ -73.993641, 40.592999 ], [ -73.993924, 40.593266 ], [ -73.994206, 40.593534 ], [ -73.994021, 40.593645 ], [ -73.99484, 40.594031 ], [ -73.995308, 40.594428 ], [ -73.995499, 40.594594 ], [ -73.996116, 40.595116 ], [ -73.996747, 40.595643 ], [ -73.997386, 40.596183 ], [ -73.998022, 40.596701 ], [ -73.998672, 40.597269 ], [ -73.999411, 40.596584 ], [ -73.999513, 40.596476 ], [ -73.999982, 40.596017 ], [ -74.000069, 40.595934 ], [ -74.000271, 40.596018 ], [ -74.000478, 40.596077 ], [ -74.000818, 40.596171 ], [ -74.00158, 40.59635 ], [ -74.002115, 40.596475 ], [ -74.002666, 40.596608 ], [ -74.003389, 40.596788 ], [ -74.003482, 40.596821 ], [ -74.003313, 40.59692 ], [ -74.002692, 40.597043 ], [ -74.003819, 40.597458 ], [ -74.004164, 40.597691 ], [ -74.004456, 40.597878 ], [ -74.004948, 40.598172 ], [ -74.007195, 40.599453 ], [ -74.007947, 40.599897 ], [ -74.008714, 40.600357 ], [ -74.009407, 40.600777 ], [ -74.010129, 40.601218 ], [ -74.010868, 40.601657 ], [ -74.011549, 40.602095 ], [ -74.012216, 40.602263 ], [ -74.012622, 40.602358 ], [ -74.013563, 40.602585 ], [ -74.0115, 40.60476 ], [ -74.01237, 40.605214 ], [ -74.012665, 40.605367 ], [ -74.012768, 40.605421 ], [ -74.013156, 40.605622 ], [ -74.01391, 40.606016 ], [ -74.014695, 40.606424 ], [ -74.015499, 40.606842 ], [ -74.016236, 40.607233 ], [ -74.017019, 40.607655 ] ] ] } },
{ "type": "Feature", "properties": { "STATEFP": "36", "SLDLST": "048", "GEOID": "36048", "GEOIDFQ": "620L800US36048", "NAMELSAD": "Assembly District 48", "LSAD": "L3", "LSY": "2022", "MTFCC": "G5220", "FUNCSTAT": "N", "ALAND": 6704713, "AWATER": 0, "INTPTLAT": "+40.6271963", "INTPTLON": "-073.9798769", "ad_num": 48, "AssemDist": 48 }, "geometry": { "type": "Polygon", "coordinates": [ [ [ -74.005153, 40.632833 ], [ -74.004549, 40.633414 ], [ -74.003989, 40.63399 ], [ -74.004107, 40.63406 ], [ -74.003388, 40.634538 ], [ -74.002673, 40.635019 ], [ -74.001957, 40.635497 ], [ -74.00124, 40.635978 ], [ -74.000525, 40.636456 ], [ -73.999807, 40.636936 ], [ -73.999091, 40.637415 ], [ -73.998374, 40.637893 ], [ -73.997658, 40.638374 ], [ -73.996942, 40.638853 ], [ -73.996227, 40.639331 ], [ -73.99551, 40.63981 ], [ -73.994795, 40.640288 ], [ -73.994331, 40.6406 ], [ -73.994077, 40.64077 ], [ -73.993363, 40.641248 ], [ -73.992644, 40.641728 ], [ -73.991929, 40.642205 ], [ -73.991213, 40.642686 ], [ -73.990497, 40.643164 ], [ -73.988494, 40.641956 ], [ -73.986292, 40.640625 ], [ -73.984088, 40.639297 ], [ -73.981886, 40.637965 ], [ -73.979681, 40.636639 ], [ -73.980266, 40.636076 ], [ -73.98085, 40.635516 ], [ -73.981181, 40.635196 ], [ -73.981432, 40.634955 ], [ -73.982015, 40.634395 ], [ -73.982598, 40.633837 ], [ -73.980142, 40.632354 ], [ -73.978854, 40.631595 ], [ -73.978541, 40.63141 ], [ -73.978311, 40.631275 ], [ -73.978505, 40.632245 ], [ -73.978516, 40.6323 ], [ -73.978652, 40.633045 ], [ -73.977617, 40.633154 ], [ -73.976434, 40.633289 ], [ -73.97551, 40.633386 ], [ -73.974583, 40.633488 ], [ -73.973654, 40.633591 ], [ -73.972605, 40.633708 ], [ -73.972419, 40.632992 ], [ -73.972266, 40.632143 ], [ -73.972113, 40.631369 ], [ -73.971923, 40.630646 ], [ -73.971806, 40.629874 ], [ -73.971718, 40.629916 ], [ -73.971568, 40.629988 ], [ -73.971374, 40.628966 ], [ -73.971086, 40.628997 ], [ -73.970001, 40.629114 ], [ -73.968929, 40.629231 ], [ -73.968001, 40.629333 ], [ -73.967076, 40.629435 ], [ -73.966074, 40.629545 ], [ -73.96508, 40.629655 ], [ -73.964152, 40.629757 ], [ -73.963225, 40.629859 ], [ -73.962298, 40.629961 ], [ -73.961824, 40.630017 ], [ -73.961369, 40.63006 ], [ -73.961222, 40.629274 ], [ -73.961197, 40.629151 ], [ -73.961593, 40.62911 ], [ -73.961592, 40.629011 ], [ -73.961155, 40.628929 ], [ -73.960918, 40.627674 ], [ -73.959956, 40.627778 ], [ -73.958994, 40.627886 ], [ -73.958053, 40.627972 ], [ -73.956847, 40.62812 ], [ -73.956393, 40.62573 ], [ -73.956323, 40.625359 ], [ -73.955941, 40.62334 ], [ -73.955925, 40.623256 ], [ -73.955491, 40.62095 ], [ -73.956689, 40.620818 ], [ -73.957632, 40.620714 ], [ -73.957264, 40.61874 ], [ -73.957184, 40.618326 ], [ -73.958147, 40.618217 ], [ -73.959107, 40.618113 ], [ -73.9595, 40.617978 ], [ -73.959663, 40.617922 ], [ -73.959993, 40.617795 ], [ -73.960888, 40.617501 ], [ -73.961775, 40.617204 ], [ -73.962663, 40.616911 ], [ -73.962364, 40.615314 ], [ -73.963361, 40.615204 ], [ -73.964358, 40.615094 ], [ -73.965287, 40.614992 ], [ -73.966215, 40.614892 ], [ -73.967286, 40.614773 ], [ -73.968381, 40.614652 ], [ -73.968657, 40.614622 ], [ -73.968927, 40.614592 ], [ -73.97003, 40.614469 ], [ -73.970955, 40.614369 ], [ -73.971881, 40.614266 ], [ -73.972903, 40.614153 ], [ -73.973993, 40.61403 ], [ -73.974461, 40.613591 ], [ -73.974893, 40.613187 ], [ -73.974972, 40.613668 ], [ -73.976827, 40.614777 ], [ -73.979058, 40.616126 ], [ -73.981286, 40.617471 ], [ -73.983489, 40.6188 ], [ -73.985693, 40.620131 ], [ -73.987851, 40.621435 ], [ -73.990094, 40.622789 ], [ -73.99255, 40.624274 ], [ -73.993982, 40.625142 ], [ -73.994325, 40.625343 ], [ -73.994892, 40.625462 ], [ -73.994734, 40.625615 ], [ -73.994649, 40.625698 ], [ -73.995079, 40.625807 ], [ -73.996788, 40.626826 ], [ -73.996702, 40.627172 ], [ -73.996953, 40.626931 ], [ -73.999149, 40.628263 ], [ -74.001349, 40.629598 ], [ -74.003554, 40.630923 ], [ -74.005759, 40.632253 ], [ -74.005153, 40.632833 ] ] ] } },
{ "type": "Feature", "properties": { "STATEFP": "36", "SLDLST": "049", "GEOID": "36049", "GEOIDFQ": "620L800US36049", "NAMELSAD": "Assembly District 49", "LSAD": "L3", "LSY": "2022", "MTFCC": "G5220", "FUNCSTAT": "N", "ALAND": 6097157, "AWATER": 0, "INTPTLAT": "+40.6242038", "INTPTLON": "-074.0023331", "ad_num": 49, "AssemDist": 49 }, "geometry": { "type": "Polygon", "coordinates": [ [ [ -74.020064, 40.624285 ], [ -74.019632, 40.624879 ], [ -74.019264, 40.625577 ], [ -74.018961, 40.626296 ], [ -74.018639, 40.627071 ], [ -74.018328, 40.627862 ], [ -74.01806, 40.628619 ], [ -74.017892, 40.629128 ], [ -74.017852, 40.62925 ], [ -74.017809, 40.629381 ], [ -74.017559, 40.630131 ], [ -74.017336, 40.630729 ], [ -74.017724, 40.63091 ], [ -74.017385, 40.631223 ], [ -74.017261, 40.631337 ], [ -74.017078, 40.631508 ], [ -74.016956, 40.631622 ], [ -74.016684, 40.632321 ], [ -74.016491, 40.632819 ], [ -74.01638, 40.633153 ], [ -74.016331, 40.633699 ], [ -74.016395, 40.634183 ], [ -74.016559, 40.634636 ], [ -74.016977, 40.635235 ], [ -74.016885, 40.635309 ], [ -74.016856, 40.635332 ], [ -74.016802, 40.635375 ], [ -74.016752, 40.63544 ], [ -74.016692, 40.635519 ], [ -74.016306, 40.635896 ], [ -74.016068, 40.636139 ], [ -74.01574, 40.636452 ], [ -74.015146, 40.637014 ], [ -74.014567, 40.637571 ], [ -74.013961, 40.638153 ], [ -74.013357, 40.638736 ], [ -74.012776, 40.639295 ], [ -74.012195, 40.639855 ], [ -74.011611, 40.640416 ], [ -74.011029, 40.640976 ], [ -74.010447, 40.641535 ], [ -74.009863, 40.642097 ], [ -74.009281, 40.642657 ], [ -74.008699, 40.643217 ], [ -74.008116, 40.643777 ], [ -74.005913, 40.642445 ], [ -74.00533, 40.643006 ], [ -74.004747, 40.643567 ], [ -74.004165, 40.644127 ], [ -74.00196, 40.642799 ], [ -73.999757, 40.641467 ], [ -73.997557, 40.640136 ], [ -73.996227, 40.639331 ], [ -73.996942, 40.638853 ], [ -73.997658, 40.638374 ], [ -73.998374, 40.637893 ], [ -73.999091, 40.637415 ], [ -73.999807, 40.636936 ], [ -74.000525, 40.636456 ], [ -74.00124, 40.635978 ], [ -74.001957, 40.635497 ], [ -74.002673, 40.635019 ], [ -74.003388, 40.634538 ], [ -74.004107, 40.63406 ], [ -74.003989, 40.63399 ], [ -74.004549, 40.633414 ], [ -74.005153, 40.632833 ], [ -74.005759, 40.632253 ], [ -74.003554, 40.630923 ], [ -74.001349, 40.629598 ], [ -73.999149, 40.628263 ], [ -73.996953, 40.626931 ], [ -73.996702, 40.627172 ], [ -73.996788, 40.626826 ], [ -73.995079, 40.625807 ], [ -73.994649, 40.625698 ], [ -73.994734, 40.625615 ], [ -73.994892, 40.625462 ], [ -73.994325, 40.625343 ], [ -73.993982, 40.625142 ], [ -73.99255, 40.624274 ], [ -73.990094, 40.622789 ], [ -73.987851, 40.621435 ], [ -73.985693, 40.620131 ], [ -73.983489, 40.6188 ], [ -73.981286, 40.617471 ], [ -73.981868, 40.616912 ], [ -73.98245, 40.616353 ], [ -73.98303, 40.615793 ], [ -73.983165, 40.615662 ], [ -73.983668, 40.615185 ], [ -73.984287, 40.614588 ], [ -73.984868, 40.61403 ], [ -73.98545, 40.61347 ], [ -73.986033, 40.612912 ], [ -73.986615, 40.612353 ], [ -73.987195, 40.611792 ], [ -73.987776, 40.611234 ], [ -73.988358, 40.610675 ], [ -73.988936, 40.610116 ], [ -73.989567, 40.609514 ], [ -73.989894, 40.609198 ], [ -73.990193, 40.608911 ], [ -73.990775, 40.608352 ], [ -73.991358, 40.607794 ], [ -73.993557, 40.609123 ], [ -73.994137, 40.608564 ], [ -73.994719, 40.608005 ], [ -73.995303, 40.607445 ], [ -73.995882, 40.606886 ], [ -73.998086, 40.608216 ], [ -74.000021, 40.609386 ], [ -73.999454, 40.60995 ], [ -74.001302, 40.611068 ], [ -74.001904, 40.611432 ], [ -74.004359, 40.612917 ], [ -74.004942, 40.612356 ], [ -74.007142, 40.613685 ], [ -74.009341, 40.615015 ], [ -74.011543, 40.616345 ], [ -74.013749, 40.617676 ], [ -74.013164, 40.618236 ], [ -74.012584, 40.618794 ], [ -74.012002, 40.619353 ], [ -74.01142, 40.619914 ], [ -74.010839, 40.620473 ], [ -74.010257, 40.621032 ], [ -74.012459, 40.622362 ], [ -74.014662, 40.623692 ], [ -74.017262, 40.625269 ], [ -74.017976, 40.624788 ], [ -74.018879, 40.624303 ], [ -74.019218, 40.624299 ], [ -74.019403, 40.624293 ], [ -74.019459, 40.624291 ], [ -74.019605, 40.624289 ], [ -74.019752, 40.624285 ], [ -74.020064, 40.624285 ] ] ] } },
{ "type": "Feature", "properties": { "STATEFP": "36", "SLDLST": "050", "GEOID": "36050", "GEOIDFQ": "620L800US36050", "NAMELSAD": "Assembly District 50", "LSAD": "L3", "LSY": "2022", "MTFCC": "G5220", "FUNCSTAT": "N", "ALAND": 7701122, "AWATER": 206471, "INTPTLAT": "+40.7200220", "INTPTLON": "-073.9513994", "ad_num": 50, "AssemDist": 50 }, "geometry": { "type": "Polygon", "coordinates": [ [ [ -73.969941, 40.70931 ], [ -73.969612, 40.71016 ], [ -73.969128, 40.712144 ], [ -73.969072, 40.712385 ], [ -73.96905, 40.712482 ], [ -73.969021, 40.712508 ], [ -73.968993, 40.712533 ], [ -73.968945, 40.712575 ], [ -73.968895, 40.71262 ], [ -73.968861, 40.71265 ], [ -73.968819, 40.712686 ], [ -73.968469, 40.712999 ], [ -73.96837, 40.714127 ], [ -73.968041, 40.714966 ], [ -73.967999, 40.715106 ], [ -73.967716, 40.71604 ], [ -73.967578, 40.716496 ], [ -73.966836, 40.717564 ], [ -73.966671, 40.717743 ], [ -73.966613, 40.717806 ], [ -73.966511, 40.717917 ], [ -73.966477, 40.717955 ], [ -73.966249, 40.718205 ], [ -73.96613, 40.718331 ], [ -73.965704, 40.718779 ], [ -73.965572, 40.71895 ], [ -73.965206, 40.719425 ], [ -73.965086, 40.719581 ], [ -73.964676, 40.72011 ], [ -73.964038, 40.720939 ], [ -73.96373, 40.721339 ], [ -73.96355, 40.721571 ], [ -73.962787, 40.722562 ], [ -73.962645, 40.722747 ], [ -73.962014, 40.723369 ], [ -73.961543, 40.723876 ], [ -73.961539, 40.724401 ], [ -73.961538, 40.724584 ], [ -73.961537, 40.724695 ], [ -73.96155, 40.724722 ], [ -73.961606, 40.724836 ], [ -73.961618, 40.724861 ], [ -73.961611, 40.724951 ], [ -73.961531, 40.72591 ], [ -73.961501, 40.726986 ], [ -73.961436, 40.727298 ], [ -73.961389, 40.727524 ], [ -73.961283, 40.728038 ], [ -73.961172, 40.728057 ], [ -73.961157, 40.728114 ], [ -73.961215, 40.728151 ], [ -73.961107, 40.728195 ], [ -73.961063, 40.72844 ], [ -73.961055, 40.728471 ], [ -73.96104, 40.72849 ], [ -73.961028, 40.728512 ], [ -73.960992, 40.728656 ], [ -73.960986, 40.72876 ], [ -73.960994, 40.728773 ], [ -73.961044, 40.728782 ], [ -73.961054, 40.728943 ], [ -73.961075, 40.729107 ], [ -73.96108, 40.729148 ], [ -73.961076, 40.729194 ], [ -73.961088, 40.729256 ], [ -73.961115, 40.729361 ], [ -73.961137, 40.72943 ], [ -73.961197, 40.729425 ], [ -73.961214, 40.729508 ], [ -73.96126, 40.729749 ], [ -73.961308, 40.730299 ], [ -73.96145, 40.730994 ], [ -73.961843, 40.731625 ], [ -73.961997, 40.732038 ], [ -73.962148, 40.732452 ], [ -73.961897, 40.732485 ], [ -73.961932, 40.732679 ], [ -73.962229, 40.732649 ], [ -73.962252, 40.732713 ], [ -73.962261, 40.732741 ], [ -73.962268, 40.732769 ], [ -73.962278, 40.732826 ], [ -73.962288, 40.732899 ], [ -73.962307, 40.733119 ], [ -73.962338, 40.733451 ], [ -73.962348, 40.733812 ], [ -73.962605, 40.734902 ], [ -73.962665, 40.736334 ], [ -73.962668, 40.73641 ], [ -73.962672, 40.736446 ], [ -73.962629, 40.736545 ], [ -73.962478, 40.736802 ], [ -73.961859, 40.737072 ], [ -73.961525, 40.737218 ], [ -73.95706, 40.739167 ], [ -73.955087, 40.7394 ], [ -73.953907, 40.739421 ], [ -73.952749, 40.739262 ], [ -73.952723, 40.739261 ], [ -73.952669, 40.739258 ], [ -73.95254, 40.739228 ], [ -73.951886, 40.739023 ], [ -73.947064, 40.737516 ], [ -73.946832, 40.737437 ], [ -73.946367, 40.737256 ], [ -73.942163, 40.735678 ], [ -73.940368, 40.733269 ], [ -73.940318, 40.733195 ], [ -73.94037, 40.732767 ], [ -73.940073, 40.732233 ], [ -73.940003, 40.732114 ], [ -73.939977, 40.732052 ], [ -73.939913, 40.731943 ], [ -73.93966, 40.731487 ], [ -73.937525, 40.729815 ], [ -73.934425, 40.728818 ], [ -73.931825, 40.728482 ], [ -73.929213, 40.72778 ], [ -73.929179, 40.727764 ], [ -73.92914, 40.727745 ], [ -73.929086, 40.727714 ], [ -73.929058, 40.727688 ], [ -73.928908, 40.727548 ], [ -73.927801, 40.726494 ], [ -73.927225, 40.725333 ], [ -73.927171, 40.725233 ], [ -73.927806, 40.72505 ], [ -73.929195, 40.724646 ], [ -73.930871, 40.72422 ], [ -73.932441, 40.723814 ], [ -73.934012, 40.723404 ], [ -73.935589, 40.722991 ], [ -73.935284, 40.722318 ], [ -73.935041, 40.721669 ], [ -73.936504, 40.721247 ], [ -73.936209, 40.720576 ], [ -73.935883, 40.719863 ], [ -73.937526, 40.719459 ], [ -73.939087, 40.719048 ], [ -73.940492, 40.718679 ], [ -73.940669, 40.718448 ], [ -73.94127, 40.717697 ], [ -73.941836, 40.716923 ], [ -73.942077, 40.716178 ], [ -73.942162, 40.715452 ], [ -73.94216, 40.715063 ], [ -73.942066, 40.714729 ], [ -73.941713, 40.714007 ], [ -73.941385, 40.713347 ], [ -73.941041, 40.712666 ], [ -73.940688, 40.711962 ], [ -73.942228, 40.711801 ], [ -73.943911, 40.711641 ], [ -73.94397, 40.711635 ], [ -73.945596, 40.711481 ], [ -73.947245, 40.711324 ], [ -73.948775, 40.711179 ], [ -73.948892, 40.711168 ], [ -73.948966, 40.711161 ], [ -73.951116, 40.710957 ], [ -73.951643, 40.710906 ], [ -73.953128, 40.71142 ], [ -73.954303, 40.711841 ], [ -73.954484, 40.711905 ], [ -73.954737, 40.711994 ], [ -73.954871, 40.712043 ], [ -73.954949, 40.712072 ], [ -73.954981, 40.712083 ], [ -73.955288, 40.712193 ], [ -73.955323, 40.712208 ], [ -73.95537, 40.712229 ], [ -73.955389, 40.712236 ], [ -73.955476, 40.712266 ], [ -73.95681, 40.712756 ], [ -73.958342, 40.713306 ], [ -73.959797, 40.713887 ], [ -73.960163, 40.713345 ], [ -73.96168, 40.713901 ], [ -73.962081, 40.713269 ], [ -73.962552, 40.712526 ], [ -73.962942, 40.711905 ], [ -73.961421, 40.711349 ], [ -73.96181, 40.710737 ], [ -73.961905, 40.71058 ], [ -73.961962, 40.710488 ], [ -73.962035, 40.710362 ], [ -73.961462, 40.710179 ], [ -73.961244, 40.710111 ], [ -73.961303, 40.710285 ], [ -73.961123, 40.710227 ], [ -73.960816, 40.71016 ], [ -73.960702, 40.710135 ], [ -73.960597, 40.71011 ], [ -73.960381, 40.710004 ], [ -73.959997, 40.709936 ], [ -73.958862, 40.709552 ], [ -73.957488, 40.70908 ], [ -73.957904, 40.708427 ], [ -73.957362, 40.708235 ], [ -73.957203, 40.708179 ], [ -73.956724, 40.70801 ], [ -73.95627, 40.70785 ], [ -73.955542, 40.707593 ], [ -73.954017, 40.70708 ], [ -73.953378, 40.706857 ], [ -73.952913, 40.706701 ], [ -73.952515, 40.706559 ], [ -73.9523, 40.70649 ], [ -73.95191, 40.70636 ], [ -73.951086, 40.705913 ], [ -73.950957, 40.705843 ], [ -73.950237, 40.705473 ], [ -73.949836, 40.705229 ], [ -73.949471, 40.705019 ], [ -73.949362, 40.704958 ], [ -73.949254, 40.704896 ], [ -73.949022, 40.70469 ], [ -73.948791, 40.704483 ], [ -73.950225, 40.703556 ], [ -73.950247, 40.70294 ], [ -73.950013, 40.702726 ], [ -73.950251, 40.70257 ], [ -73.951921, 40.701487 ], [ -73.951288, 40.700922 ], [ -73.950756, 40.700445 ], [ -73.950657, 40.700347 ], [ -73.950136, 40.699915 ], [ -73.950091, 40.699791 ], [ -73.950922, 40.699688 ], [ -73.952161, 40.699537 ], [ -73.952663, 40.699482 ], [ -73.95337, 40.699405 ], [ -73.95429, 40.699296 ], [ -73.955184, 40.699193 ], [ -73.956075, 40.69909 ], [ -73.956645, 40.699019 ], [ -73.95702, 40.698974 ], [ -73.957434, 40.698905 ], [ -73.957959, 40.69882 ], [ -73.958858, 40.698677 ], [ -73.960197, 40.698462 ], [ -73.961051, 40.698326 ], [ -73.961899, 40.698188 ], [ -73.962274, 40.698128 ], [ -73.962469, 40.698098 ], [ -73.962839, 40.698039 ], [ -73.962368, 40.699597 ], [ -73.962179, 40.700221 ], [ -73.961921, 40.70085 ], [ -73.961452, 40.701663 ], [ -73.961749, 40.701944 ], [ -73.962392, 40.702506 ], [ -73.963426, 40.702789 ], [ -73.964296, 40.70301 ], [ -73.964426, 40.703122 ], [ -73.965058, 40.703689 ], [ -73.965164, 40.703783 ], [ -73.96569, 40.70426 ], [ -73.966325, 40.70483 ], [ -73.966727, 40.705523 ], [ -73.96702, 40.706284 ], [ -73.967951, 40.705731 ], [ -73.968389, 40.706829 ], [ -73.969178, 40.706936 ], [ -73.969285, 40.706927 ], [ -73.969279, 40.707039 ], [ -73.969354, 40.707199 ], [ -73.969613, 40.707634 ], [ -73.969845, 40.707988 ], [ -73.969888, 40.70877 ], [ -73.969941, 40.70931 ] ] ] } },
{ "type": "Feature", "properties": { "STATEFP": "36", "SLDLST": "051", "GEOID": "36051", "GEOIDFQ": "620L800US36051", "NAMELSAD": "Assembly District 51", "LSAD": "L3", "LSY": "2022", "MTFCC": "G5220", "FUNCSTAT": "N", "ALAND": 11505791, "AWATER": 360908, "INTPTLAT": "+40.6573639", "INTPTLON": "-074.0047360", "ad_num": 51, "AssemDist": 51 }, "geometry": { "type": "Polygon", "coordinates": [ [ [ -74.032346, 40.644128 ], [ -74.031976, 40.643854 ], [ -74.031598, 40.644202 ], [ -74.031285, 40.644514 ], [ -74.031098, 40.644635 ], [ -74.030805, 40.644993 ], [ -74.030498, 40.6453 ], [ -74.030395, 40.645211 ], [ -74.02912, 40.644437 ], [ -74.028936, 40.644463 ], [ -74.028255, 40.644053 ], [ -74.02606, 40.646261 ], [ -74.02962, 40.648471 ], [ -74.029294, 40.64874 ], [ -74.025693, 40.646616 ], [ -74.025468, 40.646833 ], [ -74.025055, 40.646991 ], [ -74.024553, 40.647151 ], [ -74.024065, 40.647598 ], [ -74.025129, 40.648323 ], [ -74.024721, 40.64874 ], [ -74.025637, 40.649753 ], [ -74.024406, 40.650922 ], [ -74.024292, 40.651112 ], [ -74.023873, 40.651346 ], [ -74.023833, 40.651435 ], [ -74.023054, 40.650978 ], [ -74.02268, 40.651349 ], [ -74.021577, 40.650661 ], [ -74.021347, 40.650858 ], [ -74.021239, 40.650807 ], [ -74.021016, 40.651048 ], [ -74.021083, 40.65109 ], [ -74.020944, 40.651274 ], [ -74.022227, 40.652042 ], [ -74.021982, 40.652258 ], [ -74.021803, 40.652242 ], [ -74.021623, 40.652374 ], [ -74.021382, 40.652599 ], [ -74.021292, 40.652735 ], [ -74.021164, 40.652838 ], [ -74.022052, 40.653368 ], [ -74.021738, 40.653616 ], [ -74.0214, 40.653933 ], [ -74.021218, 40.654266 ], [ -74.020877, 40.654433 ], [ -74.020451, 40.654237 ], [ -74.019799, 40.654183 ], [ -74.019289, 40.654086 ], [ -74.019002, 40.654398 ], [ -74.020123, 40.655111 ], [ -74.020102, 40.655246 ], [ -74.019939, 40.65527 ], [ -74.019034, 40.654672 ], [ -74.018365, 40.654276 ], [ -74.017886, 40.654054 ], [ -74.017122, 40.654778 ], [ -74.018531, 40.655621 ], [ -74.019149, 40.656153 ], [ -74.018312, 40.655807 ], [ -74.017283, 40.655178 ], [ -74.016918, 40.65549 ], [ -74.016653, 40.655308 ], [ -74.016401, 40.655595 ], [ -74.016799, 40.65593 ], [ -74.017235, 40.65621 ], [ -74.019165, 40.657361 ], [ -74.018695, 40.657785 ], [ -74.018389, 40.657674 ], [ -74.018191, 40.65761 ], [ -74.017871, 40.657442 ], [ -74.016665, 40.65672 ], [ -74.016438, 40.656468 ], [ -74.015865, 40.656219 ], [ -74.015466, 40.656617 ], [ -74.01554, 40.65689 ], [ -74.01624, 40.657321 ], [ -74.016853, 40.657735 ], [ -74.017598, 40.658242 ], [ -74.016757, 40.65788 ], [ -74.016062, 40.657556 ], [ -74.015515, 40.657224 ], [ -74.014334, 40.656545 ], [ -74.014226, 40.65666 ], [ -74.015179, 40.657205 ], [ -74.014802, 40.657487 ], [ -74.014519, 40.657514 ], [ -74.014418, 40.657635 ], [ -74.015318, 40.658134 ], [ -74.017419, 40.659404 ], [ -74.01744, 40.659431 ], [ -74.016673, 40.65998 ], [ -74.015591, 40.660736 ], [ -74.015528, 40.660715 ], [ -74.015318, 40.66061 ], [ -74.013996, 40.659808 ], [ -74.013666, 40.660014 ], [ -74.013589, 40.659981 ], [ -74.011942, 40.658966 ], [ -74.011129, 40.659675 ], [ -74.013711, 40.661242 ], [ -74.01407, 40.661479 ], [ -74.013258, 40.661935 ], [ -74.013096, 40.661926 ], [ -74.012847, 40.662022 ], [ -74.008762, 40.659629 ], [ -74.008548, 40.659629 ], [ -74.007489, 40.660553 ], [ -74.008692, 40.66136 ], [ -74.009965, 40.662102 ], [ -74.010408, 40.66251 ], [ -74.010369, 40.662625 ], [ -74.009957, 40.663074 ], [ -74.009328, 40.663261 ], [ -74.00881, 40.663347 ], [ -74.006132, 40.661863 ], [ -74.005698, 40.662282 ], [ -74.004369, 40.66148 ], [ -74.004339, 40.661577 ], [ -74.004261, 40.661629 ], [ -74.005601, 40.66242 ], [ -74.005867, 40.662566 ], [ -74.006265, 40.662814 ], [ -74.009911, 40.664953 ], [ -74.00577, 40.666218 ], [ -74.005197, 40.667879 ], [ -74.005525, 40.667887 ], [ -74.005885, 40.667985 ], [ -74.006793, 40.666195 ], [ -74.006934, 40.666184 ], [ -74.006059, 40.66804 ], [ -74.005637, 40.668949 ], [ -74.004754, 40.670721 ], [ -74.00544, 40.670922 ], [ -74.006308, 40.66911 ], [ -74.006469, 40.668771 ], [ -74.00655, 40.668765 ], [ -74.00663, 40.668635 ], [ -74.006843, 40.668557 ], [ -74.007518, 40.667082 ], [ -74.007734, 40.667147 ], [ -74.007064, 40.668553 ], [ -74.007138, 40.668593 ], [ -74.00753, 40.668604 ], [ -74.00795, 40.668553 ], [ -74.008519, 40.668532 ], [ -74.00981, 40.668511 ], [ -74.011458, 40.665212 ], [ -74.011543, 40.665081 ], [ -74.011665, 40.665049 ], [ -74.013192, 40.664836 ], [ -74.015319, 40.664651 ], [ -74.015749, 40.664651 ], [ -74.016021, 40.664674 ], [ -74.016719, 40.664803 ], [ -74.016903, 40.664847 ], [ -74.017258, 40.665094 ], [ -74.017492, 40.665309 ], [ -74.01771, 40.66556 ], [ -74.017819, 40.66572 ], [ -74.017911, 40.66601 ], [ -74.018065, 40.666804 ], [ -74.018176, 40.667501 ], [ -74.018321, 40.668372 ], [ -74.018443, 40.669105 ], [ -74.018565, 40.66992 ], [ -74.018688, 40.670799 ], [ -74.018868, 40.671219 ], [ -74.019037, 40.671452 ], [ -74.019147, 40.671605 ], [ -74.018884, 40.671586 ], [ -74.018452, 40.671417 ], [ -74.017545, 40.671038 ], [ -74.017304, 40.669524 ], [ -74.01719, 40.66882 ], [ -74.017071, 40.668095 ], [ -74.016998, 40.66759 ], [ -74.016881, 40.666884 ], [ -74.016773, 40.665889 ], [ -74.016688, 40.665437 ], [ -74.016564, 40.665014 ], [ -74.016513, 40.664922 ], [ -74.016029, 40.664862 ], [ -74.015892, 40.665398 ], [ -74.015319, 40.665459 ], [ -74.013385, 40.665631 ], [ -74.012884, 40.665676 ], [ -74.012623, 40.665699 ], [ -74.012287, 40.665729 ], [ -74.011886, 40.666605 ], [ -74.011752, 40.666892 ], [ -74.011406, 40.667593 ], [ -74.011213, 40.668 ], [ -74.011126, 40.668081 ], [ -74.010873, 40.66852 ], [ -74.010892, 40.668661 ], [ -74.010373, 40.668629 ], [ -74.010364, 40.668807 ], [ -74.010352, 40.669111 ], [ -74.010538, 40.669213 ], [ -74.010872, 40.66924 ], [ -74.010925, 40.6697 ], [ -74.011541, 40.669743 ], [ -74.011665, 40.670174 ], [ -74.011614, 40.670318 ], [ -74.011886, 40.670438 ], [ -74.012136, 40.670414 ], [ -74.014072, 40.669678 ], [ -74.014256, 40.669743 ], [ -74.011855, 40.670727 ], [ -74.011954, 40.670889 ], [ -74.012128, 40.670957 ], [ -74.01233, 40.67097 ], [ -74.012564, 40.670884 ], [ -74.012845, 40.670904 ], [ -74.013002, 40.670861 ], [ -74.013128, 40.670952 ], [ -74.013285, 40.670869 ], [ -74.013431, 40.670943 ], [ -74.01329, 40.671147 ], [ -74.013541, 40.671247 ], [ -74.01364, 40.671177 ], [ -74.013777, 40.67114 ], [ -74.013919, 40.671135 ], [ -74.013989, 40.671177 ], [ -74.014301, 40.671364 ], [ -74.015046, 40.670717 ], [ -74.015197, 40.67076 ], [ -74.013892, 40.671836 ], [ -74.014244, 40.672135 ], [ -74.015554, 40.670954 ], [ -74.01576, 40.670987 ], [ -74.014325, 40.672195 ], [ -74.013563, 40.672864 ], [ -74.013008, 40.673341 ], [ -74.013367, 40.673579 ], [ -74.013833, 40.673181 ], [ -74.014262, 40.672816 ], [ -74.014473, 40.672707 ], [ -74.015119, 40.672148 ], [ -74.015261, 40.672208 ], [ -74.015384, 40.672339 ], [ -74.015635, 40.672501 ], [ -74.015791, 40.672588 ], [ -74.015949, 40.672674 ], [ -74.016204, 40.672815 ], [ -74.016318, 40.672878 ], [ -74.016308, 40.673036 ], [ -74.0154, 40.673784 ], [ -74.014633, 40.674418 ], [ -74.014898, 40.674627 ], [ -74.015321, 40.674301 ], [ -74.01601, 40.673703 ], [ -74.016479, 40.673302 ], [ -74.016794, 40.673039 ], [ -74.017046, 40.672851 ], [ -74.017114, 40.672828 ], [ -74.017237, 40.672735 ], [ -74.01745, 40.672534 ], [ -74.017707, 40.672361 ], [ -74.017861, 40.672215 ], [ -74.018021, 40.672022 ], [ -74.018171, 40.671912 ], [ -74.018307, 40.672022 ], [ -74.018539, 40.672149 ], [ -74.018869, 40.672239 ], [ -74.018619, 40.672417 ], [ -74.018442, 40.67249 ], [ -74.018195, 40.672745 ], [ -74.018001, 40.672918 ], [ -74.017712, 40.673174 ], [ -74.017379, 40.673461 ], [ -74.01727, 40.673568 ], [ -74.017431, 40.673741 ], [ -74.017696, 40.673918 ], [ -74.017894, 40.674159 ], [ -74.018237, 40.674416 ], [ -74.018009, 40.674747 ], [ -74.018427, 40.674513 ], [ -74.018478, 40.674584 ], [ -74.018197, 40.674942 ], [ -74.017804, 40.675238 ], [ -74.018089, 40.675421 ], [ -74.018281, 40.675439 ], [ -74.018734, 40.675032 ], [ -74.018833, 40.675079 ], [ -74.01884, 40.675155 ], [ -74.018427, 40.675547 ], [ -74.018548, 40.675773 ], [ -74.018507, 40.675919 ], [ -74.018011, 40.675935 ], [ -74.017886, 40.676146 ], [ -74.017905, 40.676445 ], [ -74.018064, 40.676514 ], [ -74.018194, 40.676603 ], [ -74.019145, 40.676503 ], [ -74.019124, 40.676533 ], [ -74.019351, 40.676592 ], [ -74.019849, 40.676498 ], [ -74.019892, 40.676947 ], [ -74.02002, 40.677049 ], [ -74.019545, 40.677163 ], [ -74.019103, 40.677204 ], [ -74.019212, 40.677781 ], [ -74.019028, 40.677874 ], [ -74.018385, 40.677929 ], [ -74.018377, 40.678192 ], [ -74.018408, 40.67832 ], [ -74.019362, 40.678288 ], [ -74.019632, 40.678429 ], [ -74.018411, 40.678504 ], [ -74.018247, 40.678515 ], [ -74.018275, 40.678682 ], [ -74.018429, 40.678786 ], [ -74.018591, 40.678978 ], [ -74.019419, 40.678941 ], [ -74.019549, 40.679035 ], [ -74.019492, 40.679197 ], [ -74.019399, 40.679573 ], [ -74.019347, 40.679548 ], [ -74.019317, 40.679608 ], [ -74.019077, 40.679763 ], [ -74.018925, 40.679842 ], [ -74.018983, 40.679898 ], [ -74.018739, 40.680046 ], [ -74.018673, 40.680086 ], [ -74.018579, 40.680144 ], [ -74.018482, 40.680203 ], [ -74.018263, 40.680334 ], [ -74.017797, 40.680619 ], [ -74.017713, 40.68066 ], [ -74.017644, 40.680598 ], [ -74.017574, 40.680644 ], [ -74.017559, 40.680645 ], [ -74.017463, 40.680632 ], [ -74.01744, 40.680636 ], [ -74.01729, 40.680731 ], [ -74.01652, 40.681194 ], [ -74.016309, 40.68132 ], [ -74.015345, 40.681897 ], [ -74.015237, 40.681996 ], [ -74.015323, 40.682112 ], [ -74.015275, 40.682142 ], [ -74.013167, 40.683411 ], [ -74.012835, 40.683609 ], [ -74.012768, 40.683605 ], [ -74.01263, 40.683471 ], [ -74.012484, 40.683553 ], [ -74.012126, 40.68377 ], [ -74.011924, 40.683894 ], [ -74.01094, 40.684485 ], [ -74.008595, 40.685904 ], [ -74.008513, 40.685963 ], [ -74.008425, 40.686016 ], [ -74.008386, 40.685969 ], [ -74.008135, 40.685615 ], [ -74.005497, 40.685847 ], [ -74.004853, 40.685668 ], [ -74.004504, 40.686301 ], [ -74.002364, 40.685737 ], [ -74.002686, 40.685062 ], [ -74.001327, 40.684682 ], [ -74.001648, 40.684009 ], [ -74.00197, 40.683345 ], [ -74.003334, 40.683721 ], [ -74.003656, 40.683048 ], [ -74.003979, 40.682377 ], [ -74.004302, 40.681707 ], [ -74.002962, 40.681334 ], [ -74.003289, 40.680664 ], [ -74.004473, 40.680993 ], [ -74.003841, 40.680177 ], [ -74.003718, 40.680021 ], [ -74.003525, 40.67979 ], [ -74.003431, 40.679708 ], [ -74.003439, 40.67967 ], [ -74.003443, 40.679574 ], [ -74.003357, 40.679244 ], [ -74.003642, 40.6792 ], [ -74.003735, 40.678898 ], [ -74.003766, 40.678805 ], [ -74.003834, 40.678646 ], [ -74.003628, 40.678594 ], [ -74.003512, 40.678564 ], [ -74.003277, 40.67823 ], [ -74.003056, 40.677976 ], [ -74.002744, 40.67762 ], [ -74.002682, 40.677544 ], [ -74.002405, 40.677188 ], [ -74.001995, 40.676661 ], [ -74.001888, 40.676628 ], [ -74.001869, 40.676622 ], [ -74.001768, 40.676603 ], [ -74.001634, 40.676551 ], [ -74.00136, 40.676113 ], [ -74.001213, 40.67587 ], [ -74.000904, 40.675637 ], [ -74.000699, 40.675571 ], [ -73.999352, 40.6752 ], [ -73.99777, 40.674742 ], [ -73.998077, 40.674115 ], [ -73.998388, 40.673471 ], [ -73.998694, 40.672824 ], [ -73.998913, 40.672481 ], [ -73.998551, 40.671926 ], [ -73.998372, 40.671641 ], [ -73.997767, 40.672429 ], [ -73.997521, 40.672137 ], [ -73.996649, 40.67163 ], [ -73.996363, 40.671493 ], [ -73.994896, 40.67079 ], [ -73.994384, 40.671403 ], [ -73.993878, 40.672005 ], [ -73.993668, 40.672257 ], [ -73.993379, 40.672604 ], [ -73.991023, 40.671458 ], [ -73.991345, 40.671073 ], [ -73.991241, 40.671028 ], [ -73.989814, 40.670314 ], [ -73.989047, 40.669958 ], [ -73.989222, 40.669749 ], [ -73.989723, 40.669146 ], [ -73.990226, 40.668544 ], [ -73.99073, 40.667941 ], [ -73.991231, 40.667339 ], [ -73.991734, 40.666736 ], [ -73.989312, 40.665567 ], [ -73.986951, 40.664425 ], [ -73.987453, 40.663823 ], [ -73.986655, 40.663437 ], [ -73.987569, 40.662339 ], [ -73.987221, 40.66213 ], [ -73.98774, 40.661602 ], [ -73.986682, 40.66093 ], [ -73.987107, 40.660575 ], [ -73.987296, 40.660442 ], [ -73.986927, 40.659971 ], [ -73.986715, 40.659728 ], [ -73.986465, 40.659513 ], [ -73.986207, 40.659301 ], [ -73.985933, 40.6591 ], [ -73.985645, 40.658914 ], [ -73.985343, 40.658742 ], [ -73.985436, 40.658661 ], [ -73.985645, 40.658481 ], [ -73.986228, 40.657921 ], [ -73.984024, 40.656592 ], [ -73.981796, 40.655246 ], [ -73.981607, 40.654236 ], [ -73.981453, 40.653416 ], [ -73.981297, 40.652637 ], [ -73.98111, 40.651592 ], [ -73.980712, 40.649524 ], [ -73.980364, 40.647694 ], [ -73.981315, 40.64732 ], [ -73.981805, 40.647128 ], [ -73.98231, 40.646927 ], [ -73.983073, 40.646625 ], [ -73.985284, 40.645768 ], [ -73.98835, 40.644562 ], [ -73.989059, 40.644119 ], [ -73.989779, 40.643645 ], [ -73.990497, 40.643164 ], [ -73.991213, 40.642686 ], [ -73.991929, 40.642205 ], [ -73.992644, 40.641728 ], [ -73.993363, 40.641248 ], [ -73.994077, 40.64077 ], [ -73.994331, 40.6406 ], [ -73.994795, 40.640288 ], [ -73.99551, 40.63981 ], [ -73.996227, 40.639331 ], [ -73.997557, 40.640136 ], [ -73.999757, 40.641467 ], [ -74.00196, 40.642799 ], [ -74.004165, 40.644127 ], [ -74.004747, 40.643567 ], [ -74.00533, 40.643006 ], [ -74.005913, 40.642445 ], [ -74.008116, 40.643777 ], [ -74.008699, 40.643217 ], [ -74.009281, 40.642657 ], [ -74.009863, 40.642097 ], [ -74.010447, 40.641535 ], [ -74.011029, 40.640976 ], [ -74.011611, 40.640416 ], [ -74.012195, 40.639855 ], [ -74.012776, 40.639295 ], [ -74.013357, 40.638736 ], [ -74.013961, 40.638153 ], [ -74.014567, 40.637571 ], [ -74.015146, 40.637014 ], [ -74.01574, 40.636452 ], [ -74.016068, 40.636139 ], [ -74.016306, 40.635896 ], [ -74.016692, 40.635519 ], [ -74.016752, 40.63544 ], [ -74.016802, 40.635375 ], [ -74.016856, 40.635332 ], [ -74.016885, 40.635309 ], [ -74.016977, 40.635235 ], [ -74.017505, 40.634748 ], [ -74.017811, 40.634099 ], [ -74.01796, 40.633728 ], [ -74.018245, 40.633034 ], [ -74.019263, 40.633494 ], [ -74.020722, 40.634169 ], [ -74.023235, 40.635318 ], [ -74.025746, 40.636465 ], [ -74.025666, 40.636667 ], [ -74.027353, 40.63718 ], [ -74.027884, 40.637345 ], [ -74.028279, 40.637468 ], [ -74.030165, 40.638052 ], [ -74.030891, 40.638279 ], [ -74.030606, 40.638963 ], [ -74.030322, 40.639647 ], [ -74.029095, 40.640811 ], [ -74.028852, 40.640802 ], [ -74.029073, 40.640969 ], [ -74.028901, 40.641008 ], [ -74.028901, 40.641147 ], [ -74.029079, 40.641274 ], [ -74.029105, 40.641415 ], [ -74.028923, 40.641451 ], [ -74.02906, 40.641727 ], [ -74.030563, 40.642564 ], [ -74.032076, 40.643407 ], [ -74.032644, 40.6438 ], [ -74.032346, 40.644128 ] ] ] } },
{ "type": "Feature", "properties": { "STATEFP": "36", "SLDLST": "052", "GEOID": "36052", "GEOIDFQ": "620L800US36052", "NAMELSAD": "Assembly District 52", "LSAD": "L3", "LSY": "2022", "MTFCC": "G5220", "FUNCSTAT": "N", "ALAND": 8502267, "AWATER": 483072, "INTPTLAT": "+40.6884554", "INTPTLON": "-073.9851755", "ad_num": 52, "AssemDist": 52 }, "geometry": { "type": "Polygon", "coordinates": [ [ [ -74.008425, 40.686016 ], [ -74.008164, 40.686175 ], [ -74.00795, 40.686293 ], [ -74.007929, 40.686276 ], [ -74.007899, 40.686251 ], [ -74.007843, 40.686238 ], [ -74.007778, 40.686245 ], [ -74.00773, 40.686254 ], [ -74.00767, 40.686269 ], [ -74.007623, 40.686285 ], [ -74.007536, 40.686315 ], [ -74.007497, 40.686344 ], [ -74.007411, 40.686388 ], [ -74.007243, 40.686449 ], [ -74.00715, 40.686475 ], [ -74.007064, 40.686504 ], [ -74.00702, 40.686526 ], [ -74.006989, 40.686509 ], [ -74.006875, 40.686464 ], [ -74.006755, 40.686413 ], [ -74.006594, 40.686347 ], [ -74.006506, 40.686314 ], [ -74.006444, 40.686296 ], [ -74.006406, 40.686289 ], [ -74.00635, 40.686285 ], [ -74.005874, 40.686207 ], [ -74.00563, 40.686784 ], [ -74.005038, 40.687561 ], [ -74.004593, 40.688215 ], [ -74.003919, 40.68886 ], [ -74.00382, 40.68893 ], [ -74.003409, 40.689613 ], [ -74.003024, 40.690349 ], [ -74.002993, 40.690427 ], [ -74.002763, 40.690364 ], [ -74.002616, 40.690324 ], [ -74.002427, 40.690273 ], [ -74.002178, 40.690206 ], [ -74.001963, 40.690136 ], [ -74.001853, 40.690388 ], [ -74.00096, 40.690132 ], [ -74.000699, 40.690612 ], [ -74.001332, 40.691225 ], [ -74.001969, 40.691843 ], [ -74.001818, 40.692222 ], [ -74.001744, 40.692407 ], [ -74.001542, 40.692786 ], [ -74.001317, 40.693208 ], [ -74.001277, 40.693298 ], [ -74.001194, 40.693484 ], [ -74.000959, 40.694069 ], [ -74.000701, 40.694388 ], [ -74.000277, 40.694959 ], [ -73.999882, 40.695605 ], [ -73.999604, 40.696069 ], [ -73.999461, 40.69628 ], [ -73.99942, 40.696361 ], [ -73.999428, 40.69641 ], [ -73.999478, 40.696466 ], [ -73.999535, 40.696578 ], [ -73.999474, 40.696704 ], [ -73.999295, 40.696795 ], [ -73.999182, 40.696885 ], [ -73.998991, 40.696812 ], [ -73.99894, 40.696941 ], [ -73.998857, 40.69692 ], [ -73.998763, 40.69711 ], [ -73.998847, 40.697141 ], [ -73.998376, 40.698048 ], [ -73.998032, 40.698762 ], [ -73.9975, 40.699653 ], [ -73.996698, 40.700877 ], [ -73.995138, 40.70298 ], [ -73.995069, 40.703102 ], [ -73.994806, 40.703296 ], [ -73.994663, 40.703431 ], [ -73.994858, 40.703566 ], [ -73.994992, 40.703654 ], [ -73.994882, 40.703788 ], [ -73.994881, 40.703813 ], [ -73.994816, 40.703906 ], [ -73.994714, 40.703997 ], [ -73.994797, 40.704096 ], [ -73.994618, 40.704226 ], [ -73.994565, 40.704265 ], [ -73.994498, 40.704318 ], [ -73.994341, 40.704429 ], [ -73.993861, 40.704556 ], [ -73.993807, 40.70454 ], [ -73.993775, 40.704449 ], [ -73.993693, 40.704476 ], [ -73.993713, 40.70452 ], [ -73.993853, 40.704829 ], [ -73.992722, 40.705544 ], [ -73.99148, 40.705625 ], [ -73.990882, 40.705124 ], [ -73.990696, 40.705131 ], [ -73.990549, 40.705144 ], [ -73.989861, 40.705175 ], [ -73.989608, 40.705158 ], [ -73.989495, 40.705145 ], [ -73.989424, 40.705137 ], [ -73.989381, 40.705137 ], [ -73.989224, 40.705137 ], [ -73.987957, 40.705134 ], [ -73.987577, 40.705158 ], [ -73.987449, 40.705166 ], [ -73.987271, 40.705181 ], [ -73.986866, 40.705161 ], [ -73.986762, 40.705118 ], [ -73.98669, 40.705075 ], [ -73.986641, 40.705018 ], [ -73.986623, 40.704979 ], [ -73.98653, 40.704979 ], [ -73.986429, 40.705083 ], [ -73.986434, 40.705349 ], [ -73.985852, 40.705415 ], [ -73.984189, 40.705582 ], [ -73.983442, 40.705645 ], [ -73.983426, 40.705577 ], [ -73.983398, 40.705467 ], [ -73.983351, 40.705451 ], [ -73.983227, 40.705482 ], [ -73.98308, 40.70548 ], [ -73.98308, 40.705519 ], [ -73.982825, 40.705558 ], [ -73.982741, 40.705576 ], [ -73.982748, 40.705532 ], [ -73.982572, 40.705518 ], [ -73.982455, 40.705509 ], [ -73.982449, 40.705547 ], [ -73.982329, 40.705552 ], [ -73.98221, 40.70554 ], [ -73.982033, 40.705515 ], [ -73.981856, 40.70549 ], [ -73.980987, 40.705374 ], [ -73.980907, 40.705907 ], [ -73.980332, 40.705846 ], [ -73.979479, 40.705825 ], [ -73.979233, 40.705769 ], [ -73.979069, 40.705963 ], [ -73.975476, 40.707492 ], [ -73.97502, 40.707736 ], [ -73.97482, 40.707883 ], [ -73.974554, 40.708079 ], [ -73.974431, 40.708169 ], [ -73.974264, 40.708298 ], [ -73.973243, 40.709044 ], [ -73.97306, 40.709179 ], [ -73.972789, 40.709378 ], [ -73.972309, 40.709071 ], [ -73.970573, 40.707555 ], [ -73.970318, 40.707332 ], [ -73.970236, 40.707367 ], [ -73.970141, 40.707407 ], [ -73.969613, 40.707634 ], [ -73.969354, 40.707199 ], [ -73.969279, 40.707039 ], [ -73.969285, 40.706927 ], [ -73.969178, 40.706936 ], [ -73.968389, 40.706829 ], [ -73.967951, 40.705731 ], [ -73.96702, 40.706284 ], [ -73.966727, 40.705523 ], [ -73.966325, 40.70483 ], [ -73.96569, 40.70426 ], [ -73.965164, 40.703783 ], [ -73.965058, 40.703689 ], [ -73.964426, 40.703122 ], [ -73.964296, 40.70301 ], [ -73.963426, 40.702789 ], [ -73.962392, 40.702506 ], [ -73.961749, 40.701944 ], [ -73.961452, 40.701663 ], [ -73.961921, 40.70085 ], [ -73.962179, 40.700221 ], [ -73.962368, 40.699597 ], [ -73.962839, 40.698039 ], [ -73.962874, 40.697818 ], [ -73.963037, 40.697406 ], [ -73.963199, 40.6971 ], [ -73.963517, 40.696734 ], [ -73.963709, 40.696588 ], [ -73.964112, 40.696302 ], [ -73.964551, 40.696107 ], [ -73.965156, 40.695972 ], [ -73.965442, 40.695978 ], [ -73.966425, 40.695999 ], [ -73.967416, 40.696028 ], [ -73.968406, 40.696047 ], [ -73.969399, 40.696093 ], [ -73.970431, 40.696137 ], [ -73.971462, 40.696187 ], [ -73.97247, 40.696207 ], [ -73.973485, 40.696246 ], [ -73.974484, 40.696308 ], [ -73.975486, 40.696315 ], [ -73.976443, 40.696371 ], [ -73.97739, 40.696419 ], [ -73.978381, 40.696492 ], [ -73.979529, 40.696529 ], [ -73.980388, 40.696507 ], [ -73.980447, 40.69667 ], [ -73.980515, 40.697437 ], [ -73.980544, 40.698246 ], [ -73.980462, 40.699703 ], [ -73.980455, 40.700852 ], [ -73.980729, 40.701268 ], [ -73.98285, 40.701359 ], [ -73.984761, 40.701439 ], [ -73.984827, 40.700577 ], [ -73.985443, 40.70059 ], [ -73.985634, 40.700595 ], [ -73.986601, 40.700621 ], [ -73.986798, 40.700617 ], [ -73.98657, 40.700213 ], [ -73.986409, 40.699928 ], [ -73.986208, 40.699581 ], [ -73.985587, 40.698446 ], [ -73.985379, 40.69844 ], [ -73.985158, 40.698443 ], [ -73.985044, 40.698444 ], [ -73.98496, 40.698445 ], [ -73.983995, 40.698414 ], [ -73.983152, 40.698381 ], [ -73.983051, 40.698378 ], [ -73.983058, 40.698289 ], [ -73.983118, 40.697542 ], [ -73.982306, 40.697508 ], [ -73.982306, 40.697418 ], [ -73.982399, 40.696056 ], [ -73.982408, 40.69588 ], [ -73.982453, 40.694796 ], [ -73.982472, 40.694398 ], [ -73.982481, 40.694227 ], [ -73.982496, 40.69392 ], [ -73.982512, 40.693614 ], [ -73.982395, 40.692973 ], [ -73.982559, 40.692272 ], [ -73.982452, 40.69205 ], [ -73.982079, 40.691292 ], [ -73.98136, 40.689928 ], [ -73.98087, 40.688866 ], [ -73.980813, 40.688775 ], [ -73.980647, 40.688523 ], [ -73.980559, 40.688351 ], [ -73.979841, 40.687345 ], [ -73.97959, 40.687004 ], [ -73.979363, 40.686682 ], [ -73.979088, 40.686285 ], [ -73.978274, 40.685196 ], [ -73.978026, 40.684864 ], [ -73.977457, 40.684052 ], [ -73.976667, 40.682973 ], [ -73.976569, 40.682827 ], [ -73.976317, 40.682509 ], [ -73.975834, 40.681836 ], [ -73.975144, 40.680872 ], [ -73.974692, 40.680266 ], [ -73.97431, 40.679735 ], [ -73.973509, 40.678639 ], [ -73.972338, 40.678393 ], [ -73.972027, 40.678328 ], [ -73.96886, 40.677665 ], [ -73.965974, 40.67706 ], [ -73.966296, 40.67618 ], [ -73.966613, 40.675302 ], [ -73.966942, 40.674416 ], [ -73.968731, 40.673928 ], [ -73.968797, 40.673284 ], [ -73.968858, 40.67307 ], [ -73.968924, 40.672938 ], [ -73.969247, 40.672743 ], [ -73.969347, 40.672674 ], [ -73.969662, 40.672654 ], [ -73.970039, 40.67268 ], [ -73.970409, 40.672617 ], [ -73.970855, 40.671865 ], [ -73.971325, 40.671248 ], [ -73.971816, 40.67063 ], [ -73.972317, 40.670029 ], [ -73.97282, 40.669427 ], [ -73.973323, 40.668825 ], [ -73.975696, 40.669973 ], [ -73.978061, 40.671112 ], [ -73.980418, 40.672256 ], [ -73.982781, 40.673399 ], [ -73.983282, 40.672796 ], [ -73.983786, 40.672194 ], [ -73.984289, 40.671591 ], [ -73.98479, 40.670989 ], [ -73.987211, 40.672161 ], [ -73.987715, 40.671557 ], [ -73.988219, 40.670953 ], [ -73.988726, 40.670342 ], [ -73.989047, 40.669958 ], [ -73.989814, 40.670314 ], [ -73.991241, 40.671028 ], [ -73.991345, 40.671073 ], [ -73.991023, 40.671458 ], [ -73.993379, 40.672604 ], [ -73.993668, 40.672257 ], [ -73.993878, 40.672005 ], [ -73.994384, 40.671403 ], [ -73.994896, 40.67079 ], [ -73.996363, 40.671493 ], [ -73.996649, 40.67163 ], [ -73.997521, 40.672137 ], [ -73.997767, 40.672429 ], [ -73.998372, 40.671641 ], [ -73.998551, 40.671926 ], [ -73.998913, 40.672481 ], [ -73.998694, 40.672824 ], [ -73.998388, 40.673471 ], [ -73.998077, 40.674115 ], [ -73.99777, 40.674742 ], [ -73.999352, 40.6752 ], [ -74.000699, 40.675571 ], [ -74.000904, 40.675637 ], [ -74.001213, 40.67587 ], [ -74.00136, 40.676113 ], [ -74.001634, 40.676551 ], [ -74.001768, 40.676603 ], [ -74.001869, 40.676622 ], [ -74.001888, 40.676628 ], [ -74.001995, 40.676661 ], [ -74.002405, 40.677188 ], [ -74.002682, 40.677544 ], [ -74.002744, 40.67762 ], [ -74.003056, 40.677976 ], [ -74.003277, 40.67823 ], [ -74.003512, 40.678564 ], [ -74.003628, 40.678594 ], [ -74.003834, 40.678646 ], [ -74.003766, 40.678805 ], [ -74.003735, 40.678898 ], [ -74.003642, 40.6792 ], [ -74.003357, 40.679244 ], [ -74.003443, 40.679574 ], [ -74.003439, 40.67967 ], [ -74.003431, 40.679708 ], [ -74.003525, 40.67979 ], [ -74.003718, 40.680021 ], [ -74.003841, 40.680177 ], [ -74.004473, 40.680993 ], [ -74.003289, 40.680664 ], [ -74.002962, 40.681334 ], [ -74.004302, 40.681707 ], [ -74.003979, 40.682377 ], [ -74.003656, 40.683048 ], [ -74.003334, 40.683721 ], [ -74.00197, 40.683345 ], [ -74.001648, 40.684009 ], [ -74.001327, 40.684682 ], [ -74.002686, 40.685062 ], [ -74.002364, 40.685737 ], [ -74.004504, 40.686301 ], [ -74.004853, 40.685668 ], [ -74.005497, 40.685847 ], [ -74.008135, 40.685615 ], [ -74.008386, 40.685969 ], [ -74.008425, 40.686016 ] ] ] } },
{ "type": "Feature", "properties": { "STATEFP": "36", "SLDLST": "053", "GEOID": "36053", "GEOIDFQ": "620L800US36053", "NAMELSAD": "Assembly District 53", "LSAD": "L3", "LSY": "2022", "MTFCC": "G5220", "FUNCSTAT": "N", "ALAND": 7271132, "AWATER": 152955, "INTPTLAT": "+40.7065729", "INTPTLON": "-073.9328017", "ad_num": 53, "AssemDist": 53 }, "geometry": { "type": "Polygon", "coordinates": [ [ [ -73.962552, 40.712526 ], [ -73.962081, 40.713269 ], [ -73.96168, 40.713901 ], [ -73.960163, 40.713345 ], [ -73.959797, 40.713887 ], [ -73.958342, 40.713306 ], [ -73.95681, 40.712756 ], [ -73.955476, 40.712266 ], [ -73.955389, 40.712236 ], [ -73.95537, 40.712229 ], [ -73.955323, 40.712208 ], [ -73.955288, 40.712193 ], [ -73.954981, 40.712083 ], [ -73.954949, 40.712072 ], [ -73.954871, 40.712043 ], [ -73.954737, 40.711994 ], [ -73.954484, 40.711905 ], [ -73.954303, 40.711841 ], [ -73.953128, 40.71142 ], [ -73.951643, 40.710906 ], [ -73.951116, 40.710957 ], [ -73.948966, 40.711161 ], [ -73.948892, 40.711168 ], [ -73.948775, 40.711179 ], [ -73.947245, 40.711324 ], [ -73.945596, 40.711481 ], [ -73.94397, 40.711635 ], [ -73.943911, 40.711641 ], [ -73.942228, 40.711801 ], [ -73.940688, 40.711962 ], [ -73.941041, 40.712666 ], [ -73.941385, 40.713347 ], [ -73.941713, 40.714007 ], [ -73.942066, 40.714729 ], [ -73.94216, 40.715063 ], [ -73.942162, 40.715452 ], [ -73.942077, 40.716178 ], [ -73.941836, 40.716923 ], [ -73.94127, 40.717697 ], [ -73.940669, 40.718448 ], [ -73.940492, 40.718679 ], [ -73.939087, 40.719048 ], [ -73.937526, 40.719459 ], [ -73.935883, 40.719863 ], [ -73.936209, 40.720576 ], [ -73.936504, 40.721247 ], [ -73.935041, 40.721669 ], [ -73.935284, 40.722318 ], [ -73.935589, 40.722991 ], [ -73.934012, 40.723404 ], [ -73.932441, 40.723814 ], [ -73.930871, 40.72422 ], [ -73.929195, 40.724646 ], [ -73.927806, 40.72505 ], [ -73.927171, 40.725233 ], [ -73.926539, 40.724065 ], [ -73.925344, 40.721638 ], [ -73.92418, 40.72002 ], [ -73.924278, 40.718536 ], [ -73.923127, 40.717024 ], [ -73.922711, 40.716478 ], [ -73.922739, 40.716158 ], [ -73.924327, 40.715568 ], [ -73.924241, 40.715126 ], [ -73.924059, 40.714112 ], [ -73.92404, 40.714008 ], [ -73.923137, 40.713396 ], [ -73.922233, 40.712854 ], [ -73.921687, 40.711894 ], [ -73.921546, 40.711043 ], [ -73.921221, 40.710791 ], [ -73.920745, 40.71053 ], [ -73.921892, 40.709396 ], [ -73.921435, 40.709129 ], [ -73.920701, 40.708695 ], [ -73.91996, 40.708257 ], [ -73.919222, 40.707815 ], [ -73.918477, 40.707382 ], [ -73.917737, 40.706943 ], [ -73.916995, 40.706503 ], [ -73.916253, 40.706066 ], [ -73.915513, 40.705626 ], [ -73.914771, 40.705189 ], [ -73.914031, 40.704749 ], [ -73.913292, 40.704313 ], [ -73.912549, 40.703873 ], [ -73.911807, 40.703435 ], [ -73.912904, 40.702362 ], [ -73.912162, 40.701923 ], [ -73.911422, 40.701487 ], [ -73.910679, 40.701046 ], [ -73.911808, 40.699938 ], [ -73.911036, 40.699532 ], [ -73.910143, 40.699033 ], [ -73.909533, 40.698675 ], [ -73.908774, 40.698255 ], [ -73.909251, 40.697767 ], [ -73.909513, 40.697499 ], [ -73.910272, 40.69793 ], [ -73.911049, 40.697126 ], [ -73.911806, 40.697554 ], [ -73.913361, 40.69597 ], [ -73.914808, 40.694497 ], [ -73.916257, 40.693022 ], [ -73.917009, 40.693449 ], [ -73.917761, 40.693877 ], [ -73.918512, 40.694304 ], [ -73.919271, 40.694731 ], [ -73.921154, 40.692796 ], [ -73.92128, 40.692797 ], [ -73.92223, 40.691823 ], [ -73.92295, 40.6911 ], [ -73.923644, 40.690399 ], [ -73.924287, 40.690768 ], [ -73.924392, 40.690831 ], [ -73.925365, 40.691367 ], [ -73.92556, 40.691491 ], [ -73.926316, 40.691929 ], [ -73.92645, 40.692002 ], [ -73.927071, 40.692346 ], [ -73.927507, 40.692604 ], [ -73.927811, 40.692774 ], [ -73.928043, 40.692904 ], [ -73.928507, 40.693166 ], [ -73.928642, 40.693241 ], [ -73.929702, 40.693864 ], [ -73.930512, 40.694317 ], [ -73.931145, 40.694674 ], [ -73.931458, 40.694855 ], [ -73.931773, 40.695028 ], [ -73.931929, 40.695115 ], [ -73.932366, 40.695358 ], [ -73.933118, 40.695791 ], [ -73.933828, 40.696184 ], [ -73.934134, 40.696359 ], [ -73.934797, 40.696737 ], [ -73.935222, 40.696986 ], [ -73.936006, 40.697406 ], [ -73.936388, 40.697616 ], [ -73.93676, 40.697831 ], [ -73.937391, 40.698186 ], [ -73.937773, 40.698405 ], [ -73.938177, 40.698641 ], [ -73.938568, 40.698848 ], [ -73.938902, 40.699037 ], [ -73.93969, 40.699456 ], [ -73.94042, 40.699874 ], [ -73.941149, 40.700281 ], [ -73.941931, 40.700725 ], [ -73.943692, 40.70051 ], [ -73.944388, 40.700425 ], [ -73.944617, 40.700405 ], [ -73.946316, 40.700215 ], [ -73.947128, 40.700123 ], [ -73.947248, 40.700105 ], [ -73.948133, 40.700006 ], [ -73.949794, 40.699823 ], [ -73.950091, 40.699791 ], [ -73.950136, 40.699915 ], [ -73.950657, 40.700347 ], [ -73.950756, 40.700445 ], [ -73.951288, 40.700922 ], [ -73.951921, 40.701487 ], [ -73.950251, 40.70257 ], [ -73.950013, 40.702726 ], [ -73.950247, 40.70294 ], [ -73.950225, 40.703556 ], [ -73.948791, 40.704483 ], [ -73.949022, 40.70469 ], [ -73.949254, 40.704896 ], [ -73.949362, 40.704958 ], [ -73.949471, 40.705019 ], [ -73.949836, 40.705229 ], [ -73.950237, 40.705473 ], [ -73.950957, 40.705843 ], [ -73.951086, 40.705913 ], [ -73.95191, 40.70636 ], [ -73.9523, 40.70649 ], [ -73.952515, 40.706559 ], [ -73.952913, 40.706701 ], [ -73.953378, 40.706857 ], [ -73.954017, 40.70708 ], [ -73.955542, 40.707593 ], [ -73.95627, 40.70785 ], [ -73.956724, 40.70801 ], [ -73.957203, 40.708179 ], [ -73.957362, 40.708235 ], [ -73.957904, 40.708427 ], [ -73.957488, 40.70908 ], [ -73.958862, 40.709552 ], [ -73.959997, 40.709936 ], [ -73.960381, 40.710004 ], [ -73.960597, 40.71011 ], [ -73.960702, 40.710135 ], [ -73.960816, 40.71016 ], [ -73.961123, 40.710227 ], [ -73.961303, 40.710285 ], [ -73.961244, 40.710111 ], [ -73.961462, 40.710179 ], [ -73.962035, 40.710362 ], [ -73.961962, 40.710488 ], [ -73.961905, 40.71058 ], [ -73.96181, 40.710737 ], [ -73.961421, 40.711349 ], [ -73.962942, 40.711905 ], [ -73.962552, 40.712526 ] ] ] } },
{ "type": "Feature", "properties": { "STATEFP": "36", "SLDLST": "054", "GEOID": "36054", "GEOIDFQ": "620L800US36054", "NAMELSAD": "Assembly District 54", "LSAD": "L3", "LSY": "2022", "MTFCC": "G5220", "FUNCSTAT": "N", "ALAND": 7504355, "AWATER": 0, "INTPTLAT": "+40.6834544", "INTPTLON": "-073.8897369", "ad_num": 54, "AssemDist": 54 }, "geometry": { "type": "Polygon", "coordinates": [ [ [ -73.923644, 40.690399 ], [ -73.92295, 40.6911 ], [ -73.92223, 40.691823 ], [ -73.92128, 40.692797 ], [ -73.921154, 40.692796 ], [ -73.919271, 40.694731 ], [ -73.918512, 40.694304 ], [ -73.917761, 40.693877 ], [ -73.917009, 40.693449 ], [ -73.916257, 40.693022 ], [ -73.914808, 40.694497 ], [ -73.913361, 40.69597 ], [ -73.911806, 40.697554 ], [ -73.911049, 40.697126 ], [ -73.910272, 40.69793 ], [ -73.909513, 40.697499 ], [ -73.909251, 40.697767 ], [ -73.908774, 40.698255 ], [ -73.908022, 40.697825 ], [ -73.907771, 40.697684 ], [ -73.90757, 40.697572 ], [ -73.907523, 40.697548 ], [ -73.907372, 40.697452 ], [ -73.907275, 40.697399 ], [ -73.90712, 40.697314 ], [ -73.907036, 40.697268 ], [ -73.906927, 40.697208 ], [ -73.906846, 40.697164 ], [ -73.906524, 40.696976 ], [ -73.906263, 40.696832 ], [ -73.906156, 40.696776 ], [ -73.906117, 40.69675 ], [ -73.905771, 40.696549 ], [ -73.905704, 40.696515 ], [ -73.905583, 40.696449 ], [ -73.905401, 40.69635 ], [ -73.905235, 40.696251 ], [ -73.905083, 40.696163 ], [ -73.905011, 40.696122 ], [ -73.904952, 40.696086 ], [ -73.90489, 40.696051 ], [ -73.904803, 40.696008 ], [ -73.904664, 40.695932 ], [ -73.90426, 40.6957 ], [ -73.904804, 40.695148 ], [ -73.904914, 40.695074 ], [ -73.9058, 40.694128 ], [ -73.905043, 40.693704 ], [ -73.904288, 40.693278 ], [ -73.903541, 40.692849 ], [ -73.902788, 40.692418 ], [ -73.902073, 40.691999 ], [ -73.90183, 40.691815 ], [ -73.90159, 40.691632 ], [ -73.901241, 40.691438 ], [ -73.901805, 40.690766 ], [ -73.900425, 40.688184 ], [ -73.901162, 40.687878 ], [ -73.897341, 40.683368 ], [ -73.896518, 40.682397 ], [ -73.896482, 40.68253 ], [ -73.896406, 40.68268 ], [ -73.896331, 40.68283 ], [ -73.896231, 40.682977 ], [ -73.896123, 40.68314 ], [ -73.895819, 40.683516 ], [ -73.895293, 40.684169 ], [ -73.894942, 40.684548 ], [ -73.894597, 40.684882 ], [ -73.894406, 40.68509 ], [ -73.8942, 40.685309 ], [ -73.894139, 40.685243 ], [ -73.892523, 40.683424 ], [ -73.89166, 40.684044 ], [ -73.890878, 40.684543 ], [ -73.89014, 40.685005 ], [ -73.889607, 40.684214 ], [ -73.889089, 40.684641 ], [ -73.888294, 40.685175 ], [ -73.888083, 40.685294 ], [ -73.887284, 40.685622 ], [ -73.884517, 40.686691 ], [ -73.883867, 40.687721 ], [ -73.883777, 40.687863 ], [ -73.883757, 40.687879 ], [ -73.883654, 40.687959 ], [ -73.882649, 40.688741 ], [ -73.882267, 40.689039 ], [ -73.881341, 40.689761 ], [ -73.880723, 40.690243 ], [ -73.879616, 40.691106 ], [ -73.879512, 40.691187 ], [ -73.879456, 40.691231 ], [ -73.877764, 40.692153 ], [ -73.874021, 40.694191 ], [ -73.868917, 40.69515 ], [ -73.868717, 40.694622 ], [ -73.868685, 40.694035 ], [ -73.868672, 40.693855 ], [ -73.868685, 40.69385 ], [ -73.868059, 40.691184 ], [ -73.86797, 40.690765 ], [ -73.867909, 40.690476 ], [ -73.867768, 40.689803 ], [ -73.867623, 40.689145 ], [ -73.867504, 40.68861 ], [ -73.867461, 40.688415 ], [ -73.867277, 40.687745 ], [ -73.867018, 40.68683 ], [ -73.866871, 40.686331 ], [ -73.866598, 40.68527 ], [ -73.866504, 40.684474 ], [ -73.866295, 40.683189 ], [ -73.866199, 40.682736 ], [ -73.866074, 40.682144 ], [ -73.866027, 40.681918 ], [ -73.864994, 40.682129 ], [ -73.864449, 40.682278 ], [ -73.864101, 40.682373 ], [ -73.863787, 40.681114 ], [ -73.863508, 40.679992 ], [ -73.863349, 40.679352 ], [ -73.863316, 40.679214 ], [ -73.863282, 40.679073 ], [ -73.862346, 40.679165 ], [ -73.862028, 40.677886 ], [ -73.861915, 40.67743 ], [ -73.861712, 40.676611 ], [ -73.862184, 40.676581 ], [ -73.862652, 40.676553 ], [ -73.863592, 40.676494 ], [ -73.864537, 40.676449 ], [ -73.865462, 40.676329 ], [ -73.866101, 40.676239 ], [ -73.867258, 40.676113 ], [ -73.86823, 40.675936 ], [ -73.869151, 40.675803 ], [ -73.870073, 40.675671 ], [ -73.870995, 40.675537 ], [ -73.871915, 40.675402 ], [ -73.87267, 40.675297 ], [ -73.872355, 40.674026 ], [ -73.872042, 40.672755 ], [ -73.872803, 40.672643 ], [ -73.873719, 40.672511 ], [ -73.874624, 40.672389 ], [ -73.875566, 40.672263 ], [ -73.876487, 40.67213 ], [ -73.877412, 40.671997 ], [ -73.878333, 40.671864 ], [ -73.879254, 40.671732 ], [ -73.880178, 40.671598 ], [ -73.881079, 40.671468 ], [ -73.881939, 40.671341 ], [ -73.882754, 40.67122 ], [ -73.883566, 40.6711 ], [ -73.88378, 40.671068 ], [ -73.884382, 40.670979 ], [ -73.885196, 40.670859 ], [ -73.885517, 40.672113 ], [ -73.886403, 40.671981 ], [ -73.887289, 40.671848 ], [ -73.888192, 40.671715 ], [ -73.889096, 40.671582 ], [ -73.889994, 40.671449 ], [ -73.890878, 40.671318 ], [ -73.891799, 40.67118 ], [ -73.892711, 40.671046 ], [ -73.893633, 40.67091 ], [ -73.894556, 40.67077 ], [ -73.895544, 40.670626 ], [ -73.895867, 40.671893 ], [ -73.896189, 40.673148 ], [ -73.896509, 40.674397 ], [ -73.896852, 40.675737 ], [ -73.897225, 40.677208 ], [ -73.898199, 40.677064 ], [ -73.899066, 40.676939 ], [ -73.899359, 40.676885 ], [ -73.899605, 40.676854 ], [ -73.899836, 40.676869 ], [ -73.89999, 40.6769 ], [ -73.900627, 40.677265 ], [ -73.903466, 40.678897 ], [ -73.904046, 40.67922 ], [ -73.904568, 40.679515 ], [ -73.904791, 40.679641 ], [ -73.905493, 40.680037 ], [ -73.905659, 40.680141 ], [ -73.906282, 40.680507 ], [ -73.90672, 40.680768 ], [ -73.907018, 40.680948 ], [ -73.907771, 40.681377 ], [ -73.908517, 40.681804 ], [ -73.90886, 40.681994 ], [ -73.909055, 40.682105 ], [ -73.909275, 40.682235 ], [ -73.910067, 40.682684 ], [ -73.910769, 40.683092 ], [ -73.911512, 40.683505 ], [ -73.912273, 40.683935 ], [ -73.913037, 40.684368 ], [ -73.913238, 40.684482 ], [ -73.913308, 40.684521 ], [ -73.913798, 40.6848 ], [ -73.91454, 40.685227 ], [ -73.914701, 40.685317 ], [ -73.91529, 40.685645 ], [ -73.915501, 40.685762 ], [ -73.915827, 40.685947 ], [ -73.916046, 40.686072 ], [ -73.916611, 40.686391 ], [ -73.916798, 40.686497 ], [ -73.917614, 40.686966 ], [ -73.918046, 40.687213 ], [ -73.918294, 40.687357 ], [ -73.918783, 40.687626 ], [ -73.919061, 40.687784 ], [ -73.91981, 40.688211 ], [ -73.92055, 40.688641 ], [ -73.920961, 40.688872 ], [ -73.921214, 40.689019 ], [ -73.921306, 40.689072 ], [ -73.922072, 40.68949 ], [ -73.922807, 40.689924 ], [ -73.923169, 40.690123 ], [ -73.923644, 40.690399 ] ] ] } },
{ "type": "Feature", "properties": { "STATEFP": "36", "SLDLST": "055", "GEOID": "36055", "GEOIDFQ": "620L800US36055", "NAMELSAD": "Assembly District 55", "LSAD": "L3", "LSY": "2022", "MTFCC": "G5220", "FUNCSTAT": "N", "ALAND": 6412437, "AWATER": 0, "INTPTLAT": "+40.6704908", "INTPTLON": "-073.9131756", "ad_num": 55, "AssemDist": 55 }, "geometry": { "type": "Polygon", "coordinates": [ [ [ -73.931381, 40.666126 ], [ -73.931291, 40.667015 ], [ -73.931214, 40.667825 ], [ -73.93114, 40.668581 ], [ -73.931119, 40.668798 ], [ -73.931099, 40.669019 ], [ -73.931033, 40.669738 ], [ -73.930952, 40.670583 ], [ -73.930868, 40.671474 ], [ -73.930785, 40.672363 ], [ -73.930697, 40.673257 ], [ -73.930615, 40.674147 ], [ -73.93053, 40.675039 ], [ -73.928757, 40.674941 ], [ -73.927761, 40.674887 ], [ -73.927257, 40.67486 ], [ -73.926283, 40.674807 ], [ -73.925857, 40.674784 ], [ -73.925395, 40.674759 ], [ -73.924996, 40.674736 ], [ -73.923669, 40.674664 ], [ -73.923196, 40.674638 ], [ -73.922049, 40.674574 ], [ -73.922021, 40.674858 ], [ -73.921975, 40.675348 ], [ -73.921901, 40.676131 ], [ -73.921832, 40.676849 ], [ -73.921816, 40.677019 ], [ -73.921711, 40.678116 ], [ -73.921646, 40.67887 ], [ -73.921835, 40.678946 ], [ -73.921973, 40.679078 ], [ -73.922132, 40.679745 ], [ -73.922277, 40.680476 ], [ -73.922427, 40.681211 ], [ -73.922545, 40.681936 ], [ -73.92267, 40.682682 ], [ -73.922814, 40.683415 ], [ -73.922959, 40.684148 ], [ -73.923104, 40.68488 ], [ -73.923252, 40.685612 ], [ -73.923396, 40.686345 ], [ -73.923542, 40.687076 ], [ -73.920887, 40.687382 ], [ -73.921032, 40.688115 ], [ -73.92118, 40.688848 ], [ -73.921214, 40.689019 ], [ -73.920961, 40.688872 ], [ -73.92055, 40.688641 ], [ -73.91981, 40.688211 ], [ -73.919061, 40.687784 ], [ -73.918783, 40.687626 ], [ -73.918294, 40.687357 ], [ -73.918046, 40.687213 ], [ -73.917614, 40.686966 ], [ -73.916798, 40.686497 ], [ -73.916611, 40.686391 ], [ -73.916046, 40.686072 ], [ -73.915827, 40.685947 ], [ -73.915501, 40.685762 ], [ -73.91529, 40.685645 ], [ -73.914701, 40.685317 ], [ -73.91454, 40.685227 ], [ -73.913798, 40.6848 ], [ -73.913308, 40.684521 ], [ -73.913238, 40.684482 ], [ -73.913037, 40.684368 ], [ -73.912273, 40.683935 ], [ -73.911512, 40.683505 ], [ -73.910769, 40.683092 ], [ -73.910067, 40.682684 ], [ -73.909275, 40.682235 ], [ -73.909055, 40.682105 ], [ -73.90886, 40.681994 ], [ -73.908517, 40.681804 ], [ -73.907771, 40.681377 ], [ -73.907018, 40.680948 ], [ -73.90672, 40.680768 ], [ -73.906282, 40.680507 ], [ -73.905659, 40.680141 ], [ -73.905493, 40.680037 ], [ -73.904791, 40.679641 ], [ -73.904568, 40.679515 ], [ -73.904046, 40.67922 ], [ -73.903466, 40.678897 ], [ -73.900627, 40.677265 ], [ -73.89999, 40.6769 ], [ -73.899836, 40.676869 ], [ -73.899605, 40.676854 ], [ -73.899359, 40.676885 ], [ -73.899066, 40.676939 ], [ -73.898199, 40.677064 ], [ -73.897225, 40.677208 ], [ -73.896852, 40.675737 ], [ -73.896509, 40.674397 ], [ -73.896189, 40.673148 ], [ -73.895867, 40.671893 ], [ -73.895544, 40.670626 ], [ -73.896518, 40.670481 ], [ -73.897422, 40.670347 ], [ -73.898341, 40.670212 ], [ -73.899262, 40.670073 ], [ -73.900183, 40.669939 ], [ -73.901104, 40.6698 ], [ -73.901982, 40.66967 ], [ -73.901668, 40.668413 ], [ -73.901266, 40.66688 ], [ -73.900851, 40.665346 ], [ -73.900417, 40.663806 ], [ -73.900026, 40.662281 ], [ -73.899652, 40.660735 ], [ -73.899217, 40.659112 ], [ -73.898843, 40.657556 ], [ -73.898807, 40.657407 ], [ -73.898867, 40.657398 ], [ -73.899041, 40.657372 ], [ -73.899967, 40.657285 ], [ -73.900303, 40.657263 ], [ -73.900755, 40.65723 ], [ -73.901687, 40.657104 ], [ -73.902632, 40.656966 ], [ -73.903564, 40.656826 ], [ -73.90453, 40.656684 ], [ -73.90545, 40.656547 ], [ -73.906369, 40.656412 ], [ -73.907307, 40.656273 ], [ -73.908245, 40.656133 ], [ -73.909177, 40.655995 ], [ -73.910123, 40.655852 ], [ -73.909767, 40.654472 ], [ -73.91036, 40.654393 ], [ -73.910738, 40.654365 ], [ -73.91091, 40.654353 ], [ -73.911149, 40.654335 ], [ -73.911919, 40.654296 ], [ -73.912533, 40.654314 ], [ -73.912741, 40.654497 ], [ -73.914659, 40.656214 ], [ -73.91378, 40.656783 ], [ -73.914029, 40.657004 ], [ -73.914413, 40.657362 ], [ -73.915567, 40.658393 ], [ -73.916475, 40.65785 ], [ -73.918294, 40.659484 ], [ -73.919744, 40.660771 ], [ -73.920127, 40.661123 ], [ -73.92193, 40.662744 ], [ -73.923749, 40.664378 ], [ -73.925463, 40.665916 ], [ -73.925922, 40.665715 ], [ -73.92638, 40.665515 ], [ -73.927394, 40.665075 ], [ -73.927712, 40.664935 ], [ -73.928228, 40.66471 ], [ -73.928544, 40.664574 ], [ -73.928683, 40.665086 ], [ -73.929307, 40.665117 ], [ -73.931455, 40.665234 ], [ -73.931381, 40.666126 ] ] ] } },
{ "type": "Feature", "properties": { "STATEFP": "36", "SLDLST": "056", "GEOID": "36056", "GEOIDFQ": "620L800US36056", "NAMELSAD": "Assembly District 56", "LSAD": "L3", "LSY": "2022", "MTFCC": "G5220", "FUNCSTAT": "N", "ALAND": 5950651, "AWATER": 0, "INTPTLAT": "+40.6863741", "INTPTLON": "-073.9377895", "ad_num": 56, "AssemDist": 56 }, "geometry": { "type": "Polygon", "coordinates": [ [ [ -73.95337, 40.699405 ], [ -73.952663, 40.699482 ], [ -73.952161, 40.699537 ], [ -73.950922, 40.699688 ], [ -73.950091, 40.699791 ], [ -73.949794, 40.699823 ], [ -73.948133, 40.700006 ], [ -73.947248, 40.700105 ], [ -73.947128, 40.700123 ], [ -73.946316, 40.700215 ], [ -73.944617, 40.700405 ], [ -73.944388, 40.700425 ], [ -73.943692, 40.70051 ], [ -73.941931, 40.700725 ], [ -73.941149, 40.700281 ], [ -73.94042, 40.699874 ], [ -73.93969, 40.699456 ], [ -73.938902, 40.699037 ], [ -73.938568, 40.698848 ], [ -73.938177, 40.698641 ], [ -73.937773, 40.698405 ], [ -73.937391, 40.698186 ], [ -73.93676, 40.697831 ], [ -73.936388, 40.697616 ], [ -73.936006, 40.697406 ], [ -73.935222, 40.696986 ], [ -73.934797, 40.696737 ], [ -73.934134, 40.696359 ], [ -73.933828, 40.696184 ], [ -73.933118, 40.695791 ], [ -73.932366, 40.695358 ], [ -73.931929, 40.695115 ], [ -73.931773, 40.695028 ], [ -73.931458, 40.694855 ], [ -73.931145, 40.694674 ], [ -73.930512, 40.694317 ], [ -73.929702, 40.693864 ], [ -73.928642, 40.693241 ], [ -73.928507, 40.693166 ], [ -73.928043, 40.692904 ], [ -73.927811, 40.692774 ], [ -73.927507, 40.692604 ], [ -73.927071, 40.692346 ], [ -73.92645, 40.692002 ], [ -73.926316, 40.691929 ], [ -73.92556, 40.691491 ], [ -73.925365, 40.691367 ], [ -73.924392, 40.690831 ], [ -73.924287, 40.690768 ], [ -73.923644, 40.690399 ], [ -73.923169, 40.690123 ], [ -73.922807, 40.689924 ], [ -73.922072, 40.68949 ], [ -73.921306, 40.689072 ], [ -73.921214, 40.689019 ], [ -73.92118, 40.688848 ], [ -73.921032, 40.688115 ], [ -73.920887, 40.687382 ], [ -73.923542, 40.687076 ], [ -73.923396, 40.686345 ], [ -73.923252, 40.685612 ], [ -73.923104, 40.68488 ], [ -73.922959, 40.684148 ], [ -73.922814, 40.683415 ], [ -73.92267, 40.682682 ], [ -73.922545, 40.681936 ], [ -73.922427, 40.681211 ], [ -73.922277, 40.680476 ], [ -73.922132, 40.679745 ], [ -73.921973, 40.679078 ], [ -73.921835, 40.678946 ], [ -73.921646, 40.67887 ], [ -73.921711, 40.678116 ], [ -73.921816, 40.677019 ], [ -73.921832, 40.676849 ], [ -73.921901, 40.676131 ], [ -73.921975, 40.675348 ], [ -73.922021, 40.674858 ], [ -73.922049, 40.674574 ], [ -73.923196, 40.674638 ], [ -73.923669, 40.674664 ], [ -73.924996, 40.674736 ], [ -73.925395, 40.674759 ], [ -73.925857, 40.674784 ], [ -73.926283, 40.674807 ], [ -73.927257, 40.67486 ], [ -73.927761, 40.674887 ], [ -73.928757, 40.674941 ], [ -73.93053, 40.675039 ], [ -73.930615, 40.674147 ], [ -73.930697, 40.673257 ], [ -73.933468, 40.673408 ], [ -73.936263, 40.67356 ], [ -73.936177, 40.674378 ], [ -73.93632, 40.674442 ], [ -73.936599, 40.674499 ], [ -73.936789, 40.674537 ], [ -73.936992, 40.674524 ], [ -73.93722, 40.674499 ], [ -73.937493, 40.674531 ], [ -73.937817, 40.674538 ], [ -73.938057, 40.674551 ], [ -73.938895, 40.674599 ], [ -73.941694, 40.674748 ], [ -73.941609, 40.675643 ], [ -73.944175, 40.675783 ], [ -73.944376, 40.675794 ], [ -73.944574, 40.675804 ], [ -73.944678, 40.67581 ], [ -73.945394, 40.675848 ], [ -73.945471, 40.675852 ], [ -73.946087, 40.675886 ], [ -73.9464, 40.675903 ], [ -73.947146, 40.675944 ], [ -73.949915, 40.676096 ], [ -73.949845, 40.676875 ], [ -73.94977, 40.677652 ], [ -73.949697, 40.678362 ], [ -73.949676, 40.678457 ], [ -73.949679, 40.678566 ], [ -73.949647, 40.678963 ], [ -73.949585, 40.679636 ], [ -73.949557, 40.68039 ], [ -73.949715, 40.68107 ], [ -73.949861, 40.681804 ], [ -73.950009, 40.682537 ], [ -73.950155, 40.683269 ], [ -73.950299, 40.684001 ], [ -73.950446, 40.684735 ], [ -73.95059, 40.685467 ], [ -73.950737, 40.6862 ], [ -73.950883, 40.686933 ], [ -73.951028, 40.687667 ], [ -73.951175, 40.6884 ], [ -73.951319, 40.689133 ], [ -73.951444, 40.689764 ], [ -73.951464, 40.689864 ], [ -73.951612, 40.690597 ], [ -73.951757, 40.69133 ], [ -73.95181, 40.691599 ], [ -73.951902, 40.692063 ], [ -73.95205, 40.692794 ], [ -73.952172, 40.693419 ], [ -73.952193, 40.693526 ], [ -73.952341, 40.694263 ], [ -73.952489, 40.695004 ], [ -73.952925, 40.697204 ], [ -73.95337, 40.699405 ] ] ] } },
{ "type": "Feature", "properties": { "STATEFP": "36", "SLDLST": "057", "GEOID": "36057", "GEOIDFQ": "620L800US36057", "NAMELSAD": "Assembly District 57", "LSAD": "L3", "LSY": "2022", "MTFCC": "G5220", "FUNCSTAT": "N", "ALAND": 5878311, "AWATER": 0, "INTPTLAT": "+40.6857448", "INTPTLON": "-073.9635291", "ad_num": 57, "AssemDist": 57 }, "geometry": { "type": "Polygon", "coordinates": [ [ [ -73.986601, 40.700621 ], [ -73.985634, 40.700595 ], [ -73.985443, 40.70059 ], [ -73.984827, 40.700577 ], [ -73.984761, 40.701439 ], [ -73.98285, 40.701359 ], [ -73.980729, 40.701268 ], [ -73.980455, 40.700852 ], [ -73.980462, 40.699703 ], [ -73.980544, 40.698246 ], [ -73.980515, 40.697437 ], [ -73.980447, 40.69667 ], [ -73.980388, 40.696507 ], [ -73.979529, 40.696529 ], [ -73.978381, 40.696492 ], [ -73.97739, 40.696419 ], [ -73.976443, 40.696371 ], [ -73.975486, 40.696315 ], [ -73.974484, 40.696308 ], [ -73.973485, 40.696246 ], [ -73.97247, 40.696207 ], [ -73.971462, 40.696187 ], [ -73.970431, 40.696137 ], [ -73.969399, 40.696093 ], [ -73.968406, 40.696047 ], [ -73.967416, 40.696028 ], [ -73.966425, 40.695999 ], [ -73.965442, 40.695978 ], [ -73.965156, 40.695972 ], [ -73.964551, 40.696107 ], [ -73.964112, 40.696302 ], [ -73.963709, 40.696588 ], [ -73.963517, 40.696734 ], [ -73.963199, 40.6971 ], [ -73.963037, 40.697406 ], [ -73.962874, 40.697818 ], [ -73.962839, 40.698039 ], [ -73.962469, 40.698098 ], [ -73.962274, 40.698128 ], [ -73.961899, 40.698188 ], [ -73.961051, 40.698326 ], [ -73.960197, 40.698462 ], [ -73.958858, 40.698677 ], [ -73.957959, 40.69882 ], [ -73.957434, 40.698905 ], [ -73.95702, 40.698974 ], [ -73.956645, 40.699019 ], [ -73.956075, 40.69909 ], [ -73.955184, 40.699193 ], [ -73.95429, 40.699296 ], [ -73.95337, 40.699405 ], [ -73.952925, 40.697204 ], [ -73.952489, 40.695004 ], [ -73.952341, 40.694263 ], [ -73.952193, 40.693526 ], [ -73.952172, 40.693419 ], [ -73.95205, 40.692794 ], [ -73.951902, 40.692063 ], [ -73.95181, 40.691599 ], [ -73.951757, 40.69133 ], [ -73.951612, 40.690597 ], [ -73.951464, 40.689864 ], [ -73.951444, 40.689764 ], [ -73.951319, 40.689133 ], [ -73.951175, 40.6884 ], [ -73.951028, 40.687667 ], [ -73.950883, 40.686933 ], [ -73.950737, 40.6862 ], [ -73.95059, 40.685467 ], [ -73.950446, 40.684735 ], [ -73.950299, 40.684001 ], [ -73.950155, 40.683269 ], [ -73.950009, 40.682537 ], [ -73.949861, 40.681804 ], [ -73.949715, 40.68107 ], [ -73.949557, 40.68039 ], [ -73.949585, 40.679636 ], [ -73.949647, 40.678963 ], [ -73.949679, 40.678566 ], [ -73.949676, 40.678457 ], [ -73.949697, 40.678362 ], [ -73.94977, 40.677652 ], [ -73.949845, 40.676875 ], [ -73.949915, 40.676096 ], [ -73.952687, 40.676245 ], [ -73.952768, 40.675355 ], [ -73.952849, 40.674462 ], [ -73.952937, 40.673571 ], [ -73.953019, 40.672681 ], [ -73.953102, 40.671791 ], [ -73.953187, 40.670898 ], [ -73.953249, 40.670227 ], [ -73.95327, 40.670007 ], [ -73.953289, 40.669796 ], [ -73.953353, 40.669115 ], [ -73.953439, 40.668224 ], [ -73.953521, 40.667333 ], [ -73.953606, 40.66644 ], [ -73.95369, 40.665549 ], [ -73.953787, 40.664514 ], [ -73.953849, 40.663728 ], [ -73.95721, 40.663517 ], [ -73.959739, 40.663361 ], [ -73.960615, 40.663303 ], [ -73.960956, 40.663285 ], [ -73.961108, 40.664063 ], [ -73.961258, 40.664802 ], [ -73.961616, 40.666695 ], [ -73.961806, 40.667681 ], [ -73.961996, 40.668663 ], [ -73.962111, 40.669195 ], [ -73.962194, 40.669641 ], [ -73.961949, 40.669637 ], [ -73.961663, 40.670477 ], [ -73.961407, 40.671166 ], [ -73.961338, 40.671352 ], [ -73.961261, 40.671574 ], [ -73.961029, 40.672244 ], [ -73.960709, 40.673122 ], [ -73.960393, 40.673999 ], [ -73.960074, 40.674878 ], [ -73.959758, 40.675756 ], [ -73.959433, 40.676633 ], [ -73.959124, 40.677514 ], [ -73.962229, 40.678166 ], [ -73.961957, 40.678934 ], [ -73.96168, 40.679702 ], [ -73.964236, 40.680236 ], [ -73.964454, 40.681125 ], [ -73.965488, 40.681339 ], [ -73.96654, 40.681558 ], [ -73.967477, 40.681754 ], [ -73.968664, 40.682 ], [ -73.96978, 40.682235 ], [ -73.97064, 40.682414 ], [ -73.971742, 40.682646 ], [ -73.972324, 40.682768 ], [ -73.972773, 40.682863 ], [ -73.97378, 40.683061 ], [ -73.974827, 40.683278 ], [ -73.975929, 40.683505 ], [ -73.976318, 40.683644 ], [ -73.977457, 40.684052 ], [ -73.978026, 40.684864 ], [ -73.978274, 40.685196 ], [ -73.979088, 40.686285 ], [ -73.979363, 40.686682 ], [ -73.97959, 40.687004 ], [ -73.979841, 40.687345 ], [ -73.980559, 40.688351 ], [ -73.980647, 40.688523 ], [ -73.980813, 40.688775 ], [ -73.98087, 40.688866 ], [ -73.98136, 40.689928 ], [ -73.982079, 40.691292 ], [ -73.982452, 40.69205 ], [ -73.982559, 40.692272 ], [ -73.982395, 40.692973 ], [ -73.982512, 40.693614 ], [ -73.982496, 40.69392 ], [ -73.982481, 40.694227 ], [ -73.982472, 40.694398 ], [ -73.982453, 40.694796 ], [ -73.982408, 40.69588 ], [ -73.982399, 40.696056 ], [ -73.982306, 40.697418 ], [ -73.982306, 40.697508 ], [ -73.983118, 40.697542 ], [ -73.983058, 40.698289 ], [ -73.983051, 40.698378 ], [ -73.983152, 40.698381 ], [ -73.983995, 40.698414 ], [ -73.98496, 40.698445 ], [ -73.985044, 40.698444 ], [ -73.985158, 40.698443 ], [ -73.985379, 40.69844 ], [ -73.985587, 40.698446 ], [ -73.986208, 40.699581 ], [ -73.986409, 40.699928 ], [ -73.98657, 40.700213 ], [ -73.986798, 40.700617 ], [ -73.986601, 40.700621 ] ] ] } },
{ "type": "Feature", "properties": { "STATEFP": "36", "SLDLST": "058", "GEOID": "36058", "GEOIDFQ": "620L800US36058", "NAMELSAD": "Assembly District 58", "LSAD": "L3", "LSY": "2022", "MTFCC": "G5220", "FUNCSTAT": "N", "ALAND": 8664834, "AWATER": 0, "INTPTLAT": "+40.6474462", "INTPTLON": "-073.9209950", "ad_num": 58, "AssemDist": 58 }, "geometry": { "type": "Polygon", "coordinates": [ [ [ -73.945625, 40.641126 ], [ -73.944653, 40.641186 ], [ -73.94372, 40.641242 ], [ -73.943965, 40.643543 ], [ -73.942996, 40.643604 ], [ -73.942029, 40.643664 ], [ -73.942137, 40.644683 ], [ -73.942608, 40.644662 ], [ -73.943107, 40.644637 ], [ -73.943198, 40.645487 ], [ -73.943309, 40.646527 ], [ -73.943374, 40.647115 ], [ -73.943525, 40.648541 ], [ -73.943604, 40.649279 ], [ -73.9438, 40.651106 ], [ -73.944002, 40.652973 ], [ -73.943029, 40.653033 ], [ -73.942098, 40.653091 ], [ -73.941164, 40.653149 ], [ -73.94023, 40.653207 ], [ -73.93926, 40.653267 ], [ -73.939424, 40.654799 ], [ -73.938454, 40.654858 ], [ -73.937518, 40.654916 ], [ -73.936548, 40.654976 ], [ -73.935578, 40.655039 ], [ -73.934645, 40.655096 ], [ -73.934784, 40.656361 ], [ -73.93381, 40.656423 ], [ -73.932847, 40.656478 ], [ -73.931907, 40.656537 ], [ -73.931306, 40.656581 ], [ -73.930903, 40.65661 ], [ -73.931083, 40.658296 ], [ -73.931723, 40.658257 ], [ -73.93209, 40.658235 ], [ -73.932203, 40.659288 ], [ -73.932336, 40.660532 ], [ -73.931325, 40.660594 ], [ -73.931406, 40.661331 ], [ -73.93148, 40.662051 ], [ -73.931556, 40.662756 ], [ -73.931579, 40.66323 ], [ -73.931607, 40.663557 ], [ -73.931539, 40.664343 ], [ -73.931455, 40.665234 ], [ -73.929307, 40.665117 ], [ -73.928683, 40.665086 ], [ -73.928544, 40.664574 ], [ -73.928228, 40.66471 ], [ -73.927712, 40.664935 ], [ -73.927394, 40.665075 ], [ -73.92638, 40.665515 ], [ -73.925922, 40.665715 ], [ -73.925463, 40.665916 ], [ -73.923749, 40.664378 ], [ -73.92193, 40.662744 ], [ -73.920127, 40.661123 ], [ -73.919744, 40.660771 ], [ -73.918294, 40.659484 ], [ -73.916475, 40.65785 ], [ -73.915567, 40.658393 ], [ -73.914413, 40.657362 ], [ -73.914029, 40.657004 ], [ -73.91378, 40.656783 ], [ -73.914659, 40.656214 ], [ -73.912741, 40.654497 ], [ -73.912533, 40.654314 ], [ -73.911919, 40.654296 ], [ -73.911149, 40.654335 ], [ -73.91091, 40.654353 ], [ -73.910738, 40.654365 ], [ -73.91036, 40.654393 ], [ -73.909767, 40.654472 ], [ -73.910123, 40.655852 ], [ -73.909177, 40.655995 ], [ -73.908245, 40.656133 ], [ -73.907307, 40.656273 ], [ -73.90696, 40.654905 ], [ -73.906916, 40.654732 ], [ -73.906875, 40.654571 ], [ -73.906571, 40.653379 ], [ -73.906238, 40.652065 ], [ -73.905968, 40.650944 ], [ -73.905386, 40.651327 ], [ -73.904551, 40.651877 ], [ -73.902734, 40.650244 ], [ -73.899836, 40.652117 ], [ -73.898967, 40.651423 ], [ -73.898836, 40.651307 ], [ -73.897943, 40.650515 ], [ -73.896345, 40.649027 ], [ -73.894679, 40.64753 ], [ -73.895418, 40.647049 ], [ -73.89358, 40.645397 ], [ -73.891762, 40.643764 ], [ -73.891021, 40.644245 ], [ -73.890404, 40.643689 ], [ -73.889823, 40.643168 ], [ -73.887697, 40.644548 ], [ -73.887074, 40.643985 ], [ -73.886459, 40.643434 ], [ -73.888582, 40.642055 ], [ -73.888001, 40.641533 ], [ -73.887386, 40.640981 ], [ -73.886762, 40.640427 ], [ -73.886186, 40.639904 ], [ -73.885565, 40.639347 ], [ -73.884953, 40.638787 ], [ -73.884372, 40.638272 ], [ -73.883718, 40.63768 ], [ -73.884444, 40.637197 ], [ -73.885188, 40.636713 ], [ -73.885944, 40.636227 ], [ -73.886646, 40.635775 ], [ -73.887357, 40.635316 ], [ -73.888078, 40.634846 ], [ -73.888516, 40.634565 ], [ -73.888824, 40.634368 ], [ -73.889695, 40.633802 ], [ -73.891557, 40.635475 ], [ -73.893375, 40.637108 ], [ -73.895191, 40.638742 ], [ -73.896368, 40.639798 ], [ -73.897011, 40.640374 ], [ -73.898828, 40.642005 ], [ -73.899406, 40.642523 ], [ -73.899914, 40.642978 ], [ -73.90067, 40.64366 ], [ -73.90138, 40.644297 ], [ -73.902175, 40.643782 ], [ -73.903056, 40.643215 ], [ -73.90377, 40.642752 ], [ -73.904485, 40.642292 ], [ -73.905352, 40.641731 ], [ -73.905861, 40.641407 ], [ -73.906687, 40.640873 ], [ -73.907637, 40.64173 ], [ -73.908015, 40.642069 ], [ -73.908689, 40.642675 ], [ -73.90928, 40.643204 ], [ -73.910051, 40.642709 ], [ -73.910764, 40.642246 ], [ -73.911474, 40.641788 ], [ -73.911567, 40.641734 ], [ -73.91229, 40.64141 ], [ -73.914441, 40.643342 ], [ -73.914724, 40.643161 ], [ -73.915187, 40.642862 ], [ -73.91567, 40.64255 ], [ -73.915925, 40.642384 ], [ -73.916621, 40.641948 ], [ -73.917402, 40.641517 ], [ -73.918163, 40.64108 ], [ -73.91893, 40.640585 ], [ -73.919462, 40.640239 ], [ -73.919415, 40.639775 ], [ -73.91929, 40.638596 ], [ -73.919172, 40.63747 ], [ -73.920119, 40.636988 ], [ -73.920228, 40.636932 ], [ -73.9208, 40.636638 ], [ -73.921017, 40.636528 ], [ -73.921129, 40.636471 ], [ -73.921908, 40.636075 ], [ -73.922832, 40.635543 ], [ -73.923078, 40.637908 ], [ -73.923168, 40.638837 ], [ -73.92331, 40.639747 ], [ -73.923327, 40.6399 ], [ -73.923354, 40.640177 ], [ -73.923375, 40.640495 ], [ -73.923565, 40.642499 ], [ -73.924542, 40.642439 ], [ -73.925382, 40.642384 ], [ -73.926446, 40.642316 ], [ -73.927416, 40.642253 ], [ -73.928348, 40.642197 ], [ -73.929355, 40.642134 ], [ -73.93036, 40.642073 ], [ -73.931293, 40.642015 ], [ -73.932264, 40.64195 ], [ -73.932013, 40.639616 ], [ -73.932984, 40.639555 ], [ -73.932734, 40.637217 ], [ -73.9325, 40.634947 ], [ -73.933427, 40.634884 ], [ -73.933379, 40.634368 ], [ -73.93333, 40.63402 ], [ -73.934268, 40.633679 ], [ -73.934146, 40.632492 ], [ -73.934619, 40.632461 ], [ -73.935116, 40.632429 ], [ -73.936046, 40.632371 ], [ -73.937013, 40.632304 ], [ -73.937593, 40.632268 ], [ -73.937998, 40.632247 ], [ -73.938925, 40.632193 ], [ -73.939854, 40.632135 ], [ -73.940788, 40.632076 ], [ -73.941757, 40.632017 ], [ -73.942729, 40.631957 ], [ -73.94366, 40.6319 ], [ -73.944629, 40.631838 ], [ -73.944881, 40.634177 ], [ -73.943913, 40.634237 ], [ -73.944155, 40.636507 ], [ -73.945123, 40.636448 ], [ -73.945373, 40.638787 ], [ -73.945522, 40.640165 ], [ -73.94555, 40.640429 ], [ -73.945625, 40.641126 ] ] ] } },
{ "type": "Feature", "properties": { "STATEFP": "36", "SLDLST": "059", "GEOID": "36059", "GEOIDFQ": "620L800US36059", "NAMELSAD": "Assembly District 59", "LSAD": "L3", "LSY": "2022", "MTFCC": "G5220", "FUNCSTAT": "N", "ALAND": 25987852, "AWATER": 29168792, "INTPTLAT": "+40.6124441", "INTPTLON": "-073.8940807", "ad_num": 59, "AssemDist": 59 }, "geometry": { "type": "Polygon", "coordinates": [ [ [ -73.942312, 40.608269 ], [ -73.941547, 40.608768 ], [ -73.940829, 40.60923 ], [ -73.940115, 40.609691 ], [ -73.939598, 40.610024 ], [ -73.939347, 40.610187 ], [ -73.939582, 40.610398 ], [ -73.940911, 40.611594 ], [ -73.941021, 40.611694 ], [ -73.941161, 40.61182 ], [ -73.940397, 40.612315 ], [ -73.939683, 40.612782 ], [ -73.93897, 40.61324 ], [ -73.938254, 40.613702 ], [ -73.937542, 40.614165 ], [ -73.936801, 40.614643 ], [ -73.936057, 40.615123 ], [ -73.935348, 40.615584 ], [ -73.934633, 40.616048 ], [ -73.933917, 40.616508 ], [ -73.933205, 40.61697 ], [ -73.932487, 40.617432 ], [ -73.931731, 40.617927 ], [ -73.93163, 40.618097 ], [ -73.931692, 40.618653 ], [ -73.931951, 40.62106 ], [ -73.932195, 40.623269 ], [ -73.93125, 40.623321 ], [ -73.931307, 40.62385 ], [ -73.930393, 40.624442 ], [ -73.929482, 40.625032 ], [ -73.928606, 40.625605 ], [ -73.928316, 40.625785 ], [ -73.92766, 40.626211 ], [ -73.926709, 40.626821 ], [ -73.925826, 40.627392 ], [ -73.925927, 40.628288 ], [ -73.924956, 40.628349 ], [ -73.925205, 40.630689 ], [ -73.925456, 40.633028 ], [ -73.925706, 40.635367 ], [ -73.924738, 40.635428 ], [ -73.923803, 40.635485 ], [ -73.922832, 40.635543 ], [ -73.921908, 40.636075 ], [ -73.921129, 40.636471 ], [ -73.921017, 40.636528 ], [ -73.9208, 40.636638 ], [ -73.920228, 40.636932 ], [ -73.920119, 40.636988 ], [ -73.919172, 40.63747 ], [ -73.91929, 40.638596 ], [ -73.919415, 40.639775 ], [ -73.919462, 40.640239 ], [ -73.91893, 40.640585 ], [ -73.918163, 40.64108 ], [ -73.917402, 40.641517 ], [ -73.916621, 40.641948 ], [ -73.915925, 40.642384 ], [ -73.91567, 40.64255 ], [ -73.915187, 40.642862 ], [ -73.914724, 40.643161 ], [ -73.914441, 40.643342 ], [ -73.91229, 40.64141 ], [ -73.911567, 40.641734 ], [ -73.911474, 40.641788 ], [ -73.910764, 40.642246 ], [ -73.910051, 40.642709 ], [ -73.90928, 40.643204 ], [ -73.908689, 40.642675 ], [ -73.908015, 40.642069 ], [ -73.907637, 40.64173 ], [ -73.906687, 40.640873 ], [ -73.905861, 40.641407 ], [ -73.905352, 40.641731 ], [ -73.904485, 40.642292 ], [ -73.90377, 40.642752 ], [ -73.903056, 40.643215 ], [ -73.902175, 40.643782 ], [ -73.90138, 40.644297 ], [ -73.90067, 40.64366 ], [ -73.899914, 40.642978 ], [ -73.899406, 40.642523 ], [ -73.898828, 40.642005 ], [ -73.897011, 40.640374 ], [ -73.896368, 40.639798 ], [ -73.895191, 40.638742 ], [ -73.893375, 40.637108 ], [ -73.891557, 40.635475 ], [ -73.889695, 40.633802 ], [ -73.888824, 40.634368 ], [ -73.888516, 40.634565 ], [ -73.888078, 40.634846 ], [ -73.887357, 40.635316 ], [ -73.886646, 40.635775 ], [ -73.885944, 40.636227 ], [ -73.885188, 40.636713 ], [ -73.884444, 40.637197 ], [ -73.883718, 40.63768 ], [ -73.881574, 40.639052 ], [ -73.881007, 40.639433 ], [ -73.880739, 40.639613 ], [ -73.879541, 40.638862 ], [ -73.878938, 40.638085 ], [ -73.878814, 40.637942 ], [ -73.8763, 40.635192 ], [ -73.873957, 40.633773 ], [ -73.855021, 40.643098 ], [ -73.854938, 40.64265 ], [ -73.848338, 40.643521 ], [ -73.842955, 40.63814 ], [ -73.838298, 40.633485 ], [ -73.838111, 40.633298 ], [ -73.837652, 40.63284 ], [ -73.837379, 40.632506 ], [ -73.837091, 40.632155 ], [ -73.836595, 40.631548 ], [ -73.836238, 40.631111 ], [ -73.835769, 40.630678 ], [ -73.835376, 40.630315 ], [ -73.833041, 40.628261 ], [ -73.833393, 40.627674 ], [ -73.8334, 40.627449 ], [ -73.833422, 40.626782 ], [ -73.833452, 40.626149 ], [ -73.8337, 40.620922 ], [ -73.834008, 40.614425 ], [ -73.834054, 40.613455 ], [ -73.834283, 40.609186 ], [ -73.834463, 40.607193 ], [ -73.835876, 40.605637 ], [ -73.842017, 40.598313 ], [ -73.844437, 40.595855 ], [ -73.84668, 40.593209 ], [ -73.847386, 40.592028 ], [ -73.849852, 40.588669 ], [ -73.853522, 40.586592 ], [ -73.854937, 40.585974 ], [ -73.855106, 40.585899 ], [ -73.859492, 40.583938 ], [ -73.865607, 40.581205 ], [ -73.866005, 40.581001 ], [ -73.867374, 40.580299 ], [ -73.86751, 40.580229 ], [ -73.867661, 40.580151 ], [ -73.868425, 40.579757 ], [ -73.869232, 40.579342 ], [ -73.870239, 40.57897 ], [ -73.871212, 40.578611 ], [ -73.871418, 40.578535 ], [ -73.871613, 40.578438 ], [ -73.879222, 40.574656 ], [ -73.885069, 40.573749 ], [ -73.886292, 40.573505 ], [ -73.890518, 40.572705 ], [ -73.902874, 40.5717 ], [ -73.903871, 40.571619 ], [ -73.904908, 40.571407 ], [ -73.918487, 40.569284 ], [ -73.926236, 40.568072 ], [ -73.927424, 40.567887 ], [ -73.92807, 40.567786 ], [ -73.929387, 40.572613 ], [ -73.930331, 40.576073 ], [ -73.931946, 40.582022 ], [ -73.931842, 40.583076 ], [ -73.93178, 40.583049 ], [ -73.931736, 40.582966 ], [ -73.931719, 40.582809 ], [ -73.931103, 40.582753 ], [ -73.931107, 40.582882 ], [ -73.931081, 40.584225 ], [ -73.931078, 40.584388 ], [ -73.931256, 40.585432 ], [ -73.931297, 40.585633 ], [ -73.931301, 40.585678 ], [ -73.931322, 40.585803 ], [ -73.931369, 40.586071 ], [ -73.931432, 40.586347 ], [ -73.931784, 40.588141 ], [ -73.932225, 40.590479 ], [ -73.932614, 40.592517 ], [ -73.933011, 40.594639 ], [ -73.933056, 40.594887 ], [ -73.932431, 40.595238 ], [ -73.932054, 40.59547 ], [ -73.931684, 40.595719 ], [ -73.931293, 40.595984 ], [ -73.930944, 40.596201 ], [ -73.930574, 40.596439 ], [ -73.9302, 40.596676 ], [ -73.929738, 40.596978 ], [ -73.929569, 40.59682 ], [ -73.928791, 40.597323 ], [ -73.930634, 40.598973 ], [ -73.932448, 40.600608 ], [ -73.934263, 40.60223 ], [ -73.936094, 40.603873 ], [ -73.937916, 40.605498 ], [ -73.938373, 40.605918 ], [ -73.939726, 40.607133 ], [ -73.940508, 40.606642 ], [ -73.941168, 40.607244 ], [ -73.941547, 40.607582 ], [ -73.942312, 40.608269 ] ] ] } },
{ "type": "Feature", "properties": { "STATEFP": "36", "SLDLST": "060", "GEOID": "36060", "GEOIDFQ": "620L800US36060", "NAMELSAD": "Assembly District 60", "LSAD": "L3", "LSY": "2022", "MTFCC": "G5220", "FUNCSTAT": "N", "ALAND": 12631174, "AWATER": 562057, "INTPTLAT": "+40.6558474", "INTPTLON": "-073.8763569", "ad_num": 60, "AssemDist": 60 }, "geometry": { "type": "Polygon", "coordinates": [ [ [ -73.907307, 40.656273 ], [ -73.906369, 40.656412 ], [ -73.90545, 40.656547 ], [ -73.90453, 40.656684 ], [ -73.903564, 40.656826 ], [ -73.902632, 40.656966 ], [ -73.901687, 40.657104 ], [ -73.900755, 40.65723 ], [ -73.900303, 40.657263 ], [ -73.899967, 40.657285 ], [ -73.899041, 40.657372 ], [ -73.898867, 40.657398 ], [ -73.898807, 40.657407 ], [ -73.898843, 40.657556 ], [ -73.899217, 40.659112 ], [ -73.899652, 40.660735 ], [ -73.900026, 40.662281 ], [ -73.900417, 40.663806 ], [ -73.900851, 40.665346 ], [ -73.901266, 40.66688 ], [ -73.901668, 40.668413 ], [ -73.901982, 40.66967 ], [ -73.901104, 40.6698 ], [ -73.900183, 40.669939 ], [ -73.899262, 40.670073 ], [ -73.898341, 40.670212 ], [ -73.897422, 40.670347 ], [ -73.896518, 40.670481 ], [ -73.895544, 40.670626 ], [ -73.894556, 40.67077 ], [ -73.893633, 40.67091 ], [ -73.892711, 40.671046 ], [ -73.891799, 40.67118 ], [ -73.890878, 40.671318 ], [ -73.889994, 40.671449 ], [ -73.889096, 40.671582 ], [ -73.888192, 40.671715 ], [ -73.887289, 40.671848 ], [ -73.886403, 40.671981 ], [ -73.885517, 40.672113 ], [ -73.885196, 40.670859 ], [ -73.884382, 40.670979 ], [ -73.88378, 40.671068 ], [ -73.883566, 40.6711 ], [ -73.882754, 40.67122 ], [ -73.881939, 40.671341 ], [ -73.881079, 40.671468 ], [ -73.880178, 40.671598 ], [ -73.879254, 40.671732 ], [ -73.878333, 40.671864 ], [ -73.877412, 40.671997 ], [ -73.876487, 40.67213 ], [ -73.875566, 40.672263 ], [ -73.874624, 40.672389 ], [ -73.873719, 40.672511 ], [ -73.872803, 40.672643 ], [ -73.872042, 40.672755 ], [ -73.872355, 40.674026 ], [ -73.87267, 40.675297 ], [ -73.871915, 40.675402 ], [ -73.870995, 40.675537 ], [ -73.870073, 40.675671 ], [ -73.869151, 40.675803 ], [ -73.86823, 40.675936 ], [ -73.867258, 40.676113 ], [ -73.866101, 40.676239 ], [ -73.865462, 40.676329 ], [ -73.864537, 40.676449 ], [ -73.863592, 40.676494 ], [ -73.862652, 40.676553 ], [ -73.862184, 40.676581 ], [ -73.861712, 40.676611 ], [ -73.861554, 40.675973 ], [ -73.861397, 40.675335 ], [ -73.861373, 40.675236 ], [ -73.861318, 40.675021 ], [ -73.861064, 40.674343 ], [ -73.861077, 40.674021 ], [ -73.860775, 40.672806 ], [ -73.860389, 40.671269 ], [ -73.859474, 40.671381 ], [ -73.859391, 40.671394 ], [ -73.858555, 40.671533 ], [ -73.857633, 40.671656 ], [ -73.857309, 40.670419 ], [ -73.857282, 40.670312 ], [ -73.857252, 40.670198 ], [ -73.857226, 40.670094 ], [ -73.856847, 40.668603 ], [ -73.856459, 40.667159 ], [ -73.856425, 40.667033 ], [ -73.856115, 40.665729 ], [ -73.856063, 40.665511 ], [ -73.855685, 40.663867 ], [ -73.856117, 40.663808 ], [ -73.856591, 40.663747 ], [ -73.857536, 40.663598 ], [ -73.85843, 40.663453 ], [ -73.85837, 40.663182 ], [ -73.858025, 40.661721 ], [ -73.857922, 40.661319 ], [ -73.857615, 40.660119 ], [ -73.858514, 40.659899 ], [ -73.859387, 40.659773 ], [ -73.860138, 40.659676 ], [ -73.86036, 40.659646 ], [ -73.861222, 40.659221 ], [ -73.861508, 40.65905 ], [ -73.863171, 40.658277 ], [ -73.8627, 40.657623 ], [ -73.862438, 40.657258 ], [ -73.862193, 40.656829 ], [ -73.861658, 40.65611 ], [ -73.860988, 40.655212 ], [ -73.860964, 40.65518 ], [ -73.860676, 40.654868 ], [ -73.860635, 40.654824 ], [ -73.860594, 40.65478 ], [ -73.860567, 40.654751 ], [ -73.860483, 40.654659 ], [ -73.860422, 40.654612 ], [ -73.859907, 40.654229 ], [ -73.859755, 40.654104 ], [ -73.85898, 40.652675 ], [ -73.856962, 40.650584 ], [ -73.856652, 40.650129 ], [ -73.856537, 40.649916 ], [ -73.856148, 40.649198 ], [ -73.855021, 40.643098 ], [ -73.873957, 40.633773 ], [ -73.8763, 40.635192 ], [ -73.878814, 40.637942 ], [ -73.878938, 40.638085 ], [ -73.879541, 40.638862 ], [ -73.880739, 40.639613 ], [ -73.881007, 40.639433 ], [ -73.881574, 40.639052 ], [ -73.883718, 40.63768 ], [ -73.884372, 40.638272 ], [ -73.884953, 40.638787 ], [ -73.885565, 40.639347 ], [ -73.886186, 40.639904 ], [ -73.886762, 40.640427 ], [ -73.887386, 40.640981 ], [ -73.888001, 40.641533 ], [ -73.888582, 40.642055 ], [ -73.886459, 40.643434 ], [ -73.887074, 40.643985 ], [ -73.887697, 40.644548 ], [ -73.889823, 40.643168 ], [ -73.890404, 40.643689 ], [ -73.891021, 40.644245 ], [ -73.891762, 40.643764 ], [ -73.89358, 40.645397 ], [ -73.895418, 40.647049 ], [ -73.894679, 40.64753 ], [ -73.896345, 40.649027 ], [ -73.897943, 40.650515 ], [ -73.898836, 40.651307 ], [ -73.898967, 40.651423 ], [ -73.899836, 40.652117 ], [ -73.902734, 40.650244 ], [ -73.904551, 40.651877 ], [ -73.905386, 40.651327 ], [ -73.905968, 40.650944 ], [ -73.906238, 40.652065 ], [ -73.906571, 40.653379 ], [ -73.906875, 40.654571 ], [ -73.906916, 40.654732 ], [ -73.90696, 40.654905 ], [ -73.907307, 40.656273 ] ] ] } },
{ "type": "Feature", "properties": { "STATEFP": "36", "SLDLST": "061", "GEOID": "36061", "GEOIDFQ": "620L800US36061", "NAMELSAD": "Assembly District 61", "LSAD": "L3", "LSY": "2022", "MTFCC": "G5220", "FUNCSTAT": "N", "ALAND": 19449866, "AWATER": 25335388, "INTPTLAT": "+40.6355984", "INTPTLON": "-074.1189103", "ad_num": 61, "AssemDist": 61 }, "geometry": { "type": "MultiPolygon", "coordinates": [ [ [ [ -74.040747, 40.700167 ], [ -74.04073, 40.700193 ], [ -74.040697, 40.700215 ], [ -74.040648, 40.700214 ], [ -74.040612, 40.700201 ], [ -74.040569, 40.700188 ], [ -74.040528, 40.700176 ], [ -74.040496, 40.700162 ], [ -74.04046, 40.700149 ], [ -74.040415, 40.700126 ], [ -74.040376, 40.700112 ], [ -74.040329, 40.700101 ], [ -74.040283, 40.700111 ], [ -74.040249, 40.700117 ], [ -74.040187, 40.700114 ], [ -74.040153, 40.700103 ], [ -74.040121, 40.700101 ], [ -74.040082, 40.700092 ], [ -74.040048, 40.700074 ], [ -74.040022, 40.700061 ], [ -74.039994, 40.700041 ], [ -74.039966, 40.700018 ], [ -74.039934, 40.699994 ], [ -74.0399, 40.699981 ], [ -74.039859, 40.699966 ], [ -74.039825, 40.699955 ], [ -74.039783, 40.699952 ], [ -74.039745, 40.69995 ], [ -74.039713, 40.699928 ], [ -74.039689, 40.699899 ], [ -74.039665, 40.699873 ], [ -74.039622, 40.699856 ], [ -74.039586, 40.699853 ], [ -74.039547, 40.699843 ], [ -74.039511, 40.699816 ], [ -74.039477, 40.699782 ], [ -74.039428, 40.699763 ], [ -74.039381, 40.69975 ], [ -74.03933, 40.699727 ], [ -74.039287, 40.699708 ], [ -74.039255, 40.699687 ], [ -74.039163, 40.699677 ], [ -74.039121, 40.699671 ], [ -74.039075, 40.699668 ], [ -74.039024, 40.699662 ], [ -74.03899, 40.699662 ], [ -74.038936, 40.699655 ], [ -74.038893, 40.699625 ], [ -74.03888, 40.699602 ], [ -74.038838, 40.699562 ], [ -74.038815, 40.699532 ], [ -74.038802, 40.699487 ], [ -74.038796, 40.699439 ], [ -74.038783, 40.699406 ], [ -74.038772, 40.699398 ], [ -74.038759, 40.699368 ], [ -74.038742, 40.699335 ], [ -74.038723, 40.699302 ], [ -74.038697, 40.699279 ], [ -74.038664, 40.699263 ], [ -74.038632, 40.699239 ], [ -74.038598, 40.69921 ], [ -74.038561, 40.699193 ], [ -74.038533, 40.699172 ], [ -74.03851, 40.699147 ], [ -74.038494, 40.699115 ], [ -74.038498, 40.699074 ], [ -74.038467, 40.699017 ], [ -74.038459, 40.698981 ], [ -74.038463, 40.698924 ], [ -74.038467, 40.69887 ], [ -74.038455, 40.698825 ], [ -74.038435, 40.698792 ], [ -74.038396, 40.698729 ], [ -74.03838, 40.698714 ], [ -74.038368, 40.698687 ], [ -74.038372, 40.698669 ], [ -74.038392, 40.698666 ], [ -74.03842, 40.698665 ], [ -74.038453, 40.698681 ], [ -74.038505, 40.698702 ], [ -74.038527, 40.698712 ], [ -74.038569, 40.69873 ], [ -74.038606, 40.698718 ], [ -74.038623, 40.698698 ], [ -74.038603, 40.698677 ], [ -74.038621, 40.698671 ], [ -74.038634, 40.698667 ], [ -74.038653, 40.698663 ], [ -74.038681, 40.69866 ], [ -74.038712, 40.698654 ], [ -74.038744, 40.698637 ], [ -74.03878, 40.698636 ], [ -74.038827, 40.698624 ], [ -74.038879, 40.698611 ], [ -74.038925, 40.698607 ], [ -74.03896, 40.698595 ], [ -74.039006, 40.698594 ], [ -74.039061, 40.698597 ], [ -74.039115, 40.698592 ], [ -74.039168, 40.698595 ], [ -74.039205, 40.698604 ], [ -74.039245, 40.698614 ], [ -74.039285, 40.698632 ], [ -74.039317, 40.698665 ], [ -74.039341, 40.698684 ], [ -74.039365, 40.698709 ], [ -74.039376, 40.698731 ], [ -74.039411, 40.698737 ], [ -74.039438, 40.698739 ], [ -74.039469, 40.698752 ], [ -74.039488, 40.698777 ], [ -74.039508, 40.69878 ], [ -74.039538, 40.698787 ], [ -74.039585, 40.69879 ], [ -74.039632, 40.69879 ], [ -74.039651, 40.698795 ], [ -74.03967, 40.698775 ], [ -74.039931, 40.69859 ], [ -74.040078, 40.698715 ], [ -74.040234, 40.698833 ], [ -74.040215, 40.698854 ], [ -74.040145, 40.698897 ], [ -74.040096, 40.698934 ], [ -74.040059, 40.698907 ], [ -74.040044, 40.698903 ], [ -74.040028, 40.698898 ], [ -74.039986, 40.698887 ], [ -74.039951, 40.698882 ], [ -74.03991, 40.698883 ], [ -74.039868, 40.698893 ], [ -74.039824, 40.698911 ], [ -74.039798, 40.698937 ], [ -74.039796, 40.698977 ], [ -74.039817, 40.699009 ], [ -74.039846, 40.699032 ], [ -74.039863, 40.699045 ], [ -74.039899, 40.699068 ], [ -74.039948, 40.699098 ], [ -74.03998, 40.699124 ], [ -74.04007, 40.699172 ], [ -74.040158, 40.699197 ], [ -74.040186, 40.699215 ], [ -74.04019, 40.699245 ], [ -74.04019, 40.699278 ], [ -74.040211, 40.699315 ], [ -74.040243, 40.699333 ], [ -74.040278, 40.699351 ], [ -74.040316, 40.699365 ], [ -74.040351, 40.699375 ], [ -74.040402, 40.699393 ], [ -74.040426, 40.699413 ], [ -74.040438, 40.699438 ], [ -74.040455, 40.699467 ], [ -74.040467, 40.699493 ], [ -74.040466, 40.699528 ], [ -74.04047, 40.699558 ], [ -74.040484, 40.699595 ], [ -74.040512, 40.699627 ], [ -74.040531, 40.699657 ], [ -74.040553, 40.69968 ], [ -74.040578, 40.69971 ], [ -74.0406, 40.699739 ], [ -74.040612, 40.699766 ], [ -74.040617, 40.699803 ], [ -74.040615, 40.699828 ], [ -74.040624, 40.69986 ], [ -74.040644, 40.699883 ], [ -74.040663, 40.699907 ], [ -74.040674, 40.699935 ], [ -74.040674, 40.699962 ], [ -74.040684, 40.699983 ], [ -74.040687, 40.70001 ], [ -74.040691, 40.70005 ], [ -74.040702, 40.700071 ], [ -74.040719, 40.700096 ], [ -74.04074, 40.700131 ], [ -74.040747, 40.700167 ] ] ], [ [ [ -74.047207, 40.690893 ], [ -74.047192, 40.690926 ], [ -74.047187, 40.690937 ], [ -74.047149, 40.690985 ], [ -74.047099, 40.691018 ], [ -74.047041, 40.691041 ], [ -74.046965, 40.691051 ], [ -74.046536, 40.691076 ], [ -74.046487, 40.691078 ], [ -74.046309, 40.69109 ], [ -74.046177, 40.691092 ], [ -74.046164, 40.691098 ], [ -74.046143, 40.691123 ], [ -74.046113, 40.691125 ], [ -74.045982, 40.691109 ], [ -74.04597, 40.691103 ], [ -74.045427, 40.690895 ], [ -74.045034, 40.690731 ], [ -74.04457, 40.690559 ], [ -74.043885, 40.690185 ], [ -74.043863, 40.690166 ], [ -74.043455, 40.68963 ], [ -74.043499, 40.689172 ], [ -74.043619, 40.68876 ], [ -74.043942, 40.688569 ], [ -74.043958, 40.688567 ], [ -74.044132, 40.688538 ], [ -74.044349, 40.688508 ], [ -74.044445, 40.688526 ], [ -74.044717, 40.688576 ], [ -74.044792, 40.68859 ], [ -74.045074, 40.688735 ], [ -74.04537, 40.688878 ], [ -74.046248, 40.689319 ], [ -74.046485, 40.689589 ], [ -74.046911, 40.690082 ], [ -74.046922, 40.690096 ], [ -74.047183, 40.690411 ], [ -74.04715, 40.690427 ], [ -74.047041, 40.690483 ], [ -74.047031, 40.69056 ], [ -74.047027, 40.690589 ], [ -74.047048, 40.690627 ], [ -74.047146, 40.690715 ], [ -74.04719, 40.690786 ], [ -74.047196, 40.690795 ], [ -74.047207, 40.690843 ], [ -74.047207, 40.690893 ] ] ], [ [ [ -74.161536, 40.644157 ], [ -74.161428, 40.644148 ], [ -74.161328, 40.644137 ], [ -74.16121, 40.644123 ], [ -74.159904, 40.643969 ], [ -74.158107, 40.643757 ], [ -74.157943, 40.643738 ], [ -74.149095, 40.642695 ], [ -74.14311, 40.64199 ], [ -74.142237, 40.642135 ], [ -74.142003, 40.642174 ], [ -74.141795, 40.642208 ], [ -74.13654, 40.643082 ], [ -74.1362, 40.643139 ], [ -74.135839, 40.643199 ], [ -74.134271, 40.643459 ], [ -74.132921, 40.643684 ], [ -74.131815, 40.643438 ], [ -74.130222, 40.643085 ], [ -74.128077, 40.642608 ], [ -74.126018, 40.642151 ], [ -74.12546, 40.642355 ], [ -74.123444, 40.643092 ], [ -74.121643, 40.643754 ], [ -74.12096, 40.644001 ], [ -74.119294, 40.64461 ], [ -74.109848, 40.648064 ], [ -74.106143, 40.648064 ], [ -74.105038, 40.648064 ], [ -74.103928, 40.648064 ], [ -74.10024, 40.648064 ], [ -74.09419, 40.648065 ], [ -74.093442, 40.648065 ], [ -74.091127, 40.649301 ], [ -74.090615, 40.649572 ], [ -74.086986, 40.651506 ], [ -74.072557, 40.651492 ], [ -74.071661, 40.651496 ], [ -74.06978, 40.651489 ], [ -74.055774, 40.651476 ], [ -74.055749, 40.651476 ], [ -74.055355, 40.652135 ], [ -74.054597, 40.653404 ], [ -74.054518, 40.653536 ], [ -74.054423, 40.653696 ], [ -74.054198, 40.654071 ], [ -74.053484, 40.655203 ], [ -74.053229, 40.655657 ], [ -74.053046, 40.65598 ], [ -74.051724, 40.658168 ], [ -74.051286, 40.658893 ], [ -74.050735, 40.659807 ], [ -74.050665, 40.659922 ], [ -74.049988, 40.661043 ], [ -74.049631, 40.661634 ], [ -74.048976, 40.662718 ], [ -74.048248, 40.663923 ], [ -74.047956, 40.664407 ], [ -74.047689, 40.664849 ], [ -74.047332, 40.66544 ], [ -74.045971, 40.667694 ], [ -74.045849, 40.667895 ], [ -74.043519, 40.671754 ], [ -74.043451, 40.671867 ], [ -74.042769, 40.672996 ], [ -74.037461, 40.681784 ], [ -74.03579, 40.68455 ], [ -74.035443, 40.685125 ], [ -74.033553, 40.688257 ], [ -74.02639, 40.700103 ], [ -74.026153, 40.701649 ], [ -74.025676, 40.704764 ], [ -74.025294, 40.707262 ], [ -74.025127, 40.708343 ], [ -74.024952, 40.709474 ], [ -74.024679, 40.711269 ], [ -74.024397, 40.713111 ], [ -74.024271, 40.71394 ], [ -74.024131, 40.714843 ], [ -74.023981, 40.715839 ], [ -74.023637, 40.718069 ], [ -74.023066, 40.720414 ], [ -74.016864, 40.719611 ], [ -74.013046, 40.719086 ], [ -74.012555, 40.71907 ], [ -74.012292, 40.719039 ], [ -74.012688, 40.717298 ], [ -74.012731, 40.717114 ], [ -74.012921, 40.716398 ], [ -74.013025, 40.715952 ], [ -74.013102, 40.715619 ], [ -74.013195, 40.715203 ], [ -74.013232, 40.715061 ], [ -74.013382, 40.714408 ], [ -74.0137, 40.713668 ], [ -74.012553, 40.713147 ], [ -74.011663, 40.712798 ], [ -74.010122, 40.712085 ], [ -74.010465, 40.711535 ], [ -74.009063, 40.710887 ], [ -74.008601, 40.711392 ], [ -74.008348, 40.711359 ], [ -74.007968, 40.711447 ], [ -74.007467, 40.711566 ], [ -74.007371, 40.711589 ], [ -74.006952, 40.711687 ], [ -74.006768, 40.711502 ], [ -74.006478, 40.711231 ], [ -74.007376, 40.710579 ], [ -74.007745, 40.710221 ], [ -74.008418, 40.70953 ], [ -74.008893, 40.709044 ], [ -74.009371, 40.708614 ], [ -74.009829, 40.708117 ], [ -74.010201, 40.707694 ], [ -74.010676, 40.707116 ], [ -74.01119, 40.706278 ], [ -74.011873, 40.706552 ], [ -74.012629, 40.705003 ], [ -74.011549, 40.704951 ], [ -74.011472, 40.705033 ], [ -74.010796, 40.705085 ], [ -74.010612, 40.705099 ], [ -74.009984, 40.705148 ], [ -74.009747, 40.704775 ], [ -74.009462, 40.704545 ], [ -74.009103, 40.704193 ], [ -74.008986, 40.704079 ], [ -74.008789, 40.704211 ], [ -74.008126, 40.704672 ], [ -74.007671, 40.704285 ], [ -74.0069, 40.704824 ], [ -74.006293, 40.704234 ], [ -74.005417, 40.704803 ], [ -74.005194, 40.704945 ], [ -74.004749, 40.705232 ], [ -74.004633, 40.705159 ], [ -74.00456, 40.705105 ], [ -74.004338, 40.704965 ], [ -74.004552, 40.704838 ], [ -74.004206, 40.704283 ], [ -74.003627, 40.7033 ], [ -73.998137, 40.701525 ], [ -73.996698, 40.700877 ], [ -73.9975, 40.699653 ], [ -73.998032, 40.698762 ], [ -73.998376, 40.698048 ], [ -73.998847, 40.697141 ], [ -73.998763, 40.69711 ], [ -73.998857, 40.69692 ], [ -73.99894, 40.696941 ], [ -73.998991, 40.696812 ], [ -73.999182, 40.696885 ], [ -73.999295, 40.696795 ], [ -73.999474, 40.696704 ], [ -73.999535, 40.696578 ], [ -73.999478, 40.696466 ], [ -73.999428, 40.69641 ], [ -73.99942, 40.696361 ], [ -73.999461, 40.69628 ], [ -73.999604, 40.696069 ], [ -73.999882, 40.695605 ], [ -74.000277, 40.694959 ], [ -74.000701, 40.694388 ], [ -74.000959, 40.694069 ], [ -74.001194, 40.693484 ], [ -74.001277, 40.693298 ], [ -74.001317, 40.693208 ], [ -74.001542, 40.692786 ], [ -74.001744, 40.692407 ], [ -74.001818, 40.692222 ], [ -74.001969, 40.691843 ], [ -74.001332, 40.691225 ], [ -74.000699, 40.690612 ], [ -74.00096, 40.690132 ], [ -74.001853, 40.690388 ], [ -74.001963, 40.690136 ], [ -74.002178, 40.690206 ], [ -74.002427, 40.690273 ], [ -74.002616, 40.690324 ], [ -74.002763, 40.690364 ], [ -74.002993, 40.690427 ], [ -74.003024, 40.690349 ], [ -74.003409, 40.689613 ], [ -74.00382, 40.68893 ], [ -74.003919, 40.68886 ], [ -74.004593, 40.688215 ], [ -74.005038, 40.687561 ], [ -74.00563, 40.686784 ], [ -74.005874, 40.686207 ], [ -74.00635, 40.686285 ], [ -74.006406, 40.686289 ], [ -74.006444, 40.686296 ], [ -74.006506, 40.686314 ], [ -74.006594, 40.686347 ], [ -74.006755, 40.686413 ], [ -74.006875, 40.686464 ], [ -74.006989, 40.686509 ], [ -74.00702, 40.686526 ], [ -74.007064, 40.686504 ], [ -74.00715, 40.686475 ], [ -74.007243, 40.686449 ], [ -74.007411, 40.686388 ], [ -74.007497, 40.686344 ], [ -74.007536, 40.686315 ], [ -74.007623, 40.686285 ], [ -74.00767, 40.686269 ], [ -74.00773, 40.686254 ], [ -74.007778, 40.686245 ], [ -74.007843, 40.686238 ], [ -74.007899, 40.686251 ], [ -74.007929, 40.686276 ], [ -74.00795, 40.686293 ], [ -74.008164, 40.686175 ], [ -74.008425, 40.686016 ], [ -74.008513, 40.685963 ], [ -74.008595, 40.685904 ], [ -74.01094, 40.684485 ], [ -74.011924, 40.683894 ], [ -74.012126, 40.68377 ], [ -74.012484, 40.683553 ], [ -74.01263, 40.683471 ], [ -74.012768, 40.683605 ], [ -74.012835, 40.683609 ], [ -74.013167, 40.683411 ], [ -74.015275, 40.682142 ], [ -74.015323, 40.682112 ], [ -74.015237, 40.681996 ], [ -74.015345, 40.681897 ], [ -74.016309, 40.68132 ], [ -74.01652, 40.681194 ], [ -74.01729, 40.680731 ], [ -74.01744, 40.680636 ], [ -74.017463, 40.680632 ], [ -74.017559, 40.680645 ], [ -74.017574, 40.680644 ], [ -74.017644, 40.680598 ], [ -74.017713, 40.68066 ], [ -74.017797, 40.680619 ], [ -74.018263, 40.680334 ], [ -74.018482, 40.680203 ], [ -74.018579, 40.680144 ], [ -74.018673, 40.680086 ], [ -74.018739, 40.680046 ], [ -74.018983, 40.679898 ], [ -74.018925, 40.679842 ], [ -74.019077, 40.679763 ], [ -74.019317, 40.679608 ], [ -74.019347, 40.679548 ], [ -74.019399, 40.679573 ], [ -74.019492, 40.679197 ], [ -74.019549, 40.679035 ], [ -74.019419, 40.678941 ], [ -74.018591, 40.678978 ], [ -74.018429, 40.678786 ], [ -74.018275, 40.678682 ], [ -74.018247, 40.678515 ], [ -74.018411, 40.678504 ], [ -74.019632, 40.678429 ], [ -74.019362, 40.678288 ], [ -74.018408, 40.67832 ], [ -74.018377, 40.678192 ], [ -74.018385, 40.677929 ], [ -74.019028, 40.677874 ], [ -74.019212, 40.677781 ], [ -74.019103, 40.677204 ], [ -74.019545, 40.677163 ], [ -74.02002, 40.677049 ], [ -74.019892, 40.676947 ], [ -74.019849, 40.676498 ], [ -74.019351, 40.676592 ], [ -74.019124, 40.676533 ], [ -74.019145, 40.676503 ], [ -74.018194, 40.676603 ], [ -74.018064, 40.676514 ], [ -74.017905, 40.676445 ], [ -74.017886, 40.676146 ], [ -74.018011, 40.675935 ], [ -74.018507, 40.675919 ], [ -74.018548, 40.675773 ], [ -74.018427, 40.675547 ], [ -74.01884, 40.675155 ], [ -74.018833, 40.675079 ], [ -74.018734, 40.675032 ], [ -74.018281, 40.675439 ], [ -74.018089, 40.675421 ], [ -74.017804, 40.675238 ], [ -74.018197, 40.674942 ], [ -74.018478, 40.674584 ], [ -74.018427, 40.674513 ], [ -74.018009, 40.674747 ], [ -74.018237, 40.674416 ], [ -74.017894, 40.674159 ], [ -74.017696, 40.673918 ], [ -74.017431, 40.673741 ], [ -74.01727, 40.673568 ], [ -74.017379, 40.673461 ], [ -74.017712, 40.673174 ], [ -74.018001, 40.672918 ], [ -74.018195, 40.672745 ], [ -74.018442, 40.67249 ], [ -74.018619, 40.672417 ], [ -74.018869, 40.672239 ], [ -74.018539, 40.672149 ], [ -74.018307, 40.672022 ], [ -74.018171, 40.671912 ], [ -74.018021, 40.672022 ], [ -74.017861, 40.672215 ], [ -74.017707, 40.672361 ], [ -74.01745, 40.672534 ], [ -74.017237, 40.672735 ], [ -74.017114, 40.672828 ], [ -74.017046, 40.672851 ], [ -74.016794, 40.673039 ], [ -74.016479, 40.673302 ], [ -74.01601, 40.673703 ], [ -74.015321, 40.674301 ], [ -74.014898, 40.674627 ], [ -74.014633, 40.674418 ], [ -74.0154, 40.673784 ], [ -74.016308, 40.673036 ], [ -74.016318, 40.672878 ], [ -74.016204, 40.672815 ], [ -74.015949, 40.672674 ], [ -74.015791, 40.672588 ], [ -74.015635, 40.672501 ], [ -74.015384, 40.672339 ], [ -74.015261, 40.672208 ], [ -74.015119, 40.672148 ], [ -74.014473, 40.672707 ], [ -74.014262, 40.672816 ], [ -74.013833, 40.673181 ], [ -74.013367, 40.673579 ], [ -74.013008, 40.673341 ], [ -74.013563, 40.672864 ], [ -74.014325, 40.672195 ], [ -74.01576, 40.670987 ], [ -74.015554, 40.670954 ], [ -74.014244, 40.672135 ], [ -74.013892, 40.671836 ], [ -74.015197, 40.67076 ], [ -74.015046, 40.670717 ], [ -74.014301, 40.671364 ], [ -74.013989, 40.671177 ], [ -74.013919, 40.671135 ], [ -74.013777, 40.67114 ], [ -74.01364, 40.671177 ], [ -74.013541, 40.671247 ], [ -74.01329, 40.671147 ], [ -74.013431, 40.670943 ], [ -74.013285, 40.670869 ], [ -74.013128, 40.670952 ], [ -74.013002, 40.670861 ], [ -74.012845, 40.670904 ], [ -74.012564, 40.670884 ], [ -74.01233, 40.67097 ], [ -74.012128, 40.670957 ], [ -74.011954, 40.670889 ], [ -74.011855, 40.670727 ], [ -74.014256, 40.669743 ], [ -74.014072, 40.669678 ], [ -74.012136, 40.670414 ], [ -74.011886, 40.670438 ], [ -74.011614, 40.670318 ], [ -74.011665, 40.670174 ], [ -74.011541, 40.669743 ], [ -74.010925, 40.6697 ], [ -74.010872, 40.66924 ], [ -74.010538, 40.669213 ], [ -74.010352, 40.669111 ], [ -74.010364, 40.668807 ], [ -74.010373, 40.668629 ], [ -74.010892, 40.668661 ], [ -74.010873, 40.66852 ], [ -74.011126, 40.668081 ], [ -74.011213, 40.668 ], [ -74.011406, 40.667593 ], [ -74.011752, 40.666892 ], [ -74.011886, 40.666605 ], [ -74.012287, 40.665729 ], [ -74.012623, 40.665699 ], [ -74.012884, 40.665676 ], [ -74.013385, 40.665631 ], [ -74.015319, 40.665459 ], [ -74.015892, 40.665398 ], [ -74.016029, 40.664862 ], [ -74.016513, 40.664922 ], [ -74.016564, 40.665014 ], [ -74.016688, 40.665437 ], [ -74.016773, 40.665889 ], [ -74.016881, 40.666884 ], [ -74.016998, 40.66759 ], [ -74.017071, 40.668095 ], [ -74.01719, 40.66882 ], [ -74.017304, 40.669524 ], [ -74.017545, 40.671038 ], [ -74.018452, 40.671417 ], [ -74.018884, 40.671586 ], [ -74.019147, 40.671605 ], [ -74.019037, 40.671452 ], [ -74.018868, 40.671219 ], [ -74.018688, 40.670799 ], [ -74.018565, 40.66992 ], [ -74.018443, 40.669105 ], [ -74.018321, 40.668372 ], [ -74.018176, 40.667501 ], [ -74.018065, 40.666804 ], [ -74.017911, 40.66601 ], [ -74.017819, 40.66572 ], [ -74.01771, 40.66556 ], [ -74.017492, 40.665309 ], [ -74.017258, 40.665094 ], [ -74.016903, 40.664847 ], [ -74.016719, 40.664803 ], [ -74.016021, 40.664674 ], [ -74.015749, 40.664651 ], [ -74.015319, 40.664651 ], [ -74.013192, 40.664836 ], [ -74.011665, 40.665049 ], [ -74.011543, 40.665081 ], [ -74.011458, 40.665212 ], [ -74.00981, 40.668511 ], [ -74.008519, 40.668532 ], [ -74.00795, 40.668553 ], [ -74.00753, 40.668604 ], [ -74.007138, 40.668593 ], [ -74.007064, 40.668553 ], [ -74.007734, 40.667147 ], [ -74.007518, 40.667082 ], [ -74.006843, 40.668557 ], [ -74.00663, 40.668635 ], [ -74.00655, 40.668765 ], [ -74.006469, 40.668771 ], [ -74.006308, 40.66911 ], [ -74.00544, 40.670922 ], [ -74.004754, 40.670721 ], [ -74.005637, 40.668949 ], [ -74.006059, 40.66804 ], [ -74.006934, 40.666184 ], [ -74.006793, 40.666195 ], [ -74.005885, 40.667985 ], [ -74.005525, 40.667887 ], [ -74.005197, 40.667879 ], [ -74.00577, 40.666218 ], [ -74.009911, 40.664953 ], [ -74.006265, 40.662814 ], [ -74.005867, 40.662566 ], [ -74.005601, 40.66242 ], [ -74.004261, 40.661629 ], [ -74.004339, 40.661577 ], [ -74.004369, 40.66148 ], [ -74.005698, 40.662282 ], [ -74.006132, 40.661863 ], [ -74.00881, 40.663347 ], [ -74.009328, 40.663261 ], [ -74.009957, 40.663074 ], [ -74.010369, 40.662625 ], [ -74.010408, 40.66251 ], [ -74.009965, 40.662102 ], [ -74.008692, 40.66136 ], [ -74.007489, 40.660553 ], [ -74.008548, 40.659629 ], [ -74.008762, 40.659629 ], [ -74.012847, 40.662022 ], [ -74.013096, 40.661926 ], [ -74.013258, 40.661935 ], [ -74.01407, 40.661479 ], [ -74.013711, 40.661242 ], [ -74.011129, 40.659675 ], [ -74.011942, 40.658966 ], [ -74.013589, 40.659981 ], [ -74.013666, 40.660014 ], [ -74.013996, 40.659808 ], [ -74.015318, 40.66061 ], [ -74.015528, 40.660715 ], [ -74.015591, 40.660736 ], [ -74.016673, 40.65998 ], [ -74.01744, 40.659431 ], [ -74.017419, 40.659404 ], [ -74.015318, 40.658134 ], [ -74.014418, 40.657635 ], [ -74.014519, 40.657514 ], [ -74.014802, 40.657487 ], [ -74.015179, 40.657205 ], [ -74.014226, 40.65666 ], [ -74.014334, 40.656545 ], [ -74.015515, 40.657224 ], [ -74.016062, 40.657556 ], [ -74.016757, 40.65788 ], [ -74.017598, 40.658242 ], [ -74.016853, 40.657735 ], [ -74.01624, 40.657321 ], [ -74.01554, 40.65689 ], [ -74.015466, 40.656617 ], [ -74.015865, 40.656219 ], [ -74.016438, 40.656468 ], [ -74.016665, 40.65672 ], [ -74.017871, 40.657442 ], [ -74.018191, 40.65761 ], [ -74.018389, 40.657674 ], [ -74.018695, 40.657785 ], [ -74.019165, 40.657361 ], [ -74.017235, 40.65621 ], [ -74.016799, 40.65593 ], [ -74.016401, 40.655595 ], [ -74.016653, 40.655308 ], [ -74.016918, 40.65549 ], [ -74.017283, 40.655178 ], [ -74.018312, 40.655807 ], [ -74.019149, 40.656153 ], [ -74.018531, 40.655621 ], [ -74.017122, 40.654778 ], [ -74.017886, 40.654054 ], [ -74.018365, 40.654276 ], [ -74.019034, 40.654672 ], [ -74.019939, 40.65527 ], [ -74.020102, 40.655246 ], [ -74.020123, 40.655111 ], [ -74.019002, 40.654398 ], [ -74.019289, 40.654086 ], [ -74.019799, 40.654183 ], [ -74.020451, 40.654237 ], [ -74.020877, 40.654433 ], [ -74.021218, 40.654266 ], [ -74.0214, 40.653933 ], [ -74.021738, 40.653616 ], [ -74.022052, 40.653368 ], [ -74.021164, 40.652838 ], [ -74.021292, 40.652735 ], [ -74.021382, 40.652599 ], [ -74.021623, 40.652374 ], [ -74.021803, 40.652242 ], [ -74.021982, 40.652258 ], [ -74.022227, 40.652042 ], [ -74.020944, 40.651274 ], [ -74.021083, 40.65109 ], [ -74.021016, 40.651048 ], [ -74.021239, 40.650807 ], [ -74.021347, 40.650858 ], [ -74.021577, 40.650661 ], [ -74.02268, 40.651349 ], [ -74.023054, 40.650978 ], [ -74.023833, 40.651435 ], [ -74.023873, 40.651346 ], [ -74.024292, 40.651112 ], [ -74.024406, 40.650922 ], [ -74.025637, 40.649753 ], [ -74.024721, 40.64874 ], [ -74.025129, 40.648323 ], [ -74.024065, 40.647598 ], [ -74.024553, 40.647151 ], [ -74.025055, 40.646991 ], [ -74.025468, 40.646833 ], [ -74.025693, 40.646616 ], [ -74.029294, 40.64874 ], [ -74.02962, 40.648471 ], [ -74.02606, 40.646261 ], [ -74.028255, 40.644053 ], [ -74.028936, 40.644463 ], [ -74.02912, 40.644437 ], [ -74.030395, 40.645211 ], [ -74.030498, 40.6453 ], [ -74.030805, 40.644993 ], [ -74.031098, 40.644635 ], [ -74.031285, 40.644514 ], [ -74.031598, 40.644202 ], [ -74.031976, 40.643854 ], [ -74.032346, 40.644128 ], [ -74.032644, 40.6438 ], [ -74.032866, 40.643587 ], [ -74.033337, 40.643873 ], [ -74.033421, 40.643924 ], [ -74.034073, 40.644312 ], [ -74.034527, 40.643875 ], [ -74.034444, 40.643825 ], [ -74.034605, 40.643671 ], [ -74.03612, 40.642219 ], [ -74.036187, 40.6422 ], [ -74.036247, 40.642165 ], [ -74.036349, 40.642082 ], [ -74.03641, 40.642018 ], [ -74.036485, 40.641922 ], [ -74.036662, 40.641757 ], [ -74.036744, 40.641672 ], [ -74.036797, 40.641575 ], [ -74.036802, 40.641478 ], [ -74.036751, 40.641409 ], [ -74.03666, 40.641348 ], [ -74.036522, 40.64123 ], [ -74.036456, 40.641175 ], [ -74.036337, 40.64111 ], [ -74.036212, 40.641031 ], [ -74.036087, 40.640969 ], [ -74.035983, 40.640903 ], [ -74.035913, 40.640822 ], [ -74.035847, 40.640782 ], [ -74.035787, 40.640707 ], [ -74.035762, 40.640663 ], [ -74.035758, 40.64063 ], [ -74.035807, 40.640584 ], [ -74.035865, 40.640534 ], [ -74.035949, 40.640435 ], [ -74.035983, 40.640396 ], [ -74.03602, 40.64035 ], [ -74.036074, 40.640265 ], [ -74.036137, 40.640187 ], [ -74.036223, 40.640064 ], [ -74.036306, 40.639929 ], [ -74.036395, 40.639785 ], [ -74.036433, 40.639723 ], [ -74.036477, 40.63965 ], [ -74.036549, 40.639525 ], [ -74.03661, 40.639428 ], [ -74.036682, 40.639325 ], [ -74.036731, 40.639238 ], [ -74.036761, 40.639189 ], [ -74.036725, 40.639141 ], [ -74.03714, 40.638288 ], [ -74.038471, 40.635677 ], [ -74.056193, 40.639281 ], [ -74.056233, 40.638177 ], [ -74.056261, 40.637407 ], [ -74.056468, 40.631715 ], [ -74.05663, 40.627287 ], [ -74.055324, 40.625103 ], [ -74.053838, 40.622618 ], [ -74.053522, 40.622091 ], [ -74.052477, 40.620344 ], [ -74.052352, 40.620134 ], [ -74.062871, 40.616669 ], [ -74.062982, 40.616633 ], [ -74.063614, 40.616425 ], [ -74.063696, 40.616548 ], [ -74.063744, 40.616635 ], [ -74.063752, 40.616678 ], [ -74.063796, 40.616765 ], [ -74.063843, 40.6168 ], [ -74.063961, 40.616845 ], [ -74.064082, 40.616882 ], [ -74.064143, 40.616895 ], [ -74.064195, 40.616908 ], [ -74.064333, 40.616999 ], [ -74.064137, 40.617147 ], [ -74.063912, 40.617325 ], [ -74.063726, 40.617498 ], [ -74.063837, 40.617573 ], [ -74.064117, 40.617346 ], [ -74.064222, 40.617419 ], [ -74.064494, 40.617222 ], [ -74.064381, 40.617128 ], [ -74.06447, 40.617062 ], [ -74.065098, 40.617508 ], [ -74.064255, 40.618178 ], [ -74.064358, 40.618258 ], [ -74.064962, 40.617775 ], [ -74.065403, 40.618084 ], [ -74.065642, 40.617906 ], [ -74.06605, 40.618197 ], [ -74.066444, 40.617883 ], [ -74.066641, 40.618052 ], [ -74.06545, 40.619209 ], [ -74.065544, 40.61927 ], [ -74.066205, 40.618727 ], [ -74.066706, 40.619031 ], [ -74.066673, 40.619092 ], [ -74.06717, 40.61942 ], [ -74.067686, 40.619777 ], [ -74.068394, 40.620297 ], [ -74.068478, 40.620302 ], [ -74.068877, 40.620592 ], [ -74.06905, 40.6207 ], [ -74.069167, 40.620836 ], [ -74.069195, 40.620873 ], [ -74.069341, 40.621009 ], [ -74.069477, 40.621089 ], [ -74.069523, 40.621052 ], [ -74.069758, 40.621202 ], [ -74.069917, 40.621314 ], [ -74.070077, 40.621473 ], [ -74.070119, 40.6216 ], [ -74.07022, 40.621753 ], [ -74.070306, 40.621923 ], [ -74.070375, 40.622015 ], [ -74.070461, 40.622125 ], [ -74.070578, 40.622341 ], [ -74.070691, 40.622444 ], [ -74.070766, 40.622594 ], [ -74.070934, 40.622706 ], [ -74.071187, 40.622913 ], [ -74.071347, 40.623231 ], [ -74.071506, 40.623531 ], [ -74.071778, 40.623887 ], [ -74.071862, 40.624038 ], [ -74.072012, 40.624309 ], [ -74.072181, 40.624516 ], [ -74.072237, 40.624609 ], [ -74.072322, 40.624863 ], [ -74.072369, 40.624975 ], [ -74.072411, 40.625125 ], [ -74.072416, 40.625308 ], [ -74.072416, 40.625463 ], [ -74.07243, 40.625598 ], [ -74.072481, 40.625805 ], [ -74.072533, 40.625983 ], [ -74.07258, 40.626208 ], [ -74.072608, 40.626344 ], [ -74.072636, 40.626555 ], [ -74.072664, 40.626752 ], [ -74.072687, 40.626845 ], [ -74.072716, 40.626878 ], [ -74.072852, 40.62692 ], [ -74.072908, 40.626925 ], [ -74.073278, 40.626887 ], [ -74.073264, 40.626761 ], [ -74.073466, 40.626742 ], [ -74.073505, 40.626876 ], [ -74.073573, 40.626868 ], [ -74.074152, 40.626816 ], [ -74.074995, 40.626726 ], [ -74.075647, 40.626664 ], [ -74.077624, 40.626493 ], [ -74.077496, 40.6258 ], [ -74.077413, 40.625288 ], [ -74.078536, 40.624939 ], [ -74.079598, 40.624602 ], [ -74.079218, 40.623871 ], [ -74.078905, 40.623256 ], [ -74.07826, 40.62199 ], [ -74.081892, 40.620828 ], [ -74.081799, 40.62071 ], [ -74.081722, 40.620594 ], [ -74.081639, 40.620442 ], [ -74.081576, 40.620294 ], [ -74.081529, 40.620141 ], [ -74.081496, 40.619969 ], [ -74.081482, 40.619781 ], [ -74.081491, 40.619611 ], [ -74.081497, 40.619571 ], [ -74.081979, 40.618778 ], [ -74.081103, 40.617789 ], [ -74.08048, 40.617295 ], [ -74.07988, 40.616835 ], [ -74.079835, 40.616799 ], [ -74.078873, 40.616019 ], [ -74.078756, 40.615925 ], [ -74.078264, 40.615588 ], [ -74.078151, 40.615489 ], [ -74.07811, 40.615442 ], [ -74.077656, 40.615084 ], [ -74.077314, 40.614806 ], [ -74.077273, 40.614493 ], [ -74.077274, 40.614429 ], [ -74.077698, 40.613573 ], [ -74.077989, 40.612885 ], [ -74.078098, 40.612695 ], [ -74.078838, 40.611412 ], [ -74.079128, 40.610968 ], [ -74.079835, 40.609724 ], [ -74.080189, 40.609189 ], [ -74.080509, 40.608672 ], [ -74.081395, 40.607801 ], [ -74.082081, 40.608233 ], [ -74.082962, 40.607368 ], [ -74.083678, 40.607794 ], [ -74.084383, 40.608207 ], [ -74.085104, 40.60863 ], [ -74.085802, 40.609047 ], [ -74.086528, 40.609475 ], [ -74.087209, 40.609879 ], [ -74.087946, 40.610319 ], [ -74.088859, 40.609415 ], [ -74.089588, 40.609848 ], [ -74.088997, 40.610664 ], [ -74.089513, 40.610879 ], [ -74.088855, 40.611853 ], [ -74.08931, 40.612006 ], [ -74.089423, 40.612048 ], [ -74.089544, 40.612077 ], [ -74.089669, 40.612093 ], [ -74.089732, 40.612094 ], [ -74.089756, 40.612155 ], [ -74.089764, 40.612226 ], [ -74.089677, 40.612348 ], [ -74.089501, 40.612571 ], [ -74.089327, 40.612768 ], [ -74.088897, 40.613532 ], [ -74.088738, 40.613814 ], [ -74.089584, 40.614011 ], [ -74.090488, 40.61429 ], [ -74.090177, 40.614983 ], [ -74.091876, 40.61507 ], [ -74.092475, 40.614917 ], [ -74.09267, 40.615851 ], [ -74.092941, 40.616063 ], [ -74.093389, 40.616198 ], [ -74.093897, 40.616496 ], [ -74.094303, 40.616655 ], [ -74.094071, 40.617704 ], [ -74.094082, 40.617759 ], [ -74.09409, 40.617873 ], [ -74.094079, 40.617996 ], [ -74.094048, 40.618117 ], [ -74.093998, 40.618235 ], [ -74.093934, 40.618338 ], [ -74.093862, 40.618427 ], [ -74.09381, 40.618503 ], [ -74.093734, 40.61858 ], [ -74.093648, 40.618643 ], [ -74.093548, 40.618697 ], [ -74.093438, 40.618736 ], [ -74.093334, 40.61876 ], [ -74.093218, 40.618773 ], [ -74.093096, 40.618771 ], [ -74.093294, 40.61883 ], [ -74.093465, 40.618893 ], [ -74.093639, 40.61897 ], [ -74.094624, 40.619654 ], [ -74.094263, 40.620108 ], [ -74.094211, 40.620145 ], [ -74.094127, 40.620191 ], [ -74.094021, 40.620231 ], [ -74.093904, 40.620255 ], [ -74.093783, 40.620262 ], [ -74.093676, 40.620254 ], [ -74.093575, 40.620232 ], [ -74.093483, 40.6202 ], [ -74.091923, 40.61989 ], [ -74.091055, 40.619718 ], [ -74.090224, 40.619409 ], [ -74.08986, 40.619875 ], [ -74.08942, 40.620307 ], [ -74.088675, 40.621031 ], [ -74.088629, 40.621458 ], [ -74.088545, 40.622619 ], [ -74.08849, 40.623449 ], [ -74.088498, 40.62388 ], [ -74.088528, 40.62418 ], [ -74.088719, 40.625899 ], [ -74.088885, 40.627408 ], [ -74.088923, 40.627788 ], [ -74.088639, 40.628622 ], [ -74.088553, 40.628906 ], [ -74.086823, 40.630318 ], [ -74.088077, 40.631081 ], [ -74.087618, 40.631648 ], [ -74.088774, 40.63219 ], [ -74.089809, 40.632679 ], [ -74.090037, 40.632771 ], [ -74.090642, 40.632617 ], [ -74.091285, 40.632772 ], [ -74.091971, 40.633274 ], [ -74.092522, 40.633327 ], [ -74.09296, 40.633151 ], [ -74.093586, 40.633173 ], [ -74.094574, 40.633348 ], [ -74.095445, 40.633177 ], [ -74.096053, 40.633272 ], [ -74.097267, 40.633998 ], [ -74.098387, 40.634005 ], [ -74.099414, 40.634106 ], [ -74.100464, 40.634292 ], [ -74.102142, 40.634594 ], [ -74.102526, 40.634663 ], [ -74.103538, 40.634699 ], [ -74.103989, 40.634699 ], [ -74.104548, 40.634699 ], [ -74.105523, 40.634701 ], [ -74.106537, 40.634702 ], [ -74.107738, 40.634707 ], [ -74.108932, 40.634721 ], [ -74.109759, 40.634732 ], [ -74.110221, 40.634735 ], [ -74.111177, 40.634739 ], [ -74.112252, 40.634747 ], [ -74.11316, 40.634753 ], [ -74.114538, 40.634763 ], [ -74.117199, 40.634568 ], [ -74.117077, 40.634007 ], [ -74.117045, 40.633817 ], [ -74.116959, 40.633351 ], [ -74.116836, 40.632675 ], [ -74.116666, 40.63171 ], [ -74.116505, 40.630756 ], [ -74.116346, 40.629835 ], [ -74.11619, 40.628941 ], [ -74.116143, 40.628702 ], [ -74.115952, 40.62823 ], [ -74.115885, 40.628089 ], [ -74.11561, 40.627549 ], [ -74.115448, 40.627221 ], [ -74.11526, 40.62686 ], [ -74.115011, 40.626377 ], [ -74.114743, 40.625864 ], [ -74.114093, 40.6246 ], [ -74.113934, 40.62433 ], [ -74.113585, 40.623698 ], [ -74.113309, 40.623042 ], [ -74.11539, 40.623887 ], [ -74.117127, 40.624533 ], [ -74.118406, 40.623761 ], [ -74.118532, 40.622837 ], [ -74.118572, 40.622544 ], [ -74.119669, 40.621745 ], [ -74.120078, 40.621667 ], [ -74.120773, 40.622292 ], [ -74.124024, 40.621702 ], [ -74.123998, 40.621625 ], [ -74.124783, 40.621563 ], [ -74.125254, 40.621525 ], [ -74.126103, 40.621456 ], [ -74.126426, 40.62143 ], [ -74.127251, 40.621369 ], [ -74.129151, 40.62122 ], [ -74.130895, 40.621083 ], [ -74.131804, 40.621021 ], [ -74.132315, 40.621043 ], [ -74.133047, 40.621088 ], [ -74.133757, 40.621137 ], [ -74.133987, 40.621163 ], [ -74.134742, 40.621261 ], [ -74.13488, 40.62128 ], [ -74.135768, 40.621396 ], [ -74.136089, 40.621439 ], [ -74.136662, 40.621514 ], [ -74.136795, 40.621531 ], [ -74.136966, 40.620882 ], [ -74.137171, 40.620129 ], [ -74.137437, 40.619148 ], [ -74.138191, 40.619267 ], [ -74.138428, 40.618391 ], [ -74.138632, 40.617639 ], [ -74.138876, 40.616604 ], [ -74.138974, 40.616192 ], [ -74.139113, 40.615518 ], [ -74.139292, 40.614843 ], [ -74.140232, 40.61498 ], [ -74.140412, 40.61431 ], [ -74.140665, 40.613366 ], [ -74.140858, 40.612648 ], [ -74.14091, 40.612459 ], [ -74.141037, 40.611986 ], [ -74.141203, 40.611305 ], [ -74.142201, 40.611107 ], [ -74.143059, 40.610935 ], [ -74.144042, 40.610739 ], [ -74.14501, 40.610544 ], [ -74.146016, 40.610344 ], [ -74.146969, 40.610151 ], [ -74.147741, 40.609999 ], [ -74.148936, 40.609752 ], [ -74.149543, 40.609627 ], [ -74.149969, 40.60954 ], [ -74.150506, 40.609906 ], [ -74.152385, 40.611352 ], [ -74.153138, 40.611938 ], [ -74.153689, 40.612322 ], [ -74.15382, 40.612428 ], [ -74.15321, 40.614586 ], [ -74.153197, 40.614644 ], [ -74.153168, 40.614777 ], [ -74.153077, 40.615187 ], [ -74.153042, 40.615344 ], [ -74.152991, 40.615568 ], [ -74.152977, 40.615631 ], [ -74.152791, 40.61624 ], [ -74.152664, 40.616668 ], [ -74.152449, 40.617109 ], [ -74.15219, 40.617538 ], [ -74.152605, 40.617555 ], [ -74.150699, 40.619536 ], [ -74.150172, 40.620075 ], [ -74.149599, 40.620662 ], [ -74.148581, 40.621705 ], [ -74.149388, 40.622134 ], [ -74.150006, 40.622435 ], [ -74.150321, 40.62215 ], [ -74.15067, 40.621836 ], [ -74.150948, 40.621588 ], [ -74.151306, 40.621353 ], [ -74.151541, 40.621202 ], [ -74.156995, 40.621588 ], [ -74.157249, 40.621618 ], [ -74.156824, 40.622026 ], [ -74.157093, 40.622066 ], [ -74.157759, 40.622179 ], [ -74.157737, 40.622274 ], [ -74.157844, 40.622275 ], [ -74.158291, 40.622325 ], [ -74.161273, 40.622702 ], [ -74.16113, 40.623126 ], [ -74.161046, 40.623329 ], [ -74.160446, 40.624854 ], [ -74.160354, 40.625605 ], [ -74.160244, 40.626498 ], [ -74.160502, 40.62653 ], [ -74.160434, 40.627996 ], [ -74.160424, 40.628249 ], [ -74.160404, 40.628804 ], [ -74.160402, 40.628911 ], [ -74.160392, 40.629476 ], [ -74.16038, 40.630186 ], [ -74.160381, 40.63047 ], [ -74.160388, 40.631595 ], [ -74.160342, 40.632998 ], [ -74.160311, 40.633788 ], [ -74.1603, 40.634136 ], [ -74.160193, 40.637152 ], [ -74.160153, 40.638056 ], [ -74.160192, 40.640211 ], [ -74.161255, 40.64179 ], [ -74.161331, 40.642226 ], [ -74.161484, 40.64343 ], [ -74.161536, 40.644157 ] ] ] ] } },
{ "type": "Feature", "properties": { "STATEFP": "36", "SLDLST": "062", "GEOID": "36062", "GEOIDFQ": "620L800US36062", "NAMELSAD": "Assembly District 62", "LSAD": "L3", "LSY": "2022", "MTFCC": "G5220", "FUNCSTAT": "N", "ALAND": 51789326, "AWATER": 45355565, "INTPTLAT": "+40.5259286", "INTPTLON": "-074.1899369", "ad_num": 62, "AssemDist": 62 }, "geometry": { "type": "Polygon", "coordinates": [ [ [ -74.258754, 40.500103 ], [ -74.258704, 40.500789 ], [ -74.258596, 40.502281 ], [ -74.258576, 40.502545 ], [ -74.258559, 40.502782 ], [ -74.258392, 40.505079 ], [ -74.258313, 40.506178 ], [ -74.25829, 40.506494 ], [ -74.258186, 40.507919 ], [ -74.258169, 40.508163 ], [ -74.258129, 40.508717 ], [ -74.257233, 40.510259 ], [ -74.256984, 40.510688 ], [ -74.256287, 40.511887 ], [ -74.25571, 40.512881 ], [ -74.25476, 40.514517 ], [ -74.254095, 40.515661 ], [ -74.254048, 40.515692 ], [ -74.253017, 40.516369 ], [ -74.24602, 40.520958 ], [ -74.246027, 40.520995 ], [ -74.246083, 40.521275 ], [ -74.246782, 40.524771 ], [ -74.246834, 40.525032 ], [ -74.247461, 40.528171 ], [ -74.249735, 40.539551 ], [ -74.249937, 40.54056 ], [ -74.250284, 40.5423 ], [ -74.249192, 40.545062 ], [ -74.248982, 40.545592 ], [ -74.247527, 40.54927 ], [ -74.247484, 40.549377 ], [ -74.23964, 40.554166 ], [ -74.239135, 40.554472 ], [ -74.232134, 40.558743 ], [ -74.231415, 40.559182 ], [ -74.228306, 40.55869 ], [ -74.227412, 40.558548 ], [ -74.218003, 40.557058 ], [ -74.216495, 40.558588 ], [ -74.214575, 40.560533 ], [ -74.21203, 40.568111 ], [ -74.211884, 40.568544 ], [ -74.210667, 40.572167 ], [ -74.210144, 40.573724 ], [ -74.209544, 40.576666 ], [ -74.209095, 40.578853 ], [ -74.206067, 40.579605 ], [ -74.205882, 40.578647 ], [ -74.205307, 40.579109 ], [ -74.205157, 40.579184 ], [ -74.204982, 40.579272 ], [ -74.204844, 40.579309 ], [ -74.204569, 40.579347 ], [ -74.203982, 40.579484 ], [ -74.203332, 40.579572 ], [ -74.203182, 40.579572 ], [ -74.202532, 40.579534 ], [ -74.202457, 40.579447 ], [ -74.202444, 40.579434 ], [ -74.202432, 40.579359 ], [ -74.202482, 40.579309 ], [ -74.202569, 40.579222 ], [ -74.202594, 40.579134 ], [ -74.202632, 40.579022 ], [ -74.202757, 40.578922 ], [ -74.202719, 40.578884 ], [ -74.202682, 40.578884 ], [ -74.202519, 40.578997 ], [ -74.202457, 40.578997 ], [ -74.202382, 40.578909 ], [ -74.202207, 40.578872 ], [ -74.201932, 40.578859 ], [ -74.201732, 40.578872 ], [ -74.201607, 40.578934 ], [ -74.201507, 40.578984 ], [ -74.201161, 40.579005 ], [ -74.201007, 40.578997 ], [ -74.200744, 40.578947 ], [ -74.200569, 40.578834 ], [ -74.200457, 40.578734 ], [ -74.198936, 40.578801 ], [ -74.197961, 40.578411 ], [ -74.194959, 40.577199 ], [ -74.194282, 40.577225 ], [ -74.193034, 40.576614 ], [ -74.193049, 40.576324 ], [ -74.191785, 40.576176 ], [ -74.190548, 40.576282 ], [ -74.190642, 40.576685 ], [ -74.19069, 40.576872 ], [ -74.19081, 40.577393 ], [ -74.192081, 40.577509 ], [ -74.195017, 40.579477 ], [ -74.199538, 40.579772 ], [ -74.200478, 40.579927 ], [ -74.203563, 40.580434 ], [ -74.205962, 40.580047 ], [ -74.205527, 40.5815 ], [ -74.205028, 40.581724 ], [ -74.203642, 40.585317 ], [ -74.204107, 40.586792 ], [ -74.204384, 40.588413 ], [ -74.204059, 40.589633 ], [ -74.202336, 40.591483 ], [ -74.199056, 40.594899 ], [ -74.198, 40.596617 ], [ -74.197393, 40.596878 ], [ -74.197438, 40.59846 ], [ -74.197023, 40.598759 ], [ -74.196335, 40.598617 ], [ -74.196188, 40.598544 ], [ -74.196174, 40.598504 ], [ -74.196266, 40.598126 ], [ -74.196226, 40.59786 ], [ -74.196173, 40.59775 ], [ -74.196033, 40.597616 ], [ -74.195718, 40.59746 ], [ -74.195557, 40.597398 ], [ -74.195382, 40.597358 ], [ -74.194672, 40.597286 ], [ -74.194299, 40.597224 ], [ -74.194299, 40.597339 ], [ -74.194219, 40.597519 ], [ -74.194082, 40.597569 ], [ -74.193701, 40.597596 ], [ -74.193319, 40.597536 ], [ -74.19316, 40.597432 ], [ -74.193155, 40.597404 ], [ -74.193096, 40.597404 ], [ -74.192758, 40.597256 ], [ -74.192563, 40.59713 ], [ -74.19211, 40.596822 ], [ -74.192153, 40.596713 ], [ -74.191935, 40.596698 ], [ -74.191603, 40.597531 ], [ -74.191431, 40.597396 ], [ -74.191192, 40.597209 ], [ -74.191416, 40.596709 ], [ -74.191448, 40.596637 ], [ -74.191476, 40.596574 ], [ -74.191489, 40.596539 ], [ -74.191948, 40.595265 ], [ -74.19234, 40.594207 ], [ -74.192254, 40.594036 ], [ -74.191715, 40.59389 ], [ -74.190345, 40.593335 ], [ -74.189429, 40.592432 ], [ -74.188818, 40.592795 ], [ -74.186826, 40.591767 ], [ -74.186096, 40.591385 ], [ -74.186969, 40.590356 ], [ -74.187301, 40.590041 ], [ -74.188029, 40.590433 ], [ -74.188456, 40.59066 ], [ -74.188682, 40.590239 ], [ -74.188732, 40.590141 ], [ -74.189096, 40.589603 ], [ -74.189595, 40.589023 ], [ -74.190087, 40.588454 ], [ -74.191995, 40.586315 ], [ -74.191318, 40.585705 ], [ -74.191426, 40.585629 ], [ -74.191516, 40.585548 ], [ -74.191592, 40.585458 ], [ -74.19165, 40.585369 ], [ -74.191702, 40.585252 ], [ -74.191731, 40.585132 ], [ -74.191737, 40.585053 ], [ -74.190331, 40.579442 ], [ -74.190275, 40.579302 ], [ -74.190196, 40.57915 ], [ -74.1901, 40.579004 ], [ -74.189993, 40.578872 ], [ -74.18984, 40.578717 ], [ -74.189799, 40.578634 ], [ -74.189767, 40.578536 ], [ -74.189752, 40.578423 ], [ -74.189757, 40.578322 ], [ -74.189776, 40.578229 ], [ -74.18982, 40.57812 ], [ -74.189872, 40.578033 ], [ -74.189944, 40.577944 ], [ -74.190023, 40.577871 ], [ -74.190119, 40.5778 ], [ -74.19025, 40.577729 ], [ -74.190378, 40.57768 ], [ -74.190506, 40.577647 ], [ -74.190472, 40.577493 ], [ -74.190443, 40.57736 ], [ -74.190351, 40.57695 ], [ -74.190324, 40.576827 ], [ -74.190296, 40.576705 ], [ -74.190203, 40.576312 ], [ -74.18959, 40.576515 ], [ -74.186807, 40.576381 ], [ -74.186875, 40.577056 ], [ -74.185931, 40.576708 ], [ -74.185194, 40.576772 ], [ -74.185203, 40.576696 ], [ -74.185153, 40.576662 ], [ -74.18508, 40.576591 ], [ -74.185004, 40.576543 ], [ -74.184946, 40.576486 ], [ -74.184756, 40.576344 ], [ -74.184633, 40.576134 ], [ -74.184518, 40.575906 ], [ -74.183929, 40.575098 ], [ -74.183713, 40.574755 ], [ -74.183314, 40.574122 ], [ -74.179524, 40.572834 ], [ -74.179287, 40.572738 ], [ -74.178611, 40.572386 ], [ -74.178145, 40.572082 ], [ -74.177584, 40.571606 ], [ -74.176671, 40.570883 ], [ -74.175919, 40.569828 ], [ -74.175577, 40.569219 ], [ -74.175482, 40.568791 ], [ -74.175415, 40.568125 ], [ -74.175282, 40.567763 ], [ -74.174606, 40.567136 ], [ -74.174207, 40.566955 ], [ -74.173597, 40.566845 ], [ -74.173373, 40.566916 ], [ -74.173227, 40.567002 ], [ -74.172904, 40.567155 ], [ -74.172495, 40.567316 ], [ -74.172019, 40.567449 ], [ -74.171277, 40.567535 ], [ -74.17064, 40.567364 ], [ -74.170231, 40.567231 ], [ -74.169605, 40.566649 ], [ -74.169611, 40.566443 ], [ -74.169617, 40.566237 ], [ -74.16966, 40.565307 ], [ -74.169702, 40.564376 ], [ -74.169724, 40.563912 ], [ -74.169745, 40.563447 ], [ -74.169769, 40.562682 ], [ -74.169827, 40.561078 ], [ -74.16689, 40.560476 ], [ -74.165894, 40.560283 ], [ -74.16555, 40.560642 ], [ -74.164993, 40.561447 ], [ -74.164892, 40.562065 ], [ -74.164853, 40.56234 ], [ -74.164766, 40.562951 ], [ -74.164531, 40.564613 ], [ -74.164439, 40.565253 ], [ -74.164402, 40.565515 ], [ -74.164387, 40.565625 ], [ -74.164275, 40.565693 ], [ -74.162562, 40.566732 ], [ -74.157661, 40.568537 ], [ -74.157163, 40.56872 ], [ -74.156877, 40.568825 ], [ -74.155259, 40.56942 ], [ -74.152631, 40.570387 ], [ -74.151613, 40.570763 ], [ -74.152, 40.570248 ], [ -74.151767, 40.569978 ], [ -74.151761, 40.570225 ], [ -74.151447, 40.570334 ], [ -74.150946, 40.570075 ], [ -74.150921, 40.56966 ], [ -74.150325, 40.56968 ], [ -74.150235, 40.569632 ], [ -74.149838, 40.569357 ], [ -74.147897, 40.570888 ], [ -74.147235, 40.571461 ], [ -74.14699, 40.572013 ], [ -74.146859, 40.5723 ], [ -74.146594, 40.572875 ], [ -74.146576, 40.572903 ], [ -74.146556, 40.572959 ], [ -74.146553, 40.573023 ], [ -74.14657, 40.573082 ], [ -74.146606, 40.57314 ], [ -74.146662, 40.573188 ], [ -74.146732, 40.573225 ], [ -74.146797, 40.573244 ], [ -74.146872, 40.573253 ], [ -74.146941, 40.573249 ], [ -74.147016, 40.573233 ], [ -74.147059, 40.573304 ], [ -74.147097, 40.573396 ], [ -74.147118, 40.573494 ], [ -74.147119, 40.573603 ], [ -74.147099, 40.573703 ], [ -74.147061, 40.5738 ], [ -74.147015, 40.573876 ], [ -74.146941, 40.573964 ], [ -74.146853, 40.57404 ], [ -74.14683, 40.574081 ], [ -74.146814, 40.574136 ], [ -74.146817, 40.574194 ], [ -74.146837, 40.57425 ], [ -74.146881, 40.574306 ], [ -74.146938, 40.574348 ], [ -74.147018, 40.574422 ], [ -74.147129, 40.57455 ], [ -74.147205, 40.574666 ], [ -74.147259, 40.574771 ], [ -74.147342, 40.574902 ], [ -74.147475, 40.575089 ], [ -74.147627, 40.575276 ], [ -74.147798, 40.575462 ], [ -74.147957, 40.575613 ], [ -74.14785, 40.575649 ], [ -74.147699, 40.575688 ], [ -74.147576, 40.575713 ], [ -74.147387, 40.57574 ], [ -74.147207, 40.575751 ], [ -74.147016, 40.575749 ], [ -74.146986, 40.575803 ], [ -74.146925, 40.575866 ], [ -74.146848, 40.575913 ], [ -74.146787, 40.575938 ], [ -74.146732, 40.575951 ], [ -74.146641, 40.575961 ], [ -74.146554, 40.575955 ], [ -74.146464, 40.575934 ], [ -74.146391, 40.575902 ], [ -74.146255, 40.575911 ], [ -74.146137, 40.575902 ], [ -74.146043, 40.575881 ], [ -74.145945, 40.575845 ], [ -74.145866, 40.575803 ], [ -74.145798, 40.575755 ], [ -74.145741, 40.575721 ], [ -74.145666, 40.575691 ], [ -74.145593, 40.575674 ], [ -74.145519, 40.575666 ], [ -74.145436, 40.57567 ], [ -74.144957, 40.575735 ], [ -74.143438, 40.576161 ], [ -74.143421, 40.57608 ], [ -74.143408, 40.576034 ], [ -74.143374, 40.575929 ], [ -74.142961, 40.575979 ], [ -74.142668, 40.576029 ], [ -74.142398, 40.576085 ], [ -74.142256, 40.57612 ], [ -74.140932, 40.575738 ], [ -74.140252, 40.575802 ], [ -74.13918, 40.575657 ], [ -74.138765, 40.575715 ], [ -74.136935, 40.575919 ], [ -74.135274, 40.576121 ], [ -74.135105, 40.576141 ], [ -74.134897, 40.576167 ], [ -74.133381, 40.576357 ], [ -74.133307, 40.576367 ], [ -74.133167, 40.57641 ], [ -74.131545, 40.576908 ], [ -74.12922, 40.577668 ], [ -74.128871, 40.577023 ], [ -74.127249, 40.577551 ], [ -74.127173, 40.576812 ], [ -74.127089, 40.576369 ], [ -74.127135, 40.576194 ], [ -74.127204, 40.575995 ], [ -74.12729, 40.5758 ], [ -74.127397, 40.575603 ], [ -74.12753, 40.575398 ], [ -74.127653, 40.575235 ], [ -74.127795, 40.575185 ], [ -74.127625, 40.574146 ], [ -74.127715, 40.573759 ], [ -74.126811, 40.573409 ], [ -74.126953, 40.572751 ], [ -74.127209, 40.572024 ], [ -74.127612, 40.571361 ], [ -74.125662, 40.570268 ], [ -74.124179, 40.569434 ], [ -74.124899, 40.568949 ], [ -74.123951, 40.568431 ], [ -74.123596, 40.568241 ], [ -74.123293, 40.568075 ], [ -74.123093, 40.567967 ], [ -74.123682, 40.567382 ], [ -74.124259, 40.566822 ], [ -74.125142, 40.565889 ], [ -74.125709, 40.565327 ], [ -74.126729, 40.56443 ], [ -74.127034, 40.564152 ], [ -74.127406, 40.563539 ], [ -74.128402, 40.562668 ], [ -74.129031, 40.562151 ], [ -74.129665, 40.561609 ], [ -74.13094, 40.560543 ], [ -74.131568, 40.560041 ], [ -74.131833, 40.56019 ], [ -74.132705, 40.559468 ], [ -74.133603, 40.55876 ], [ -74.134487, 40.558044 ], [ -74.135116, 40.557544 ], [ -74.136027, 40.556818 ], [ -74.136667, 40.556336 ], [ -74.137431, 40.555818 ], [ -74.138229, 40.555322 ], [ -74.138995, 40.554893 ], [ -74.139214, 40.554761 ], [ -74.139367, 40.55468 ], [ -74.13947, 40.554627 ], [ -74.139699, 40.554522 ], [ -74.139775, 40.554492 ], [ -74.140478, 40.554176 ], [ -74.140428, 40.55436 ], [ -74.142121, 40.553594 ], [ -74.14467, 40.552941 ], [ -74.145576, 40.552708 ], [ -74.147977, 40.55234 ], [ -74.148705, 40.552213 ], [ -74.149501, 40.552017 ], [ -74.150503, 40.551635 ], [ -74.150637, 40.55195 ], [ -74.151555, 40.55172 ], [ -74.151953, 40.551599 ], [ -74.152474, 40.551464 ], [ -74.153412, 40.551233 ], [ -74.154306, 40.551004 ], [ -74.155186, 40.550776 ], [ -74.156056, 40.550532 ], [ -74.157235, 40.550218 ], [ -74.158374, 40.549913 ], [ -74.159264, 40.549679 ], [ -74.160178, 40.54943 ], [ -74.160824, 40.549274 ], [ -74.161168, 40.549191 ], [ -74.161625, 40.549138 ], [ -74.16203, 40.549092 ], [ -74.162096, 40.549085 ], [ -74.163386, 40.548916 ], [ -74.164255, 40.548834 ], [ -74.16524, 40.548731 ], [ -74.164598, 40.54585 ], [ -74.165743, 40.545398 ], [ -74.165489, 40.544652 ], [ -74.165401, 40.544433 ], [ -74.165296, 40.544273 ], [ -74.164788, 40.543802 ], [ -74.164231, 40.543301 ], [ -74.163445, 40.543769 ], [ -74.162391, 40.543911 ], [ -74.160952, 40.542424 ], [ -74.160195, 40.54281 ], [ -74.158661, 40.541246 ], [ -74.15795, 40.541667 ], [ -74.156693, 40.540394 ], [ -74.155552, 40.539247 ], [ -74.154724, 40.538404 ], [ -74.153529, 40.53772 ], [ -74.152279, 40.53702 ], [ -74.151409, 40.536503 ], [ -74.151585, 40.536351 ], [ -74.149298, 40.535032 ], [ -74.149484, 40.534939 ], [ -74.14966, 40.534833 ], [ -74.149808, 40.534728 ], [ -74.149916, 40.534638 ], [ -74.14935, 40.534312 ], [ -74.149226, 40.534245 ], [ -74.14855, 40.534616 ], [ -74.147933, 40.5349 ], [ -74.147127, 40.535233 ], [ -74.146095, 40.535519 ], [ -74.142584, 40.534326 ], [ -74.143334, 40.533592 ], [ -74.135375, 40.527424 ], [ -74.133715, 40.526137 ], [ -74.133515, 40.525982 ], [ -74.098035, 40.498489 ], [ -74.102547, 40.497713 ], [ -74.130578, 40.492888 ], [ -74.13706, 40.491772 ], [ -74.158821, 40.488023 ], [ -74.162207, 40.487444 ], [ -74.176332, 40.485012 ], [ -74.200003, 40.480938 ], [ -74.206443, 40.479818 ], [ -74.216802, 40.478046 ], [ -74.218541, 40.477747 ], [ -74.225331, 40.476578 ], [ -74.227763, 40.477463 ], [ -74.228196, 40.477621 ], [ -74.229518, 40.478102 ], [ -74.23529, 40.480202 ], [ -74.237956, 40.481172 ], [ -74.240982, 40.482274 ], [ -74.243811, 40.483301 ], [ -74.246668, 40.484343 ], [ -74.24897, 40.485181 ], [ -74.249947, 40.485536 ], [ -74.253036, 40.48666 ], [ -74.253143, 40.486886 ], [ -74.2533, 40.487215 ], [ -74.253635, 40.48792 ], [ -74.256134, 40.493183 ], [ -74.25629, 40.493506 ], [ -74.257117, 40.495245 ], [ -74.258136, 40.497389 ], [ -74.258843, 40.498875 ], [ -74.258754, 40.500103 ] ] ] } },
{ "type": "Feature", "properties": { "STATEFP": "36", "SLDLST": "063", "GEOID": "36063", "GEOIDFQ": "620L800US36063", "NAMELSAD": "Assembly District 63", "LSAD": "L3", "LSY": "2022", "MTFCC": "G5220", "FUNCSTAT": "N", "ALAND": 47803339, "AWATER": 3444709, "INTPTLAT": "+40.6070909", "INTPTLON": "-074.1507405", "ad_num": 63, "AssemDist": 63 }, "geometry": { "type": "Polygon", "coordinates": [ [ [ -74.208924, 40.57969 ], [ -74.207383, 40.587222 ], [ -74.207242, 40.587915 ], [ -74.204877, 40.590986 ], [ -74.204244, 40.591808 ], [ -74.203605, 40.592635 ], [ -74.203291, 40.593042 ], [ -74.202461, 40.594118 ], [ -74.200303, 40.596919 ], [ -74.199589, 40.597846 ], [ -74.199589, 40.600382 ], [ -74.202366, 40.603389 ], [ -74.203683, 40.604816 ], [ -74.204833, 40.606062 ], [ -74.203889, 40.614276 ], [ -74.202571, 40.616521 ], [ -74.202425, 40.61677 ], [ -74.202545, 40.61738 ], [ -74.203925, 40.62437 ], [ -74.203617, 40.625198 ], [ -74.203458, 40.625624 ], [ -74.202708, 40.627635 ], [ -74.202281, 40.628781 ], [ -74.202328, 40.629907 ], [ -74.2024, 40.631592 ], [ -74.200668, 40.6329 ], [ -74.200176, 40.63327 ], [ -74.198164, 40.634787 ], [ -74.197447, 40.635874 ], [ -74.197415, 40.635921 ], [ -74.197393, 40.635956 ], [ -74.196247, 40.637689 ], [ -74.196203, 40.637734 ], [ -74.195242, 40.638595 ], [ -74.19143, 40.642025 ], [ -74.189216, 40.643561 ], [ -74.187756, 40.644575 ], [ -74.186985, 40.64511 ], [ -74.185689, 40.64601 ], [ -74.185641, 40.646042 ], [ -74.18165, 40.646528 ], [ -74.177596, 40.646051 ], [ -74.177373, 40.646025 ], [ -74.170623, 40.64523 ], [ -74.162125, 40.644231 ], [ -74.161536, 40.644157 ], [ -74.161484, 40.64343 ], [ -74.161331, 40.642226 ], [ -74.161255, 40.64179 ], [ -74.160192, 40.640211 ], [ -74.160153, 40.638056 ], [ -74.160193, 40.637152 ], [ -74.1603, 40.634136 ], [ -74.160311, 40.633788 ], [ -74.160342, 40.632998 ], [ -74.160388, 40.631595 ], [ -74.160381, 40.63047 ], [ -74.16038, 40.630186 ], [ -74.160392, 40.629476 ], [ -74.160402, 40.628911 ], [ -74.160404, 40.628804 ], [ -74.160424, 40.628249 ], [ -74.160434, 40.627996 ], [ -74.160502, 40.62653 ], [ -74.160244, 40.626498 ], [ -74.160354, 40.625605 ], [ -74.160446, 40.624854 ], [ -74.161046, 40.623329 ], [ -74.16113, 40.623126 ], [ -74.161273, 40.622702 ], [ -74.158291, 40.622325 ], [ -74.157844, 40.622275 ], [ -74.157737, 40.622274 ], [ -74.157759, 40.622179 ], [ -74.157093, 40.622066 ], [ -74.156824, 40.622026 ], [ -74.157249, 40.621618 ], [ -74.156995, 40.621588 ], [ -74.151541, 40.621202 ], [ -74.151306, 40.621353 ], [ -74.150948, 40.621588 ], [ -74.15067, 40.621836 ], [ -74.150321, 40.62215 ], [ -74.150006, 40.622435 ], [ -74.149388, 40.622134 ], [ -74.148581, 40.621705 ], [ -74.149599, 40.620662 ], [ -74.150172, 40.620075 ], [ -74.150699, 40.619536 ], [ -74.152605, 40.617555 ], [ -74.15219, 40.617538 ], [ -74.152449, 40.617109 ], [ -74.152664, 40.616668 ], [ -74.152791, 40.61624 ], [ -74.152977, 40.615631 ], [ -74.152991, 40.615568 ], [ -74.153042, 40.615344 ], [ -74.153077, 40.615187 ], [ -74.153168, 40.614777 ], [ -74.153197, 40.614644 ], [ -74.15321, 40.614586 ], [ -74.15382, 40.612428 ], [ -74.153689, 40.612322 ], [ -74.153138, 40.611938 ], [ -74.152385, 40.611352 ], [ -74.150506, 40.609906 ], [ -74.149969, 40.60954 ], [ -74.149543, 40.609627 ], [ -74.148936, 40.609752 ], [ -74.147741, 40.609999 ], [ -74.146969, 40.610151 ], [ -74.146016, 40.610344 ], [ -74.14501, 40.610544 ], [ -74.144042, 40.610739 ], [ -74.143059, 40.610935 ], [ -74.142201, 40.611107 ], [ -74.141203, 40.611305 ], [ -74.141037, 40.611986 ], [ -74.14091, 40.612459 ], [ -74.140858, 40.612648 ], [ -74.140665, 40.613366 ], [ -74.140412, 40.61431 ], [ -74.140232, 40.61498 ], [ -74.139292, 40.614843 ], [ -74.139113, 40.615518 ], [ -74.138974, 40.616192 ], [ -74.138876, 40.616604 ], [ -74.138632, 40.617639 ], [ -74.138428, 40.618391 ], [ -74.138191, 40.619267 ], [ -74.137437, 40.619148 ], [ -74.137171, 40.620129 ], [ -74.136966, 40.620882 ], [ -74.136795, 40.621531 ], [ -74.136662, 40.621514 ], [ -74.136089, 40.621439 ], [ -74.135768, 40.621396 ], [ -74.13488, 40.62128 ], [ -74.134742, 40.621261 ], [ -74.133987, 40.621163 ], [ -74.133757, 40.621137 ], [ -74.133047, 40.621088 ], [ -74.132315, 40.621043 ], [ -74.131804, 40.621021 ], [ -74.130895, 40.621083 ], [ -74.129151, 40.62122 ], [ -74.127251, 40.621369 ], [ -74.126426, 40.62143 ], [ -74.126103, 40.621456 ], [ -74.125254, 40.621525 ], [ -74.124783, 40.621563 ], [ -74.123998, 40.621625 ], [ -74.124024, 40.621702 ], [ -74.120773, 40.622292 ], [ -74.120078, 40.621667 ], [ -74.119669, 40.621745 ], [ -74.118572, 40.622544 ], [ -74.118532, 40.622837 ], [ -74.118406, 40.623761 ], [ -74.117127, 40.624533 ], [ -74.11539, 40.623887 ], [ -74.113309, 40.623042 ], [ -74.113585, 40.623698 ], [ -74.113934, 40.62433 ], [ -74.114093, 40.6246 ], [ -74.114743, 40.625864 ], [ -74.115011, 40.626377 ], [ -74.11526, 40.62686 ], [ -74.115448, 40.627221 ], [ -74.11561, 40.627549 ], [ -74.115885, 40.628089 ], [ -74.115952, 40.62823 ], [ -74.116143, 40.628702 ], [ -74.11619, 40.628941 ], [ -74.116346, 40.629835 ], [ -74.116505, 40.630756 ], [ -74.116666, 40.63171 ], [ -74.116836, 40.632675 ], [ -74.116959, 40.633351 ], [ -74.117045, 40.633817 ], [ -74.117077, 40.634007 ], [ -74.117199, 40.634568 ], [ -74.114538, 40.634763 ], [ -74.11316, 40.634753 ], [ -74.112252, 40.634747 ], [ -74.111177, 40.634739 ], [ -74.110221, 40.634735 ], [ -74.109759, 40.634732 ], [ -74.108932, 40.634721 ], [ -74.107738, 40.634707 ], [ -74.106537, 40.634702 ], [ -74.105523, 40.634701 ], [ -74.104548, 40.634699 ], [ -74.103989, 40.634699 ], [ -74.103538, 40.634699 ], [ -74.102526, 40.634663 ], [ -74.102142, 40.634594 ], [ -74.100464, 40.634292 ], [ -74.099414, 40.634106 ], [ -74.098387, 40.634005 ], [ -74.097267, 40.633998 ], [ -74.096053, 40.633272 ], [ -74.095445, 40.633177 ], [ -74.094574, 40.633348 ], [ -74.093586, 40.633173 ], [ -74.09296, 40.633151 ], [ -74.092522, 40.633327 ], [ -74.091971, 40.633274 ], [ -74.091285, 40.632772 ], [ -74.090642, 40.632617 ], [ -74.090037, 40.632771 ], [ -74.089809, 40.632679 ], [ -74.088774, 40.63219 ], [ -74.087618, 40.631648 ], [ -74.088077, 40.631081 ], [ -74.086823, 40.630318 ], [ -74.088553, 40.628906 ], [ -74.088639, 40.628622 ], [ -74.088923, 40.627788 ], [ -74.088885, 40.627408 ], [ -74.088719, 40.625899 ], [ -74.088528, 40.62418 ], [ -74.088498, 40.62388 ], [ -74.08849, 40.623449 ], [ -74.088545, 40.622619 ], [ -74.088629, 40.621458 ], [ -74.088675, 40.621031 ], [ -74.08942, 40.620307 ], [ -74.08986, 40.619875 ], [ -74.090224, 40.619409 ], [ -74.091055, 40.619718 ], [ -74.091923, 40.61989 ], [ -74.093483, 40.6202 ], [ -74.093575, 40.620232 ], [ -74.093676, 40.620254 ], [ -74.093783, 40.620262 ], [ -74.093904, 40.620255 ], [ -74.094021, 40.620231 ], [ -74.094127, 40.620191 ], [ -74.094211, 40.620145 ], [ -74.094263, 40.620108 ], [ -74.094624, 40.619654 ], [ -74.093639, 40.61897 ], [ -74.093465, 40.618893 ], [ -74.093294, 40.61883 ], [ -74.093096, 40.618771 ], [ -74.093218, 40.618773 ], [ -74.093334, 40.61876 ], [ -74.093438, 40.618736 ], [ -74.093548, 40.618697 ], [ -74.093648, 40.618643 ], [ -74.093734, 40.61858 ], [ -74.09381, 40.618503 ], [ -74.093862, 40.618427 ], [ -74.093934, 40.618338 ], [ -74.093998, 40.618235 ], [ -74.094048, 40.618117 ], [ -74.094079, 40.617996 ], [ -74.09409, 40.617873 ], [ -74.094082, 40.617759 ], [ -74.094071, 40.617704 ], [ -74.094303, 40.616655 ], [ -74.093897, 40.616496 ], [ -74.093389, 40.616198 ], [ -74.092941, 40.616063 ], [ -74.09267, 40.615851 ], [ -74.092475, 40.614917 ], [ -74.091876, 40.61507 ], [ -74.090177, 40.614983 ], [ -74.090488, 40.61429 ], [ -74.089584, 40.614011 ], [ -74.088738, 40.613814 ], [ -74.088897, 40.613532 ], [ -74.089327, 40.612768 ], [ -74.089501, 40.612571 ], [ -74.089677, 40.612348 ], [ -74.089764, 40.612226 ], [ -74.089756, 40.612155 ], [ -74.089732, 40.612094 ], [ -74.089669, 40.612093 ], [ -74.089544, 40.612077 ], [ -74.089423, 40.612048 ], [ -74.08931, 40.612006 ], [ -74.088855, 40.611853 ], [ -74.089513, 40.610879 ], [ -74.088997, 40.610664 ], [ -74.089588, 40.609848 ], [ -74.088859, 40.609415 ], [ -74.087946, 40.610319 ], [ -74.087209, 40.609879 ], [ -74.086528, 40.609475 ], [ -74.085802, 40.609047 ], [ -74.085104, 40.60863 ], [ -74.084383, 40.608207 ], [ -74.083678, 40.607794 ], [ -74.082962, 40.607368 ], [ -74.082081, 40.608233 ], [ -74.081395, 40.607801 ], [ -74.080509, 40.608672 ], [ -74.080189, 40.609189 ], [ -74.079835, 40.609724 ], [ -74.079128, 40.610968 ], [ -74.078838, 40.611412 ], [ -74.078098, 40.612695 ], [ -74.077989, 40.612885 ], [ -74.077698, 40.613573 ], [ -74.077274, 40.614429 ], [ -74.077273, 40.614493 ], [ -74.077314, 40.614806 ], [ -74.077656, 40.615084 ], [ -74.07811, 40.615442 ], [ -74.078151, 40.615489 ], [ -74.078264, 40.615588 ], [ -74.078756, 40.615925 ], [ -74.078873, 40.616019 ], [ -74.079835, 40.616799 ], [ -74.07988, 40.616835 ], [ -74.08048, 40.617295 ], [ -74.081103, 40.617789 ], [ -74.081979, 40.618778 ], [ -74.081497, 40.619571 ], [ -74.081491, 40.619611 ], [ -74.081482, 40.619781 ], [ -74.081496, 40.619969 ], [ -74.081529, 40.620141 ], [ -74.081576, 40.620294 ], [ -74.081639, 40.620442 ], [ -74.081722, 40.620594 ], [ -74.081799, 40.62071 ], [ -74.081892, 40.620828 ], [ -74.07826, 40.62199 ], [ -74.078905, 40.623256 ], [ -74.079218, 40.623871 ], [ -74.079598, 40.624602 ], [ -74.078536, 40.624939 ], [ -74.077413, 40.625288 ], [ -74.077496, 40.6258 ], [ -74.077624, 40.626493 ], [ -74.075647, 40.626664 ], [ -74.074995, 40.626726 ], [ -74.074152, 40.626816 ], [ -74.073573, 40.626868 ], [ -74.073505, 40.626876 ], [ -74.073466, 40.626742 ], [ -74.073264, 40.626761 ], [ -74.073278, 40.626887 ], [ -74.072908, 40.626925 ], [ -74.072852, 40.62692 ], [ -74.072716, 40.626878 ], [ -74.072687, 40.626845 ], [ -74.072664, 40.626752 ], [ -74.072636, 40.626555 ], [ -74.072608, 40.626344 ], [ -74.07258, 40.626208 ], [ -74.072533, 40.625983 ], [ -74.072481, 40.625805 ], [ -74.07243, 40.625598 ], [ -74.072416, 40.625463 ], [ -74.072416, 40.625308 ], [ -74.072411, 40.625125 ], [ -74.072369, 40.624975 ], [ -74.072322, 40.624863 ], [ -74.072237, 40.624609 ], [ -74.072181, 40.624516 ], [ -74.072012, 40.624309 ], [ -74.071862, 40.624038 ], [ -74.071778, 40.623887 ], [ -74.071506, 40.623531 ], [ -74.071347, 40.623231 ], [ -74.071187, 40.622913 ], [ -74.070934, 40.622706 ], [ -74.070766, 40.622594 ], [ -74.070691, 40.622444 ], [ -74.070578, 40.622341 ], [ -74.070461, 40.622125 ], [ -74.070375, 40.622015 ], [ -74.070306, 40.621923 ], [ -74.07022, 40.621753 ], [ -74.070119, 40.6216 ], [ -74.070077, 40.621473 ], [ -74.069917, 40.621314 ], [ -74.069758, 40.621202 ], [ -74.069523, 40.621052 ], [ -74.069477, 40.621089 ], [ -74.069341, 40.621009 ], [ -74.069195, 40.620873 ], [ -74.069167, 40.620836 ], [ -74.06905, 40.6207 ], [ -74.068877, 40.620592 ], [ -74.068478, 40.620302 ], [ -74.068394, 40.620297 ], [ -74.067686, 40.619777 ], [ -74.06717, 40.61942 ], [ -74.066673, 40.619092 ], [ -74.066706, 40.619031 ], [ -74.066205, 40.618727 ], [ -74.065544, 40.61927 ], [ -74.06545, 40.619209 ], [ -74.066641, 40.618052 ], [ -74.066444, 40.617883 ], [ -74.06605, 40.618197 ], [ -74.065642, 40.617906 ], [ -74.065403, 40.618084 ], [ -74.064962, 40.617775 ], [ -74.064358, 40.618258 ], [ -74.064255, 40.618178 ], [ -74.065098, 40.617508 ], [ -74.06447, 40.617062 ], [ -74.064381, 40.617128 ], [ -74.064494, 40.617222 ], [ -74.064222, 40.617419 ], [ -74.064117, 40.617346 ], [ -74.063837, 40.617573 ], [ -74.063726, 40.617498 ], [ -74.063912, 40.617325 ], [ -74.064137, 40.617147 ], [ -74.064333, 40.616999 ], [ -74.064195, 40.616908 ], [ -74.064143, 40.616895 ], [ -74.064082, 40.616882 ], [ -74.063961, 40.616845 ], [ -74.063843, 40.6168 ], [ -74.063796, 40.616765 ], [ -74.063752, 40.616678 ], [ -74.063744, 40.616635 ], [ -74.063696, 40.616548 ], [ -74.063614, 40.616425 ], [ -74.062907, 40.615776 ], [ -74.06288, 40.615744 ], [ -74.062704, 40.615535 ], [ -74.062675, 40.615498 ], [ -74.062286, 40.615145 ], [ -74.061869, 40.614817 ], [ -74.061583, 40.614503 ], [ -74.061409, 40.614311 ], [ -74.061278, 40.614095 ], [ -74.061128, 40.613763 ], [ -74.061016, 40.613538 ], [ -74.060795, 40.613022 ], [ -74.060718, 40.613037 ], [ -74.060655, 40.612825 ], [ -74.060678, 40.612708 ], [ -74.060678, 40.612586 ], [ -74.060683, 40.612516 ], [ -74.060641, 40.612398 ], [ -74.060612, 40.612309 ], [ -74.060556, 40.612173 ], [ -74.0605, 40.612084 ], [ -74.06043, 40.611991 ], [ -74.060378, 40.611934 ], [ -74.060359, 40.611916 ], [ -74.060106, 40.612038 ], [ -74.060036, 40.611934 ], [ -74.060237, 40.611841 ], [ -74.060247, 40.611817 ], [ -74.060205, 40.611798 ], [ -74.060144, 40.611808 ], [ -74.060092, 40.611822 ], [ -74.060069, 40.611813 ], [ -74.060022, 40.611794 ], [ -74.059994, 40.61178 ], [ -74.059975, 40.61177 ], [ -74.059933, 40.611761 ], [ -74.059905, 40.611747 ], [ -74.059862, 40.611742 ], [ -74.059478, 40.611695 ], [ -74.05937, 40.611578 ], [ -74.059291, 40.611494 ], [ -74.059178, 40.611297 ], [ -74.059037, 40.611077 ], [ -74.059, 40.610988 ], [ -74.059028, 40.610945 ], [ -74.059075, 40.610917 ], [ -74.059117, 40.610903 ], [ -74.059164, 40.610861 ], [ -74.059178, 40.610795 ], [ -74.059178, 40.610758 ], [ -74.059155, 40.610716 ], [ -74.059105, 40.610647 ], [ -74.059502, 40.610501 ], [ -74.059774, 40.610382 ], [ -74.060481, 40.610081 ], [ -74.060904, 40.609908 ], [ -74.062102, 40.609421 ], [ -74.062556, 40.609237 ], [ -74.062649, 40.609358 ], [ -74.062853, 40.609104 ], [ -74.063027, 40.608967 ], [ -74.063283, 40.608778 ], [ -74.063821, 40.608456 ], [ -74.064454, 40.608129 ], [ -74.064757, 40.608009 ], [ -74.065426, 40.608991 ], [ -74.06589, 40.609677 ], [ -74.06645, 40.609423 ], [ -74.066766, 40.609272 ], [ -74.066537, 40.608904 ], [ -74.066484, 40.608827 ], [ -74.066464, 40.608799 ], [ -74.066785, 40.60864 ], [ -74.066676, 40.608495 ], [ -74.066956, 40.608383 ], [ -74.067162, 40.608283 ], [ -74.067931, 40.607947 ], [ -74.068241, 40.608296 ], [ -74.068464, 40.608469 ], [ -74.069467, 40.60798 ], [ -74.070029, 40.607732 ], [ -74.070551, 40.608337 ], [ -74.070675, 40.608494 ], [ -74.070593, 40.608261 ], [ -74.070801, 40.608153 ], [ -74.070979, 40.607626 ], [ -74.071601, 40.607314 ], [ -74.072198, 40.606994 ], [ -74.072804, 40.606664 ], [ -74.073381, 40.606089 ], [ -74.074241, 40.606328 ], [ -74.074489, 40.606398 ], [ -74.075396, 40.606596 ], [ -74.076497, 40.606784 ], [ -74.076554, 40.606372 ], [ -74.076571, 40.606255 ], [ -74.07659, 40.606005 ], [ -74.0766, 40.605946 ], [ -74.076683, 40.605473 ], [ -74.077183, 40.605522 ], [ -74.077474, 40.60555 ], [ -74.077902, 40.605593 ], [ -74.079967, 40.605961 ], [ -74.081762, 40.606031 ], [ -74.082685, 40.604883 ], [ -74.083554, 40.603799 ], [ -74.083809, 40.604155 ], [ -74.084234, 40.603979 ], [ -74.08497, 40.603686 ], [ -74.085133, 40.603964 ], [ -74.085206, 40.604087 ], [ -74.085653, 40.603739 ], [ -74.08587, 40.603848 ], [ -74.086144, 40.603583 ], [ -74.088832, 40.605016 ], [ -74.089524, 40.605384 ], [ -74.090312, 40.605824 ], [ -74.090404, 40.605876 ], [ -74.090699, 40.606041 ], [ -74.090916, 40.606162 ], [ -74.090805, 40.606278 ], [ -74.089443, 40.607691 ], [ -74.090176, 40.608125 ], [ -74.090613, 40.608406 ], [ -74.09096, 40.60863 ], [ -74.090801, 40.608779 ], [ -74.090568, 40.609002 ], [ -74.09249, 40.609773 ], [ -74.093259, 40.610032 ], [ -74.093888, 40.610206 ], [ -74.094473, 40.610329 ], [ -74.095279, 40.610441 ], [ -74.095964, 40.610477 ], [ -74.096878, 40.610501 ], [ -74.097658, 40.610503 ], [ -74.100027, 40.610415 ], [ -74.102148, 40.610318 ], [ -74.104142, 40.610254 ], [ -74.105349, 40.610215 ], [ -74.10668, 40.610127 ], [ -74.106706, 40.61012 ], [ -74.107948, 40.610048 ], [ -74.10871, 40.610075 ], [ -74.109317, 40.610111 ], [ -74.109751, 40.610157 ], [ -74.109917, 40.610167 ], [ -74.11004, 40.610179 ], [ -74.110132, 40.610187 ], [ -74.110239, 40.610198 ], [ -74.110359, 40.610218 ], [ -74.110535, 40.610254 ], [ -74.111136, 40.610436 ], [ -74.111277, 40.610486 ], [ -74.111541, 40.610566 ], [ -74.112691, 40.610847 ], [ -74.112872, 40.610882 ], [ -74.11305, 40.61092 ], [ -74.113262, 40.610951 ], [ -74.11343, 40.610975 ], [ -74.113623, 40.610988 ], [ -74.113767, 40.610997 ], [ -74.115014, 40.61108 ], [ -74.115944, 40.611011 ], [ -74.116764, 40.61087 ], [ -74.116686, 40.610208 ], [ -74.11667, 40.6101 ], [ -74.116848, 40.610076 ], [ -74.117051, 40.610061 ], [ -74.117276, 40.610059 ], [ -74.11735, 40.610062 ], [ -74.117881, 40.60998 ], [ -74.117426, 40.60929 ], [ -74.118345, 40.609144 ], [ -74.118264, 40.608075 ], [ -74.118212, 40.607359 ], [ -74.118141, 40.606616 ], [ -74.118075, 40.605937 ], [ -74.118024, 40.605281 ], [ -74.117971, 40.604591 ], [ -74.117918, 40.603913 ], [ -74.11787, 40.60323 ], [ -74.117824, 40.602546 ], [ -74.117838, 40.601858 ], [ -74.119576, 40.601817 ], [ -74.120596, 40.60181 ], [ -74.12057, 40.601236 ], [ -74.120554, 40.601023 ], [ -74.120772, 40.600672 ], [ -74.122294, 40.599687 ], [ -74.122643, 40.599419 ], [ -74.125789, 40.594267 ], [ -74.126285, 40.593455 ], [ -74.126385, 40.590725 ], [ -74.127821, 40.589437 ], [ -74.1278, 40.588319 ], [ -74.127782, 40.587449 ], [ -74.129102, 40.586291 ], [ -74.128981, 40.585362 ], [ -74.128937, 40.585014 ], [ -74.129141, 40.584165 ], [ -74.127823, 40.583088 ], [ -74.127141, 40.582529 ], [ -74.126997, 40.582502 ], [ -74.126838, 40.582484 ], [ -74.126677, 40.582482 ], [ -74.126528, 40.582492 ], [ -74.126394, 40.582513 ], [ -74.1262, 40.58116 ], [ -74.126141, 40.580561 ], [ -74.126387, 40.580391 ], [ -74.126651, 40.580225 ], [ -74.126916, 40.580073 ], [ -74.127218, 40.579916 ], [ -74.127492, 40.579788 ], [ -74.127115, 40.579179 ], [ -74.129362, 40.578394 ], [ -74.129479, 40.578152 ], [ -74.129637, 40.577994 ], [ -74.12976, 40.577906 ], [ -74.130041, 40.577792 ], [ -74.13056, 40.577663 ], [ -74.131267, 40.57733 ], [ -74.131527, 40.577084 ], [ -74.131694, 40.577058 ], [ -74.131809, 40.577096 ], [ -74.131859, 40.57714 ], [ -74.13196, 40.577179 ], [ -74.132068, 40.577202 ], [ -74.132189, 40.577191 ], [ -74.132334, 40.577089 ], [ -74.132996, 40.576849 ], [ -74.13306, 40.576805 ], [ -74.133257, 40.576664 ], [ -74.133646, 40.576479 ], [ -74.133963, 40.576376 ], [ -74.134338, 40.576355 ], [ -74.134591, 40.576285 ], [ -74.134897, 40.576167 ], [ -74.135105, 40.576141 ], [ -74.135274, 40.576121 ], [ -74.136935, 40.575919 ], [ -74.138765, 40.575715 ], [ -74.13918, 40.575657 ], [ -74.140252, 40.575802 ], [ -74.140932, 40.575738 ], [ -74.142256, 40.57612 ], [ -74.142398, 40.576085 ], [ -74.142668, 40.576029 ], [ -74.142961, 40.575979 ], [ -74.143374, 40.575929 ], [ -74.143408, 40.576034 ], [ -74.143421, 40.57608 ], [ -74.143438, 40.576161 ], [ -74.144957, 40.575735 ], [ -74.145436, 40.57567 ], [ -74.145519, 40.575666 ], [ -74.145593, 40.575674 ], [ -74.145666, 40.575691 ], [ -74.145741, 40.575721 ], [ -74.145798, 40.575755 ], [ -74.145866, 40.575803 ], [ -74.145945, 40.575845 ], [ -74.146043, 40.575881 ], [ -74.146137, 40.575902 ], [ -74.146255, 40.575911 ], [ -74.146391, 40.575902 ], [ -74.146464, 40.575934 ], [ -74.146554, 40.575955 ], [ -74.146641, 40.575961 ], [ -74.146732, 40.575951 ], [ -74.146787, 40.575938 ], [ -74.146848, 40.575913 ], [ -74.146925, 40.575866 ], [ -74.146986, 40.575803 ], [ -74.147016, 40.575749 ], [ -74.147207, 40.575751 ], [ -74.147387, 40.57574 ], [ -74.147576, 40.575713 ], [ -74.147699, 40.575688 ], [ -74.14785, 40.575649 ], [ -74.147957, 40.575613 ], [ -74.147798, 40.575462 ], [ -74.147627, 40.575276 ], [ -74.147475, 40.575089 ], [ -74.147342, 40.574902 ], [ -74.147259, 40.574771 ], [ -74.147205, 40.574666 ], [ -74.147129, 40.57455 ], [ -74.147018, 40.574422 ], [ -74.146938, 40.574348 ], [ -74.146881, 40.574306 ], [ -74.146837, 40.57425 ], [ -74.146817, 40.574194 ], [ -74.146814, 40.574136 ], [ -74.14683, 40.574081 ], [ -74.146853, 40.57404 ], [ -74.146941, 40.573964 ], [ -74.147015, 40.573876 ], [ -74.147061, 40.5738 ], [ -74.147099, 40.573703 ], [ -74.147119, 40.573603 ], [ -74.147118, 40.573494 ], [ -74.147097, 40.573396 ], [ -74.147059, 40.573304 ], [ -74.147016, 40.573233 ], [ -74.146941, 40.573249 ], [ -74.146872, 40.573253 ], [ -74.146797, 40.573244 ], [ -74.146732, 40.573225 ], [ -74.146662, 40.573188 ], [ -74.146606, 40.57314 ], [ -74.14657, 40.573082 ], [ -74.146553, 40.573023 ], [ -74.146556, 40.572959 ], [ -74.146576, 40.572903 ], [ -74.146594, 40.572875 ], [ -74.146859, 40.5723 ], [ -74.14699, 40.572013 ], [ -74.147235, 40.571461 ], [ -74.147897, 40.570888 ], [ -74.149838, 40.569357 ], [ -74.150235, 40.569632 ], [ -74.150325, 40.56968 ], [ -74.150921, 40.56966 ], [ -74.150946, 40.570075 ], [ -74.151447, 40.570334 ], [ -74.151761, 40.570225 ], [ -74.151767, 40.569978 ], [ -74.152, 40.570248 ], [ -74.151613, 40.570763 ], [ -74.152631, 40.570387 ], [ -74.155259, 40.56942 ], [ -74.156877, 40.568825 ], [ -74.157163, 40.56872 ], [ -74.157661, 40.568537 ], [ -74.162562, 40.566732 ], [ -74.164275, 40.565693 ], [ -74.164387, 40.565625 ], [ -74.164402, 40.565515 ], [ -74.164439, 40.565253 ], [ -74.164531, 40.564613 ], [ -74.164766, 40.562951 ], [ -74.164853, 40.56234 ], [ -74.164892, 40.562065 ], [ -74.164993, 40.561447 ], [ -74.16555, 40.560642 ], [ -74.165894, 40.560283 ], [ -74.16689, 40.560476 ], [ -74.169827, 40.561078 ], [ -74.169769, 40.562682 ], [ -74.169745, 40.563447 ], [ -74.169724, 40.563912 ], [ -74.169702, 40.564376 ], [ -74.16966, 40.565307 ], [ -74.169617, 40.566237 ], [ -74.169611, 40.566443 ], [ -74.169605, 40.566649 ], [ -74.170231, 40.567231 ], [ -74.17064, 40.567364 ], [ -74.171277, 40.567535 ], [ -74.172019, 40.567449 ], [ -74.172495, 40.567316 ], [ -74.172904, 40.567155 ], [ -74.173227, 40.567002 ], [ -74.173373, 40.566916 ], [ -74.173597, 40.566845 ], [ -74.174207, 40.566955 ], [ -74.174606, 40.567136 ], [ -74.175282, 40.567763 ], [ -74.175415, 40.568125 ], [ -74.175482, 40.568791 ], [ -74.175577, 40.569219 ], [ -74.175919, 40.569828 ], [ -74.176671, 40.570883 ], [ -74.177584, 40.571606 ], [ -74.178145, 40.572082 ], [ -74.178611, 40.572386 ], [ -74.179287, 40.572738 ], [ -74.179524, 40.572834 ], [ -74.183314, 40.574122 ], [ -74.183713, 40.574755 ], [ -74.183929, 40.575098 ], [ -74.184518, 40.575906 ], [ -74.184633, 40.576134 ], [ -74.184756, 40.576344 ], [ -74.184946, 40.576486 ], [ -74.185004, 40.576543 ], [ -74.18508, 40.576591 ], [ -74.185153, 40.576662 ], [ -74.185203, 40.576696 ], [ -74.185194, 40.576772 ], [ -74.185931, 40.576708 ], [ -74.186875, 40.577056 ], [ -74.186807, 40.576381 ], [ -74.18959, 40.576515 ], [ -74.190203, 40.576312 ], [ -74.190296, 40.576705 ], [ -74.190324, 40.576827 ], [ -74.190351, 40.57695 ], [ -74.190443, 40.57736 ], [ -74.190472, 40.577493 ], [ -74.190506, 40.577647 ], [ -74.190378, 40.57768 ], [ -74.19025, 40.577729 ], [ -74.190119, 40.5778 ], [ -74.190023, 40.577871 ], [ -74.189944, 40.577944 ], [ -74.189872, 40.578033 ], [ -74.18982, 40.57812 ], [ -74.189776, 40.578229 ], [ -74.189757, 40.578322 ], [ -74.189752, 40.578423 ], [ -74.189767, 40.578536 ], [ -74.189799, 40.578634 ], [ -74.18984, 40.578717 ], [ -74.189993, 40.578872 ], [ -74.1901, 40.579004 ], [ -74.190196, 40.57915 ], [ -74.190275, 40.579302 ], [ -74.190331, 40.579442 ], [ -74.191737, 40.585053 ], [ -74.191731, 40.585132 ], [ -74.191702, 40.585252 ], [ -74.19165, 40.585369 ], [ -74.191592, 40.585458 ], [ -74.191516, 40.585548 ], [ -74.191426, 40.585629 ], [ -74.191318, 40.585705 ], [ -74.191995, 40.586315 ], [ -74.190087, 40.588454 ], [ -74.189595, 40.589023 ], [ -74.189096, 40.589603 ], [ -74.188732, 40.590141 ], [ -74.188682, 40.590239 ], [ -74.188456, 40.59066 ], [ -74.188029, 40.590433 ], [ -74.187301, 40.590041 ], [ -74.186969, 40.590356 ], [ -74.186096, 40.591385 ], [ -74.186826, 40.591767 ], [ -74.188818, 40.592795 ], [ -74.189429, 40.592432 ], [ -74.190345, 40.593335 ], [ -74.191715, 40.59389 ], [ -74.192254, 40.594036 ], [ -74.19234, 40.594207 ], [ -74.191948, 40.595265 ], [ -74.191489, 40.596539 ], [ -74.191476, 40.596574 ], [ -74.191448, 40.596637 ], [ -74.191416, 40.596709 ], [ -74.191192, 40.597209 ], [ -74.191431, 40.597396 ], [ -74.191603, 40.597531 ], [ -74.191935, 40.596698 ], [ -74.192153, 40.596713 ], [ -74.19211, 40.596822 ], [ -74.192563, 40.59713 ], [ -74.192758, 40.597256 ], [ -74.193096, 40.597404 ], [ -74.193155, 40.597404 ], [ -74.19316, 40.597432 ], [ -74.193319, 40.597536 ], [ -74.193701, 40.597596 ], [ -74.194082, 40.597569 ], [ -74.194219, 40.597519 ], [ -74.194299, 40.597339 ], [ -74.194299, 40.597224 ], [ -74.194672, 40.597286 ], [ -74.195382, 40.597358 ], [ -74.195557, 40.597398 ], [ -74.195718, 40.59746 ], [ -74.196033, 40.597616 ], [ -74.196173, 40.59775 ], [ -74.196226, 40.59786 ], [ -74.196266, 40.598126 ], [ -74.196174, 40.598504 ], [ -74.196188, 40.598544 ], [ -74.196335, 40.598617 ], [ -74.197023, 40.598759 ], [ -74.197438, 40.59846 ], [ -74.197393, 40.596878 ], [ -74.198, 40.596617 ], [ -74.199056, 40.594899 ], [ -74.202336, 40.591483 ], [ -74.204059, 40.589633 ], [ -74.204384, 40.588413 ], [ -74.204107, 40.586792 ], [ -74.203642, 40.585317 ], [ -74.205028, 40.581724 ], [ -74.205527, 40.5815 ], [ -74.205962, 40.580047 ], [ -74.203563, 40.580434 ], [ -74.200478, 40.579927 ], [ -74.199538, 40.579772 ], [ -74.195017, 40.579477 ], [ -74.192081, 40.577509 ], [ -74.19081, 40.577393 ], [ -74.19069, 40.576872 ], [ -74.190642, 40.576685 ], [ -74.190548, 40.576282 ], [ -74.191785, 40.576176 ], [ -74.193049, 40.576324 ], [ -74.193034, 40.576614 ], [ -74.194282, 40.577225 ], [ -74.194959, 40.577199 ], [ -74.197961, 40.578411 ], [ -74.198936, 40.578801 ], [ -74.200457, 40.578734 ], [ -74.200569, 40.578834 ], [ -74.200744, 40.578947 ], [ -74.201007, 40.578997 ], [ -74.201161, 40.579005 ], [ -74.201507, 40.578984 ], [ -74.201607, 40.578934 ], [ -74.201732, 40.578872 ], [ -74.201932, 40.578859 ], [ -74.202207, 40.578872 ], [ -74.202382, 40.578909 ], [ -74.202457, 40.578997 ], [ -74.202519, 40.578997 ], [ -74.202682, 40.578884 ], [ -74.202719, 40.578884 ], [ -74.202757, 40.578922 ], [ -74.202632, 40.579022 ], [ -74.202594, 40.579134 ], [ -74.202569, 40.579222 ], [ -74.202482, 40.579309 ], [ -74.202432, 40.579359 ], [ -74.202444, 40.579434 ], [ -74.202457, 40.579447 ], [ -74.202532, 40.579534 ], [ -74.203182, 40.579572 ], [ -74.203332, 40.579572 ], [ -74.203982, 40.579484 ], [ -74.204569, 40.579347 ], [ -74.204844, 40.579309 ], [ -74.204982, 40.579272 ], [ -74.205157, 40.579184 ], [ -74.205307, 40.579109 ], [ -74.205882, 40.578647 ], [ -74.206067, 40.579605 ], [ -74.209095, 40.578853 ], [ -74.208924, 40.57969 ] ] ] } },
{ "type": "Feature", "properties": { "STATEFP": "36", "SLDLST": "064", "GEOID": "36064", "GEOIDFQ": "620L800US36064", "NAMELSAD": "Assembly District 64", "LSAD": "L3", "LSY": "2022", "MTFCC": "G5220", "FUNCSTAT": "N", "ALAND": 34464644, "AWATER": 64771315, "INTPTLAT": "+40.5767613", "INTPTLON": "-074.0787677", "ad_num": 64, "AssemDist": 64 }, "geometry": { "type": "Polygon", "coordinates": [ [ [ -74.165743, 40.545398 ], [ -74.164598, 40.54585 ], [ -74.16524, 40.548731 ], [ -74.164255, 40.548834 ], [ -74.163386, 40.548916 ], [ -74.162096, 40.549085 ], [ -74.16203, 40.549092 ], [ -74.161625, 40.549138 ], [ -74.161168, 40.549191 ], [ -74.160824, 40.549274 ], [ -74.160178, 40.54943 ], [ -74.159264, 40.549679 ], [ -74.158374, 40.549913 ], [ -74.157235, 40.550218 ], [ -74.156056, 40.550532 ], [ -74.155186, 40.550776 ], [ -74.154306, 40.551004 ], [ -74.153412, 40.551233 ], [ -74.152474, 40.551464 ], [ -74.151953, 40.551599 ], [ -74.151555, 40.55172 ], [ -74.150637, 40.55195 ], [ -74.150503, 40.551635 ], [ -74.149501, 40.552017 ], [ -74.148705, 40.552213 ], [ -74.147977, 40.55234 ], [ -74.145576, 40.552708 ], [ -74.14467, 40.552941 ], [ -74.142121, 40.553594 ], [ -74.140428, 40.55436 ], [ -74.140478, 40.554176 ], [ -74.139775, 40.554492 ], [ -74.139699, 40.554522 ], [ -74.13947, 40.554627 ], [ -74.139367, 40.55468 ], [ -74.139214, 40.554761 ], [ -74.138995, 40.554893 ], [ -74.138229, 40.555322 ], [ -74.137431, 40.555818 ], [ -74.136667, 40.556336 ], [ -74.136027, 40.556818 ], [ -74.135116, 40.557544 ], [ -74.134487, 40.558044 ], [ -74.133603, 40.55876 ], [ -74.132705, 40.559468 ], [ -74.131833, 40.56019 ], [ -74.131568, 40.560041 ], [ -74.13094, 40.560543 ], [ -74.129665, 40.561609 ], [ -74.129031, 40.562151 ], [ -74.128402, 40.562668 ], [ -74.127406, 40.563539 ], [ -74.127034, 40.564152 ], [ -74.126729, 40.56443 ], [ -74.125709, 40.565327 ], [ -74.125142, 40.565889 ], [ -74.124259, 40.566822 ], [ -74.123682, 40.567382 ], [ -74.123093, 40.567967 ], [ -74.123293, 40.568075 ], [ -74.123596, 40.568241 ], [ -74.123951, 40.568431 ], [ -74.124899, 40.568949 ], [ -74.124179, 40.569434 ], [ -74.125662, 40.570268 ], [ -74.127612, 40.571361 ], [ -74.127209, 40.572024 ], [ -74.126953, 40.572751 ], [ -74.126811, 40.573409 ], [ -74.127715, 40.573759 ], [ -74.127625, 40.574146 ], [ -74.127795, 40.575185 ], [ -74.127653, 40.575235 ], [ -74.12753, 40.575398 ], [ -74.127397, 40.575603 ], [ -74.12729, 40.5758 ], [ -74.127204, 40.575995 ], [ -74.127135, 40.576194 ], [ -74.127089, 40.576369 ], [ -74.127173, 40.576812 ], [ -74.127249, 40.577551 ], [ -74.128871, 40.577023 ], [ -74.12922, 40.577668 ], [ -74.131545, 40.576908 ], [ -74.133167, 40.57641 ], [ -74.133307, 40.576367 ], [ -74.133381, 40.576357 ], [ -74.134897, 40.576167 ], [ -74.134591, 40.576285 ], [ -74.134338, 40.576355 ], [ -74.133963, 40.576376 ], [ -74.133646, 40.576479 ], [ -74.133257, 40.576664 ], [ -74.13306, 40.576805 ], [ -74.132996, 40.576849 ], [ -74.132334, 40.577089 ], [ -74.132189, 40.577191 ], [ -74.132068, 40.577202 ], [ -74.13196, 40.577179 ], [ -74.131859, 40.57714 ], [ -74.131809, 40.577096 ], [ -74.131694, 40.577058 ], [ -74.131527, 40.577084 ], [ -74.131267, 40.57733 ], [ -74.13056, 40.577663 ], [ -74.130041, 40.577792 ], [ -74.12976, 40.577906 ], [ -74.129637, 40.577994 ], [ -74.129479, 40.578152 ], [ -74.129362, 40.578394 ], [ -74.127115, 40.579179 ], [ -74.127492, 40.579788 ], [ -74.127218, 40.579916 ], [ -74.126916, 40.580073 ], [ -74.126651, 40.580225 ], [ -74.126387, 40.580391 ], [ -74.126141, 40.580561 ], [ -74.1262, 40.58116 ], [ -74.126394, 40.582513 ], [ -74.126528, 40.582492 ], [ -74.126677, 40.582482 ], [ -74.126838, 40.582484 ], [ -74.126997, 40.582502 ], [ -74.127141, 40.582529 ], [ -74.127823, 40.583088 ], [ -74.129141, 40.584165 ], [ -74.128937, 40.585014 ], [ -74.128981, 40.585362 ], [ -74.129102, 40.586291 ], [ -74.127782, 40.587449 ], [ -74.1278, 40.588319 ], [ -74.127821, 40.589437 ], [ -74.126385, 40.590725 ], [ -74.126285, 40.593455 ], [ -74.125789, 40.594267 ], [ -74.122643, 40.599419 ], [ -74.122294, 40.599687 ], [ -74.120772, 40.600672 ], [ -74.120554, 40.601023 ], [ -74.12057, 40.601236 ], [ -74.120596, 40.60181 ], [ -74.119576, 40.601817 ], [ -74.117838, 40.601858 ], [ -74.117824, 40.602546 ], [ -74.11787, 40.60323 ], [ -74.117918, 40.603913 ], [ -74.117971, 40.604591 ], [ -74.118024, 40.605281 ], [ -74.118075, 40.605937 ], [ -74.118141, 40.606616 ], [ -74.118212, 40.607359 ], [ -74.118264, 40.608075 ], [ -74.118345, 40.609144 ], [ -74.117426, 40.60929 ], [ -74.117881, 40.60998 ], [ -74.11735, 40.610062 ], [ -74.117276, 40.610059 ], [ -74.117051, 40.610061 ], [ -74.116848, 40.610076 ], [ -74.11667, 40.6101 ], [ -74.116686, 40.610208 ], [ -74.116764, 40.61087 ], [ -74.115944, 40.611011 ], [ -74.115014, 40.61108 ], [ -74.113767, 40.610997 ], [ -74.113623, 40.610988 ], [ -74.11343, 40.610975 ], [ -74.113262, 40.610951 ], [ -74.11305, 40.61092 ], [ -74.112872, 40.610882 ], [ -74.112691, 40.610847 ], [ -74.111541, 40.610566 ], [ -74.111277, 40.610486 ], [ -74.111136, 40.610436 ], [ -74.110535, 40.610254 ], [ -74.110359, 40.610218 ], [ -74.110239, 40.610198 ], [ -74.110132, 40.610187 ], [ -74.11004, 40.610179 ], [ -74.109917, 40.610167 ], [ -74.109751, 40.610157 ], [ -74.109317, 40.610111 ], [ -74.10871, 40.610075 ], [ -74.107948, 40.610048 ], [ -74.106706, 40.61012 ], [ -74.10668, 40.610127 ], [ -74.105349, 40.610215 ], [ -74.104142, 40.610254 ], [ -74.102148, 40.610318 ], [ -74.100027, 40.610415 ], [ -74.097658, 40.610503 ], [ -74.096878, 40.610501 ], [ -74.095964, 40.610477 ], [ -74.095279, 40.610441 ], [ -74.094473, 40.610329 ], [ -74.093888, 40.610206 ], [ -74.093259, 40.610032 ], [ -74.09249, 40.609773 ], [ -74.090568, 40.609002 ], [ -74.090801, 40.608779 ], [ -74.09096, 40.60863 ], [ -74.090613, 40.608406 ], [ -74.090176, 40.608125 ], [ -74.089443, 40.607691 ], [ -74.090805, 40.606278 ], [ -74.090916, 40.606162 ], [ -74.090699, 40.606041 ], [ -74.090404, 40.605876 ], [ -74.090312, 40.605824 ], [ -74.089524, 40.605384 ], [ -74.088832, 40.605016 ], [ -74.086144, 40.603583 ], [ -74.08587, 40.603848 ], [ -74.085653, 40.603739 ], [ -74.085206, 40.604087 ], [ -74.085133, 40.603964 ], [ -74.08497, 40.603686 ], [ -74.084234, 40.603979 ], [ -74.083809, 40.604155 ], [ -74.083554, 40.603799 ], [ -74.082685, 40.604883 ], [ -74.081762, 40.606031 ], [ -74.079967, 40.605961 ], [ -74.077902, 40.605593 ], [ -74.077474, 40.60555 ], [ -74.077183, 40.605522 ], [ -74.076683, 40.605473 ], [ -74.0766, 40.605946 ], [ -74.07659, 40.606005 ], [ -74.076571, 40.606255 ], [ -74.076554, 40.606372 ], [ -74.076497, 40.606784 ], [ -74.075396, 40.606596 ], [ -74.074489, 40.606398 ], [ -74.074241, 40.606328 ], [ -74.073381, 40.606089 ], [ -74.072804, 40.606664 ], [ -74.072198, 40.606994 ], [ -74.071601, 40.607314 ], [ -74.070979, 40.607626 ], [ -74.070801, 40.608153 ], [ -74.070593, 40.608261 ], [ -74.070675, 40.608494 ], [ -74.070551, 40.608337 ], [ -74.070029, 40.607732 ], [ -74.069467, 40.60798 ], [ -74.068464, 40.608469 ], [ -74.068241, 40.608296 ], [ -74.067931, 40.607947 ], [ -74.067162, 40.608283 ], [ -74.066956, 40.608383 ], [ -74.066676, 40.608495 ], [ -74.066785, 40.60864 ], [ -74.066464, 40.608799 ], [ -74.066484, 40.608827 ], [ -74.066537, 40.608904 ], [ -74.066766, 40.609272 ], [ -74.06645, 40.609423 ], [ -74.06589, 40.609677 ], [ -74.065426, 40.608991 ], [ -74.064757, 40.608009 ], [ -74.064454, 40.608129 ], [ -74.063821, 40.608456 ], [ -74.063283, 40.608778 ], [ -74.063027, 40.608967 ], [ -74.062853, 40.609104 ], [ -74.062649, 40.609358 ], [ -74.062556, 40.609237 ], [ -74.062102, 40.609421 ], [ -74.060904, 40.609908 ], [ -74.060481, 40.610081 ], [ -74.059774, 40.610382 ], [ -74.059502, 40.610501 ], [ -74.059105, 40.610647 ], [ -74.059155, 40.610716 ], [ -74.059178, 40.610758 ], [ -74.059178, 40.610795 ], [ -74.059164, 40.610861 ], [ -74.059117, 40.610903 ], [ -74.059075, 40.610917 ], [ -74.059028, 40.610945 ], [ -74.059, 40.610988 ], [ -74.059037, 40.611077 ], [ -74.059178, 40.611297 ], [ -74.059291, 40.611494 ], [ -74.05937, 40.611578 ], [ -74.059478, 40.611695 ], [ -74.059862, 40.611742 ], [ -74.059905, 40.611747 ], [ -74.059933, 40.611761 ], [ -74.059975, 40.61177 ], [ -74.059994, 40.61178 ], [ -74.060022, 40.611794 ], [ -74.060069, 40.611813 ], [ -74.060092, 40.611822 ], [ -74.060144, 40.611808 ], [ -74.060205, 40.611798 ], [ -74.060247, 40.611817 ], [ -74.060237, 40.611841 ], [ -74.060036, 40.611934 ], [ -74.060106, 40.612038 ], [ -74.060359, 40.611916 ], [ -74.060378, 40.611934 ], [ -74.06043, 40.611991 ], [ -74.0605, 40.612084 ], [ -74.060556, 40.612173 ], [ -74.060612, 40.612309 ], [ -74.060641, 40.612398 ], [ -74.060683, 40.612516 ], [ -74.060678, 40.612586 ], [ -74.060678, 40.612708 ], [ -74.060655, 40.612825 ], [ -74.060718, 40.613037 ], [ -74.060795, 40.613022 ], [ -74.061016, 40.613538 ], [ -74.061128, 40.613763 ], [ -74.061278, 40.614095 ], [ -74.061409, 40.614311 ], [ -74.061583, 40.614503 ], [ -74.061869, 40.614817 ], [ -74.062286, 40.615145 ], [ -74.062675, 40.615498 ], [ -74.062704, 40.615535 ], [ -74.06288, 40.615744 ], [ -74.062907, 40.615776 ], [ -74.063614, 40.616425 ], [ -74.062982, 40.616633 ], [ -74.062871, 40.616669 ], [ -74.052352, 40.620134 ], [ -74.052477, 40.620344 ], [ -74.053522, 40.622091 ], [ -74.053838, 40.622618 ], [ -74.055324, 40.625103 ], [ -74.05663, 40.627287 ], [ -74.056468, 40.631715 ], [ -74.056261, 40.637407 ], [ -74.056233, 40.638177 ], [ -74.056193, 40.639281 ], [ -74.038471, 40.635677 ], [ -74.03714, 40.638288 ], [ -74.036725, 40.639141 ], [ -74.036761, 40.639189 ], [ -74.036731, 40.639238 ], [ -74.036682, 40.639325 ], [ -74.03661, 40.639428 ], [ -74.036549, 40.639525 ], [ -74.036477, 40.63965 ], [ -74.036433, 40.639723 ], [ -74.036395, 40.639785 ], [ -74.036306, 40.639929 ], [ -74.036223, 40.640064 ], [ -74.036137, 40.640187 ], [ -74.036074, 40.640265 ], [ -74.03602, 40.64035 ], [ -74.035983, 40.640396 ], [ -74.035949, 40.640435 ], [ -74.035865, 40.640534 ], [ -74.035807, 40.640584 ], [ -74.035758, 40.64063 ], [ -74.035762, 40.640663 ], [ -74.035787, 40.640707 ], [ -74.035847, 40.640782 ], [ -74.035913, 40.640822 ], [ -74.035983, 40.640903 ], [ -74.036087, 40.640969 ], [ -74.036212, 40.641031 ], [ -74.036337, 40.64111 ], [ -74.036456, 40.641175 ], [ -74.036522, 40.64123 ], [ -74.03666, 40.641348 ], [ -74.036751, 40.641409 ], [ -74.036802, 40.641478 ], [ -74.036797, 40.641575 ], [ -74.036744, 40.641672 ], [ -74.036662, 40.641757 ], [ -74.036485, 40.641922 ], [ -74.03641, 40.642018 ], [ -74.036349, 40.642082 ], [ -74.036247, 40.642165 ], [ -74.036187, 40.6422 ], [ -74.03612, 40.642219 ], [ -74.034605, 40.643671 ], [ -74.034444, 40.643825 ], [ -74.034527, 40.643875 ], [ -74.034073, 40.644312 ], [ -74.033421, 40.643924 ], [ -74.033337, 40.643873 ], [ -74.032866, 40.643587 ], [ -74.032644, 40.6438 ], [ -74.032076, 40.643407 ], [ -74.030563, 40.642564 ], [ -74.02906, 40.641727 ], [ -74.028923, 40.641451 ], [ -74.029105, 40.641415 ], [ -74.029079, 40.641274 ], [ -74.028901, 40.641147 ], [ -74.028901, 40.641008 ], [ -74.029073, 40.640969 ], [ -74.028852, 40.640802 ], [ -74.029095, 40.640811 ], [ -74.030322, 40.639647 ], [ -74.030606, 40.638963 ], [ -74.030891, 40.638279 ], [ -74.030165, 40.638052 ], [ -74.028279, 40.637468 ], [ -74.027884, 40.637345 ], [ -74.027353, 40.63718 ], [ -74.025666, 40.636667 ], [ -74.025746, 40.636465 ], [ -74.023235, 40.635318 ], [ -74.020722, 40.634169 ], [ -74.019263, 40.633494 ], [ -74.018245, 40.633034 ], [ -74.01796, 40.633728 ], [ -74.017811, 40.634099 ], [ -74.017505, 40.634748 ], [ -74.016977, 40.635235 ], [ -74.016559, 40.634636 ], [ -74.016395, 40.634183 ], [ -74.016331, 40.633699 ], [ -74.01638, 40.633153 ], [ -74.016491, 40.632819 ], [ -74.016684, 40.632321 ], [ -74.016956, 40.631622 ], [ -74.017078, 40.631508 ], [ -74.017261, 40.631337 ], [ -74.017385, 40.631223 ], [ -74.017724, 40.63091 ], [ -74.017336, 40.630729 ], [ -74.017559, 40.630131 ], [ -74.017809, 40.629381 ], [ -74.017852, 40.62925 ], [ -74.017892, 40.629128 ], [ -74.01806, 40.628619 ], [ -74.019155, 40.629276 ], [ -74.01966, 40.629576 ], [ -74.019829, 40.629168 ], [ -74.022296, 40.630323 ], [ -74.024792, 40.631506 ], [ -74.027508, 40.632154 ], [ -74.030191, 40.632791 ], [ -74.030473, 40.632099 ], [ -74.030764, 40.631392 ], [ -74.031061, 40.630661 ], [ -74.03136, 40.629931 ], [ -74.031658, 40.629199 ], [ -74.031957, 40.628471 ], [ -74.03464, 40.629106 ], [ -74.034938, 40.628375 ], [ -74.035235, 40.627645 ], [ -74.035515, 40.626962 ], [ -74.035789, 40.626285 ], [ -74.036071, 40.625599 ], [ -74.036426, 40.624734 ], [ -74.036726, 40.624 ], [ -74.037004, 40.623319 ], [ -74.037282, 40.622638 ], [ -74.03784, 40.621275 ], [ -74.039533, 40.621671 ], [ -74.039556, 40.621666 ], [ -74.039691, 40.621642 ], [ -74.039879, 40.621623 ], [ -74.040062, 40.621621 ], [ -74.040211, 40.621631 ], [ -74.040475, 40.62079 ], [ -74.040503, 40.620606 ], [ -74.040509, 40.620443 ], [ -74.040502, 40.620279 ], [ -74.040476, 40.620107 ], [ -74.04043, 40.619928 ], [ -74.040368, 40.619761 ], [ -74.040294, 40.619606 ], [ -74.040182, 40.619419 ], [ -74.040049, 40.619244 ], [ -74.039966, 40.61915 ], [ -74.039575, 40.618501 ], [ -74.039183, 40.617856 ], [ -74.038768, 40.617181 ], [ -74.038364, 40.616513 ], [ -74.037975, 40.615859 ], [ -74.037665, 40.615181 ], [ -74.037352, 40.614466 ], [ -74.037068, 40.613819 ], [ -74.036094, 40.612558 ], [ -74.034871, 40.611366 ], [ -74.034879, 40.611279 ], [ -74.03495, 40.611185 ], [ -74.035013, 40.610999 ], [ -74.03506, 40.610811 ], [ -74.035091, 40.610621 ], [ -74.035091, 40.610451 ], [ -74.035081, 40.610301 ], [ -74.035049, 40.610143 ], [ -74.034997, 40.609981 ], [ -74.035022, 40.609693 ], [ -74.035053, 40.609544 ], [ -74.035734, 40.60939 ], [ -74.03604, 40.609296 ], [ -74.036075, 40.609279 ], [ -74.04149, 40.607511 ], [ -74.043479, 40.60679 ], [ -74.043741, 40.606691 ], [ -74.043722, 40.606662 ], [ -74.042036, 40.604088 ], [ -74.041393, 40.603106 ], [ -74.037877, 40.589201 ], [ -74.034547, 40.57625 ], [ -74.035047, 40.57285 ], [ -74.035053, 40.572747 ], [ -74.035153, 40.571003 ], [ -74.035978, 40.556563 ], [ -74.036209, 40.552524 ], [ -74.036216, 40.5524 ], [ -74.036285, 40.551185 ], [ -74.036293, 40.551042 ], [ -74.036297, 40.550969 ], [ -74.036298, 40.550948 ], [ -74.0363, 40.550905 ], [ -74.036549, 40.549209 ], [ -74.036551, 40.549194 ], [ -74.03667, 40.548384 ], [ -74.036672, 40.54837 ], [ -74.037494, 40.54279 ], [ -74.038131, 40.538294 ], [ -74.042279, 40.508085 ], [ -74.04378, 40.507828 ], [ -74.056729, 40.505599 ], [ -74.069721, 40.503369 ], [ -74.083243, 40.501037 ], [ -74.08562, 40.500627 ], [ -74.091264, 40.499663 ], [ -74.091912, 40.499543 ], [ -74.092728, 40.499406 ], [ -74.094682, 40.499067 ], [ -74.098035, 40.498489 ], [ -74.133515, 40.525982 ], [ -74.133715, 40.526137 ], [ -74.135375, 40.527424 ], [ -74.143334, 40.533592 ], [ -74.142584, 40.534326 ], [ -74.146095, 40.535519 ], [ -74.147127, 40.535233 ], [ -74.147933, 40.5349 ], [ -74.14855, 40.534616 ], [ -74.149226, 40.534245 ], [ -74.14935, 40.534312 ], [ -74.149916, 40.534638 ], [ -74.149808, 40.534728 ], [ -74.14966, 40.534833 ], [ -74.149484, 40.534939 ], [ -74.149298, 40.535032 ], [ -74.151585, 40.536351 ], [ -74.151409, 40.536503 ], [ -74.152279, 40.53702 ], [ -74.153529, 40.53772 ], [ -74.154724, 40.538404 ], [ -74.155552, 40.539247 ], [ -74.156693, 40.540394 ], [ -74.15795, 40.541667 ], [ -74.158661, 40.541246 ], [ -74.160195, 40.54281 ], [ -74.160952, 40.542424 ], [ -74.162391, 40.543911 ], [ -74.163445, 40.543769 ], [ -74.164231, 40.543301 ], [ -74.164788, 40.543802 ], [ -74.165296, 40.544273 ], [ -74.165401, 40.544433 ], [ -74.165489, 40.544652 ], [ -74.165743, 40.545398 ] ] ] } },
{ "type": "Feature", "properties": { "STATEFP": "36", "SLDLST": "065", "GEOID": "36065", "GEOIDFQ": "620L800US36065", "NAMELSAD": "Assembly District 65", "LSAD": "L3", "LSY": "2022", "MTFCC": "G5220", "FUNCSTAT": "N", "ALAND": 3827324, "AWATER": 1254607, "INTPTLAT": "+40.7129212", "INTPTLON": "-073.9911847", "ad_num": 65, "AssemDist": 65 }, "geometry": { "type": "Polygon", "coordinates": [ [ [ -74.011873, 40.706552 ], [ -74.01119, 40.706278 ], [ -74.010676, 40.707116 ], [ -74.010201, 40.707694 ], [ -74.009829, 40.708117 ], [ -74.009371, 40.708614 ], [ -74.008893, 40.709044 ], [ -74.008418, 40.70953 ], [ -74.007745, 40.710221 ], [ -74.007376, 40.710579 ], [ -74.006478, 40.711231 ], [ -74.006768, 40.711502 ], [ -74.006952, 40.711687 ], [ -74.007018, 40.711784 ], [ -74.00609, 40.712003 ], [ -74.006061, 40.7119 ], [ -74.005831, 40.711655 ], [ -74.005467, 40.711321 ], [ -74.005048, 40.710936 ], [ -74.004253, 40.710166 ], [ -74.004147, 40.710251 ], [ -74.003822, 40.710592 ], [ -74.003754, 40.710706 ], [ -74.003658, 40.710913 ], [ -74.003642, 40.710974 ], [ -74.003615, 40.711008 ], [ -74.003591, 40.711037 ], [ -74.003467, 40.711192 ], [ -74.00341, 40.711235 ], [ -74.003364, 40.711269 ], [ -74.003311, 40.711315 ], [ -74.003537, 40.711495 ], [ -74.00363, 40.711575 ], [ -74.003731, 40.711657 ], [ -74.003971, 40.711822 ], [ -74.00401, 40.711853 ], [ -74.004106, 40.711928 ], [ -74.004229, 40.712025 ], [ -74.004858, 40.712453 ], [ -74.004291, 40.712908 ], [ -74.004059, 40.713135 ], [ -74.003603, 40.713646 ], [ -74.003404, 40.714151 ], [ -74.003181, 40.714707 ], [ -74.00303, 40.715585 ], [ -74.002808, 40.715886 ], [ -74.002558, 40.716181 ], [ -74.003304, 40.716518 ], [ -74.004026, 40.716871 ], [ -74.003533, 40.717449 ], [ -74.003046, 40.718026 ], [ -74.002538, 40.718627 ], [ -74.002091, 40.719153 ], [ -74.001884, 40.719398 ], [ -74.001425, 40.719938 ], [ -74.000622, 40.719552 ], [ -73.999868, 40.720433 ], [ -73.999031, 40.721421 ], [ -73.998196, 40.721063 ], [ -73.997655, 40.720836 ], [ -73.997574, 40.721029 ], [ -73.997481, 40.721251 ], [ -73.997399, 40.721449 ], [ -73.997123, 40.722301 ], [ -73.996268, 40.721952 ], [ -73.995705, 40.723366 ], [ -73.995351, 40.724072 ], [ -73.994908, 40.724951 ], [ -73.99418, 40.724693 ], [ -73.993458, 40.724433 ], [ -73.992604, 40.724136 ], [ -73.991256, 40.723723 ], [ -73.991022, 40.723649 ], [ -73.990274, 40.723426 ], [ -73.989392, 40.723174 ], [ -73.988643, 40.722933 ], [ -73.988451, 40.723277 ], [ -73.987968, 40.723942 ], [ -73.985752, 40.723009 ], [ -73.985286, 40.723649 ], [ -73.984837, 40.724269 ], [ -73.984403, 40.724863 ], [ -73.984043, 40.724711 ], [ -73.982083, 40.723882 ], [ -73.982524, 40.723278 ], [ -73.980168, 40.722283 ], [ -73.979726, 40.72289 ], [ -73.977346, 40.721885 ], [ -73.976893, 40.722498 ], [ -73.97616, 40.722187 ], [ -73.975533, 40.721922 ], [ -73.974763, 40.721596 ], [ -73.974869, 40.720832 ], [ -73.97488, 40.720744 ], [ -73.974901, 40.720562 ], [ -73.974928, 40.720328 ], [ -73.974959, 40.720053 ], [ -73.974995, 40.719784 ], [ -73.975326, 40.719532 ], [ -73.975867, 40.719752 ], [ -73.976456, 40.719929 ], [ -73.976514, 40.71995 ], [ -73.976559, 40.719967 ], [ -73.977304, 40.720273 ], [ -73.977446, 40.720332 ], [ -73.977481, 40.720346 ], [ -73.977982, 40.719701 ], [ -73.978034, 40.71964 ], [ -73.978753, 40.719934 ], [ -73.979039, 40.719387 ], [ -73.979071, 40.719325 ], [ -73.979416, 40.718666 ], [ -73.979486, 40.718528 ], [ -73.979965, 40.71759 ], [ -73.979992, 40.71754 ], [ -73.980202, 40.717149 ], [ -73.98023, 40.717096 ], [ -73.980577, 40.716455 ], [ -73.98067, 40.716304 ], [ -73.98037, 40.716212 ], [ -73.980268, 40.716181 ], [ -73.97984, 40.716049 ], [ -73.979739, 40.716019 ], [ -73.979624, 40.715986 ], [ -73.979214, 40.715864 ], [ -73.978992, 40.715798 ], [ -73.978516, 40.715652 ], [ -73.978444, 40.71563 ], [ -73.978376, 40.715609 ], [ -73.978274, 40.71558 ], [ -73.978153, 40.715545 ], [ -73.977977, 40.715495 ], [ -73.977339, 40.715292 ], [ -73.976587, 40.715047 ], [ -73.976614, 40.714995 ], [ -73.976554, 40.714978 ], [ -73.976454, 40.714949 ], [ -73.9764, 40.714931 ], [ -73.976344, 40.714917 ], [ -73.976318, 40.714967 ], [ -73.976101, 40.715403 ], [ -73.975595, 40.716369 ], [ -73.975083, 40.717722 ], [ -73.974874, 40.718779 ], [ -73.974742, 40.718841 ], [ -73.973635, 40.718612 ], [ -73.974402, 40.716701 ], [ -73.975208, 40.71463 ], [ -73.975227, 40.714582 ], [ -73.975233, 40.714568 ], [ -73.975286, 40.714442 ], [ -73.975298, 40.714412 ], [ -73.975305, 40.714396 ], [ -73.97534, 40.714313 ], [ -73.975933, 40.712907 ], [ -73.972789, 40.709378 ], [ -73.97306, 40.709179 ], [ -73.973243, 40.709044 ], [ -73.974264, 40.708298 ], [ -73.974431, 40.708169 ], [ -73.974554, 40.708079 ], [ -73.97482, 40.707883 ], [ -73.97502, 40.707736 ], [ -73.975476, 40.707492 ], [ -73.979069, 40.705963 ], [ -73.979233, 40.705769 ], [ -73.979479, 40.705825 ], [ -73.980332, 40.705846 ], [ -73.980907, 40.705907 ], [ -73.980987, 40.705374 ], [ -73.981856, 40.70549 ], [ -73.982033, 40.705515 ], [ -73.98221, 40.70554 ], [ -73.982329, 40.705552 ], [ -73.982449, 40.705547 ], [ -73.982455, 40.705509 ], [ -73.982572, 40.705518 ], [ -73.982748, 40.705532 ], [ -73.982741, 40.705576 ], [ -73.982825, 40.705558 ], [ -73.98308, 40.705519 ], [ -73.98308, 40.70548 ], [ -73.983227, 40.705482 ], [ -73.983351, 40.705451 ], [ -73.983398, 40.705467 ], [ -73.983426, 40.705577 ], [ -73.983442, 40.705645 ], [ -73.984189, 40.705582 ], [ -73.985852, 40.705415 ], [ -73.986434, 40.705349 ], [ -73.986429, 40.705083 ], [ -73.98653, 40.704979 ], [ -73.986623, 40.704979 ], [ -73.986641, 40.705018 ], [ -73.98669, 40.705075 ], [ -73.986762, 40.705118 ], [ -73.986866, 40.705161 ], [ -73.987271, 40.705181 ], [ -73.987449, 40.705166 ], [ -73.987577, 40.705158 ], [ -73.987957, 40.705134 ], [ -73.989224, 40.705137 ], [ -73.989381, 40.705137 ], [ -73.989424, 40.705137 ], [ -73.989495, 40.705145 ], [ -73.989608, 40.705158 ], [ -73.989861, 40.705175 ], [ -73.990549, 40.705144 ], [ -73.990696, 40.705131 ], [ -73.990882, 40.705124 ], [ -73.99148, 40.705625 ], [ -73.992722, 40.705544 ], [ -73.993853, 40.704829 ], [ -73.993713, 40.70452 ], [ -73.993693, 40.704476 ], [ -73.993775, 40.704449 ], [ -73.993807, 40.70454 ], [ -73.993861, 40.704556 ], [ -73.994341, 40.704429 ], [ -73.994498, 40.704318 ], [ -73.994565, 40.704265 ], [ -73.994618, 40.704226 ], [ -73.994797, 40.704096 ], [ -73.994714, 40.703997 ], [ -73.994816, 40.703906 ], [ -73.994881, 40.703813 ], [ -73.994882, 40.703788 ], [ -73.994992, 40.703654 ], [ -73.994858, 40.703566 ], [ -73.994663, 40.703431 ], [ -73.994806, 40.703296 ], [ -73.995069, 40.703102 ], [ -73.995138, 40.70298 ], [ -73.996698, 40.700877 ], [ -73.998137, 40.701525 ], [ -74.003627, 40.7033 ], [ -74.004206, 40.704283 ], [ -74.004552, 40.704838 ], [ -74.004338, 40.704965 ], [ -74.00456, 40.705105 ], [ -74.004633, 40.705159 ], [ -74.004749, 40.705232 ], [ -74.005194, 40.704945 ], [ -74.005417, 40.704803 ], [ -74.006293, 40.704234 ], [ -74.0069, 40.704824 ], [ -74.007671, 40.704285 ], [ -74.008126, 40.704672 ], [ -74.008789, 40.704211 ], [ -74.008986, 40.704079 ], [ -74.009103, 40.704193 ], [ -74.009462, 40.704545 ], [ -74.009747, 40.704775 ], [ -74.009984, 40.705148 ], [ -74.010612, 40.705099 ], [ -74.010796, 40.705085 ], [ -74.011472, 40.705033 ], [ -74.011549, 40.704951 ], [ -74.012629, 40.705003 ], [ -74.011873, 40.706552 ] ] ] } },
{ "type": "Feature", "properties": { "STATEFP": "36", "SLDLST": "066", "GEOID": "36066", "GEOIDFQ": "620L800US36066", "NAMELSAD": "Assembly District 66", "LSAD": "L3", "LSY": "2022", "MTFCC": "G5220", "FUNCSTAT": "N", "ALAND": 5140221, "AWATER": 1907881, "INTPTLAT": "+40.7290501", "INTPTLON": "-074.0061461", "ad_num": 66, "AssemDist": 66 }, "geometry": { "type": "Polygon", "coordinates": [ [ [ -74.023019, 40.720611 ], [ -74.022699, 40.721923 ], [ -74.022289, 40.72361 ], [ -74.022003, 40.724783 ], [ -74.02189, 40.725251 ], [ -74.021862, 40.725363 ], [ -74.021832, 40.725487 ], [ -74.021352, 40.727462 ], [ -74.021332, 40.727543 ], [ -74.021311, 40.727624 ], [ -74.02102, 40.72883 ], [ -74.021, 40.728905 ], [ -74.020968, 40.729037 ], [ -74.020639, 40.730391 ], [ -74.020387, 40.731425 ], [ -74.020062, 40.732759 ], [ -74.019607, 40.73463 ], [ -74.019427, 40.735369 ], [ -74.019321, 40.735807 ], [ -74.019184, 40.736366 ], [ -74.018399, 40.739594 ], [ -74.018136, 40.740667 ], [ -74.017887, 40.741696 ], [ -74.017398, 40.743706 ], [ -74.017344, 40.743929 ], [ -74.017283, 40.74418 ], [ -74.009331, 40.742572 ], [ -74.008893, 40.742384 ], [ -74.008699, 40.742362 ], [ -74.008517, 40.743174 ], [ -74.008372, 40.743969 ], [ -74.008259, 40.744674 ], [ -74.006811, 40.744061 ], [ -74.007238, 40.74347 ], [ -74.004416, 40.742284 ], [ -74.001555, 40.74108 ], [ -74.001118, 40.740896 ], [ -73.998713, 40.739881 ], [ -73.995874, 40.738686 ], [ -73.992654, 40.73733 ], [ -73.990752, 40.736531 ], [ -73.990331, 40.737132 ], [ -73.989016, 40.73656 ], [ -73.989455, 40.735987 ], [ -73.989916, 40.735349 ], [ -73.989947, 40.735314 ], [ -73.990021, 40.735232 ], [ -73.990232, 40.73508 ], [ -73.990585, 40.734917 ], [ -73.990754, 40.734839 ], [ -73.989903, 40.734435 ], [ -73.98888, 40.73401 ], [ -73.988843, 40.733994 ], [ -73.988779, 40.733966 ], [ -73.988402, 40.733807 ], [ -73.987616, 40.733476 ], [ -73.987578, 40.73346 ], [ -73.98718, 40.733292 ], [ -73.986813, 40.733137 ], [ -73.986104, 40.732837 ], [ -73.984941, 40.732347 ], [ -73.982564, 40.731361 ], [ -73.983077, 40.730659 ], [ -73.983543, 40.730021 ], [ -73.984009, 40.729381 ], [ -73.984448, 40.728781 ], [ -73.984875, 40.728194 ], [ -73.985307, 40.727599 ], [ -73.985753, 40.726988 ], [ -73.986176, 40.726409 ], [ -73.986623, 40.725796 ], [ -73.987053, 40.725203 ], [ -73.987502, 40.724584 ], [ -73.987968, 40.723942 ], [ -73.988451, 40.723277 ], [ -73.988643, 40.722933 ], [ -73.989392, 40.723174 ], [ -73.990274, 40.723426 ], [ -73.991022, 40.723649 ], [ -73.991256, 40.723723 ], [ -73.992604, 40.724136 ], [ -73.993458, 40.724433 ], [ -73.99418, 40.724693 ], [ -73.994908, 40.724951 ], [ -73.995351, 40.724072 ], [ -73.995705, 40.723366 ], [ -73.996268, 40.721952 ], [ -73.997123, 40.722301 ], [ -73.997399, 40.721449 ], [ -73.997481, 40.721251 ], [ -73.997574, 40.721029 ], [ -73.997655, 40.720836 ], [ -73.998196, 40.721063 ], [ -73.999031, 40.721421 ], [ -73.999868, 40.720433 ], [ -74.000622, 40.719552 ], [ -74.001425, 40.719938 ], [ -74.001884, 40.719398 ], [ -74.002091, 40.719153 ], [ -74.002538, 40.718627 ], [ -74.003046, 40.718026 ], [ -74.003533, 40.717449 ], [ -74.004026, 40.716871 ], [ -74.003304, 40.716518 ], [ -74.002558, 40.716181 ], [ -74.002808, 40.715886 ], [ -74.00303, 40.715585 ], [ -74.003181, 40.714707 ], [ -74.003404, 40.714151 ], [ -74.003603, 40.713646 ], [ -74.004059, 40.713135 ], [ -74.004291, 40.712908 ], [ -74.004858, 40.712453 ], [ -74.004229, 40.712025 ], [ -74.004106, 40.711928 ], [ -74.00401, 40.711853 ], [ -74.003971, 40.711822 ], [ -74.003731, 40.711657 ], [ -74.00363, 40.711575 ], [ -74.003537, 40.711495 ], [ -74.003311, 40.711315 ], [ -74.003364, 40.711269 ], [ -74.00341, 40.711235 ], [ -74.003467, 40.711192 ], [ -74.003591, 40.711037 ], [ -74.003615, 40.711008 ], [ -74.003642, 40.710974 ], [ -74.003658, 40.710913 ], [ -74.003754, 40.710706 ], [ -74.003822, 40.710592 ], [ -74.004147, 40.710251 ], [ -74.004253, 40.710166 ], [ -74.005048, 40.710936 ], [ -74.005467, 40.711321 ], [ -74.005831, 40.711655 ], [ -74.006061, 40.7119 ], [ -74.00609, 40.712003 ], [ -74.007018, 40.711784 ], [ -74.006952, 40.711687 ], [ -74.007371, 40.711589 ], [ -74.007467, 40.711566 ], [ -74.007968, 40.711447 ], [ -74.008348, 40.711359 ], [ -74.008601, 40.711392 ], [ -74.009063, 40.710887 ], [ -74.010465, 40.711535 ], [ -74.010122, 40.712085 ], [ -74.011663, 40.712798 ], [ -74.012553, 40.713147 ], [ -74.0137, 40.713668 ], [ -74.013382, 40.714408 ], [ -74.013232, 40.715061 ], [ -74.013195, 40.715203 ], [ -74.013102, 40.715619 ], [ -74.013025, 40.715952 ], [ -74.012921, 40.716398 ], [ -74.012731, 40.717114 ], [ -74.012688, 40.717298 ], [ -74.012292, 40.719039 ], [ -74.012555, 40.71907 ], [ -74.013046, 40.719086 ], [ -74.016864, 40.719611 ], [ -74.023066, 40.720414 ], [ -74.023019, 40.720611 ] ] ] } },
{ "type": "Feature", "properties": { "STATEFP": "36", "SLDLST": "067", "GEOID": "36067", "GEOIDFQ": "620L800US36067", "NAMELSAD": "Assembly District 67", "LSAD": "L3", "LSY": "2022", "MTFCC": "G5220", "FUNCSTAT": "N", "ALAND": 3933468, "AWATER": 2054102, "INTPTLAT": "+40.7776767", "INTPTLON": "-073.9869656", "ad_num": 67, "AssemDist": 67 }, "geometry": { "type": "Polygon", "coordinates": [ [ [ -74.006169, 40.768315 ], [ -74.005371, 40.769408 ], [ -74.004653, 40.770391 ], [ -74.004086, 40.771168 ], [ -74.003421, 40.772078 ], [ -74.002953, 40.772719 ], [ -74.002302, 40.77361 ], [ -74.001618, 40.774548 ], [ -74.000912, 40.775514 ], [ -74.000447, 40.776152 ], [ -73.999637, 40.77726 ], [ -73.99864, 40.778625 ], [ -73.997807, 40.779767 ], [ -73.997408, 40.780313 ], [ -73.995868, 40.782423 ], [ -73.995769, 40.782558 ], [ -73.994845, 40.783823 ], [ -73.993939, 40.785063 ], [ -73.992998, 40.786353 ], [ -73.99169, 40.788143 ], [ -73.991372, 40.788579 ], [ -73.990009, 40.790445 ], [ -73.98815, 40.792991 ], [ -73.981932, 40.790548 ], [ -73.981766, 40.790455 ], [ -73.981595, 40.790384 ], [ -73.980357, 40.789941 ], [ -73.979862, 40.790614 ], [ -73.979395, 40.791245 ], [ -73.9793, 40.791352 ], [ -73.97919, 40.791453 ], [ -73.979068, 40.791546 ], [ -73.9789, 40.791648 ], [ -73.978755, 40.791718 ], [ -73.97867, 40.791752 ], [ -73.977691, 40.792164 ], [ -73.975989, 40.791438 ], [ -73.975531, 40.792069 ], [ -73.975367, 40.792293 ], [ -73.975075, 40.792696 ], [ -73.974616, 40.793325 ], [ -73.973195, 40.792725 ], [ -73.971773, 40.792127 ], [ -73.972233, 40.791498 ], [ -73.972593, 40.791002 ], [ -73.97269, 40.79087 ], [ -73.973147, 40.790244 ], [ -73.973607, 40.789615 ], [ -73.974064, 40.788989 ], [ -73.974522, 40.78836 ], [ -73.975016, 40.787687 ], [ -73.975284, 40.787319 ], [ -73.975513, 40.787003 ], [ -73.975976, 40.786369 ], [ -73.976439, 40.785735 ], [ -73.978065, 40.786423 ], [ -73.978534, 40.785787 ], [ -73.979006, 40.785157 ], [ -73.979476, 40.784526 ], [ -73.977827, 40.783831 ], [ -73.974985, 40.78263 ], [ -73.97454, 40.783242 ], [ -73.971724, 40.782021 ], [ -73.971539, 40.781868 ], [ -73.971474, 40.781738 ], [ -73.971441, 40.78164 ], [ -73.971474, 40.781489 ], [ -73.971582, 40.781142 ], [ -73.971636, 40.780947 ], [ -73.971626, 40.780784 ], [ -73.971593, 40.780567 ], [ -73.971528, 40.780383 ], [ -73.971387, 40.78021 ], [ -73.971029, 40.779945 ], [ -73.970738, 40.779816 ], [ -73.969593, 40.779344 ], [ -73.968209, 40.778724 ], [ -73.967348, 40.778376 ], [ -73.966464, 40.778186 ], [ -73.965703, 40.778057 ], [ -73.965171, 40.777902 ], [ -73.964784, 40.77765 ], [ -73.964416, 40.77735 ], [ -73.963729, 40.776994 ], [ -73.964228, 40.77631 ], [ -73.964687, 40.775677 ], [ -73.965148, 40.775045 ], [ -73.96561, 40.774407 ], [ -73.966074, 40.773773 ], [ -73.966537, 40.77314 ], [ -73.967039, 40.772461 ], [ -73.967707, 40.772702 ], [ -73.968058, 40.772778 ], [ -73.968494, 40.772788 ], [ -73.968764, 40.772715 ], [ -73.96874, 40.772854 ], [ -73.968797, 40.773072 ], [ -73.969017, 40.773376 ], [ -73.969406, 40.773423 ], [ -73.970124, 40.77348 ], [ -73.970502, 40.773556 ], [ -73.971261, 40.773736 ], [ -73.971868, 40.773802 ], [ -73.972355, 40.773781 ], [ -73.972911, 40.773774 ], [ -73.973205, 40.773821 ], [ -73.973404, 40.773906 ], [ -73.973536, 40.774039 ], [ -73.973701, 40.774281 ], [ -73.973868, 40.774494 ], [ -73.974124, 40.774655 ], [ -73.974427, 40.774743 ], [ -73.974853, 40.774736 ], [ -73.975158, 40.774688 ], [ -73.975354, 40.774607 ], [ -73.975558, 40.775189 ], [ -73.975585, 40.775339 ], [ -73.975569, 40.775465 ], [ -73.975491, 40.775707 ], [ -73.975429, 40.775862 ], [ -73.975438, 40.775929 ], [ -73.975487, 40.775991 ], [ -73.975573, 40.776063 ], [ -73.975955, 40.77622 ], [ -73.976458, 40.775533 ], [ -73.976912, 40.774909 ], [ -73.979746, 40.776106 ], [ -73.980203, 40.775479 ], [ -73.98066, 40.774852 ], [ -73.981114, 40.774227 ], [ -73.981573, 40.773602 ], [ -73.982072, 40.772989 ], [ -73.982195, 40.772864 ], [ -73.98259, 40.772345 ], [ -73.982182, 40.772212 ], [ -73.982159, 40.771394 ], [ -73.983033, 40.771762 ], [ -73.983468, 40.771136 ], [ -73.983855, 40.77048 ], [ -73.984315, 40.769848 ], [ -73.984769, 40.769218 ], [ -73.985218, 40.768595 ], [ -73.985716, 40.767918 ], [ -73.986, 40.767523 ], [ -73.986204, 40.767243 ], [ -73.986659, 40.766616 ], [ -73.986932, 40.766244 ], [ -73.987122, 40.765989 ], [ -73.987576, 40.765364 ], [ -73.984734, 40.76417 ], [ -73.982818, 40.763365 ], [ -73.983215, 40.762707 ], [ -73.983628, 40.762065 ], [ -73.985647, 40.762915 ], [ -73.987255, 40.76359 ], [ -73.988491, 40.76411 ], [ -73.991333, 40.76531 ], [ -73.991788, 40.764684 ], [ -73.992244, 40.764057 ], [ -73.992701, 40.763431 ], [ -73.993156, 40.762806 ], [ -73.993609, 40.762184 ], [ -73.99407, 40.761552 ], [ -73.994526, 40.760927 ], [ -73.995202, 40.76121 ], [ -73.995266, 40.761237 ], [ -73.995694, 40.760601 ], [ -73.996232, 40.759946 ], [ -73.998315, 40.760823 ], [ -73.998794, 40.760153 ], [ -73.999795, 40.760576 ], [ -74.001622, 40.761347 ], [ -74.001537, 40.761487 ], [ -74.001435, 40.76162 ], [ -74.001316, 40.761746 ], [ -74.001183, 40.761863 ], [ -74.001036, 40.761968 ], [ -74.001151, 40.762026 ], [ -74.001278, 40.762076 ], [ -74.001716, 40.762208 ], [ -74.001492, 40.762553 ], [ -74.003767, 40.763564 ], [ -74.003568, 40.763799 ], [ -74.001347, 40.762903 ], [ -74.001031, 40.763348 ], [ -74.003144, 40.764377 ], [ -74.002864, 40.764693 ], [ -73.999893, 40.76342 ], [ -73.99965, 40.763537 ], [ -73.99918, 40.764142 ], [ -74.002304, 40.765496 ], [ -74.00206, 40.765912 ], [ -74.002674, 40.766161 ], [ -74.006583, 40.767748 ], [ -74.006169, 40.768315 ] ] ] } }
]
}
